# Footwear Files fixture (mm, Z up)
o foot
v -12.10976 29.89024 1.89024
v -12 29.85251 1.85251
v -12 29.38822 2
v -12 30 1.81907
v -12.12982 30 1.87018
v -12.35137 30 2
v -12.2256 29.7744 2
v -5.14249 28.85751 0.85751
v -4 28.67391 0.67391
v -4 22.1827 2
v -4 30 0.48061
v -5.3624 30 0.6376
v -7.38767 26.61233 2
v 2.67391 28.67391 0.67391
v 4 28.67391 0.67391
v 4 22.1827 2
v 4 30 0.48061
v 2.48061 30 0.48061
v -3.81729 22.1827 2
v 11.82472 29.82472 1.82472
v 12 29.85251 1.85251
v 12 29.38822 2
v 12 30 1.81896
v 11.79399 30 1.79399
v 5.3737 23.3737 2
v 12.35327 30 2
v -12 37.13443 1.13444
v -12.63679 37.36322 1.36321
v -12 38 1.07425
v -12.69179 38 1.30821
v -13.95496 38 2
v -13.55282 36.44719 2
v -4 36.20827 0.20827
v -5.61361 36.38639 0.38639
v -4 38 0.14734
v -5.71332 38 0.28668
v 4 36.20827 0.20827
v 2.20827 36.20827 0.20827
v 4 38 0.14607
v 2.14734 38 0.14734
v 12 37.11523 1.11523
v 11.00555 37.00555 1.00555
v 12 38 1.04638
v 10.96642 38 0.96642
v 14.14068 38 2
v 12.50956 30.50956 2
v -12 45.20272 1.20273
v -12.59306 45.40694 1.40694
v -12 46 1.20465
v -12.59614 46 1.40386
v -13.6788 46 2
v -13.71835 44.28165 2
v -4 44.19788 0.19789
v -5.66554 44.33446 0.33446
v -4 46 0.20072
v -5.66201 46 0.33799
v 4 44.18099 0.18099
v 2.18225 44.18225 0.18225
v 4 46 0.18047
v 2.1851 46 0.1851
v 12 45.01746 1.01747
v 10.93544 44.93544 0.93544
v 12 46 1.00706
v 10.9351 46 0.9351
v 14.45677 46 2
v 14.3993 40.3993 2
v -12 53.94946 1.94946
v -12.03693 53.96307 1.96307
v -12 54 1.95232
v -12.03483 54 1.96517
v -12.09602 54 2
v -12.12052 53.87947 2
v -4 52.52172 0.52172
v -5.36013 52.63987 0.63987
v -4 54 0.56313
v -5.29523 54 0.70477
v 4 52.44314 0.44314
v 2.44726 52.44727 0.44726
v 4 54 0.47842
v 2.49028 54 0.49028
v 12 53.39317 1.39317
v 11.34658 53.34658 1.34658
v 12 54 1.4117
v 11.36341 54 1.36341
v 13.53676 54 2
v 14.32822 48.32822 2
v -12 54.29373 2
v -4 61.31618 1.31618
v -4.60952 61.39048 1.39048
v -4 62 1.36181
v -4.55457 62 1.44543
v -6.75158 62 2
v 4 61.07497 1.07497
v 3.08284 61.08284 1.08284
v 4 62 1.12534
v 3.14222 62 1.14222
v 12 60.59279 2
v 11.01056 62 2
v 11.41725 61.41724 2
v 13.364 55.364 2
v -4 66.97865 2
v 4 69.91315 1.91315
v 3.915 69.915 1.915
v 4 70 1.91977
v 3.92273 70 1.92273
v 2.64382 70 2
v 4.75127 70 2
v 8.29478 66.29478 2
v 4 71.68581 2
v 4.68009 70.68009 2
v 3.86848 85.86848 1.86848
v 4 85.86124 1.86125
v 4 83.3615 2
v 4 86 1.8605
v 3.86955 86 1.86955
v 2.53154 86 2
v 2.96503 84.96503 2
v 8.3872 86 2
v -4.1507 93.8493 1.8493
v -4 93.8202 1.8202
v -4 92.09832 2
v -4 94 1.80832
v -4.16011 94 1.83989
v -4.62232 94 2
v -4.52162 93.47838 2
v 4 93.23592 1.23592
v 3.2818 93.2818 1.2818
v 4 94 1.18855
v 3.23783 94 1.23783
v -0.57785 89.42215 2
v 11.40415 93.40415 1.40415
v 12 93.42178 1.42178
v 12 87.22953 2
v 12 94 1.37919
v 11.3663 94 1.3663
v 16.19227 94 2
v -4 101.41734 1.41733
v -4.49075 101.50925 1.50925
v -4 102 1.39032
v -4.51784 102 1.48216
v -5.77284 102 2
v -5.70046 100.29955 2
v 4 100.90461 0.90461
v 2.96865 100.96865 0.96865
v 4 102 0.86337
v 2.92386 102 0.92386
v 12 101.06187 1.06188
v 11.04325 101.04325 1.04325
v 12 102 1.02387
v 11.00648 102 1.00648
v 19.5583 102 2
v 19.32416 101.32416 2
v -4 109.28352 1.28353
v -4.60988 109.39012 1.39012
v -4 110 1.2734
v -4.62056 110 1.37944
v -6.00837 110 2
v -6.02748 107.97252 2
v 4 108.78155 0.78155
v 2.84566 108.84566 0.84566
v 4 110 0.76784
v 2.83034 110 0.83034
v 12 108.93172 0.93172
v 10.91295 108.91295 0.91295
v 12 110 0.9187
v 10.90048 110 0.90048
v 19.89037 109.89037 1.89037
v 20 109.90211 1.90211
v 20 104.95122 2
v 20 110 1.90044
v 19.88885 110 1.88885
v 20.31363 110 2
v -4 117.38405 1.38405
v -4.52489 117.47511 1.47511
v -4 118 1.39276
v -4.51574 118 1.48426
v -5.70658 118 2
v -5.74948 116.25052 2
v 4 116.85043 0.85043
v 2.90941 116.90941 0.90941
v 4 118 0.86337
v 2.92386 118 0.92386
v 12 117.01181 1.01181
v 10.99493 116.99493 0.99493
v 12 118 1.02387
v 11.00648 118 1.00648
v 20 115.04878 2
v 19.5583 118 2
v 19.59952 117.59953 2
v 20.29097 110.29097 2
v -4 125.79895 1.79895
v -4.16936 125.83064 1.83064
v -4 126 1.8063
v -4.16303 126 1.83697
v -4.58642 126 2
v -4.62745 125.37255 2
v 4 125.1567 1.1567
v 3.20339 125.20339 1.20339
v 4 126 1.18251
v 3.23036 126 1.23036
v 12 125.35285 1.35286
v 11.34078 125.34077 1.34078
v 12 126 1.37324
v 11.36146 126 1.36146
v 16.19271 126 2
v 17.07908 123.07908 2
v -4 129.25775 2
v 4 133.56065 1.56065
v 3.58763 133.58763 1.58763
v 4 134 1.56535
v 3.59157 134 1.59157
v -0.80586 134 2
v 12 133.76082 1.76083
v 11.75609 133.75609 1.75609
v 12 134 1.76282
v 11.75877 134 1.75877
v 13.50113 134 2
v 15.11335 129.11336 2
v 4 141.58769 1.58769
v 3.61263 141.61263 1.61263
v 4 142 1.58211
v 3.60582 142 1.60582
v -0.6705 142 2
v -0.69842 137.30157 2
v 12 141.74992 1.74993
v 11.74567 141.74567 1.74567
v 12 142 1.74561
v 11.74216 142 1.74216
v 13.7682 142 2
v 13.69416 135.69415 2
v -4.04524 149.95476 1.95476
v -4 149.94719 1.94719
v -4 148.78044 2
v -4 150 1.94533
v -4.04754 150 1.95246
v -4.24604 150 2
v -4.18426 149.81573 2
v 4 149.33423 1.33423
v 3.37083 149.37083 1.37083
v 4 150 1.31645
v 3.35031 150 1.35031
v -1.58336 144.41664 2
v 12 149.44716 1.44716
v 11.43995 149.43996 1.43995
v 12 150 1.43024
v 11.42478 150 1.42478
v 16.8858 150 2
v 15.27777 145.27777 2
v -4 157.483 1.483
v -4.45295 157.54704 1.54705
v -4 158 1.46375
v -4.47733 158 1.52267
v -6.94745 158 2
v -5.93296 156.06703 2
v 4 156.99274 0.99274
v 3.04054 157.04054 1.04054
v 4 158 0.96424
v 3.007 158 1.007
v 12 157.06244 1.06244
v 11.0539 157.05391 1.0539
v 12 158 1.03283
v 11.02689 158 1.02689
v 19.7107 157.71071 1.7107
v 20 157.7321 1.7321
v 20 154.52582 2
v 20 158 1.71888
v 19.7007 158 1.7007
v 21.29267 158 2
v -4 165.07513 1.07514
v -4.82798 165.17203 1.17202
v -4 166 1.04723
v -4.86571 166 1.13429
v -10.76408 166 2
v -8.11909 161.88091 2
v 4 164.69582 0.69581
v 2.74766 164.74767 0.74766
v 4 166 0.6664
v 2.71167 166 0.71167
v 12 164.73396 0.73396
v 10.72653 164.72653 0.72653
v 12 166 0.70232
v 10.69767 166 0.69767
v 20 165.2081 1.2081
v 19.16047 165.16048 1.16047
v 20 166 1.17713
v 19.13812 166 1.13812
v 25.19853 166 2
v 23.04691 161.04691 2
v -12.30061 173.69939 1.69939
v -12 173.63615 1.63615
v -12 168.54045 2
v -12 174 1.62353
v -12.31689 174 1.68311
v -13.52739 174 2
v -13.05812 172.94188 2
v -4 172.78552 0.78553
v -5.10726 172.89273 0.89274
v -4 174 0.76223
v -5.1418 174 0.8582
v -11.02975 166.97026 2
v 4 172.49055 0.49055
v 2.54049 172.54048 0.54049
v 4 174 0.46961
v 2.51352 174 0.51352
v 12 172.50769 0.50768
v 10.50249 172.50249 0.50249
v 12 174 0.48449
v 10.48168 174 0.48168
v 20 172.84189 0.84189
v 18.78967 172.78967 0.78967
v 20 174 0.8125
v 18.77003 174 0.77002
v 27.69302 173.69302 1.69302
v 28 173.72687 1.72687
v 28 170.86072 2
v 28 174 1.71356
v 27.68423 174 1.68423
v 29.16286 174 2
v -12 181.31483 1.31483
v -12.58045 181.41956 1.41955
v -12 182 1.30456
v -12.59691 182 1.40309
v -15.33943 182 2
v -14.47361 179.5264 2
v -4 180.6167 0.6167
v -5.27817 180.72183 0.72183
v -4 182 0.6073
v -5.29577 182 0.70423
v 4 180.37473 0.37473
v 2.42069 180.4207 0.42069
v 4 182 0.36758
v 2.41028 182 0.41028
v 12 180.37814 0.37815
v 10.37519 180.3752 0.37519
v 12 182 0.36915
v 10.36805 182 0.36805
v 20 180.62569 0.62568
v 18.57792 180.57793 0.57792
v 20 182 0.61036
v 18.56978 182 0.56978
v 28 181.32373 1.32374
v 27.25834 181.25833 1.25834
v 28 182 1.30676
v 27.24927 182 1.24927
v 31.33943 182 2
v 29.78959 175.78958 2
v -12 189.36224 1.36224
v -12.54679 189.45322 1.45321
v -12 190 1.36631
v -12.54718 190 1.45282
v -14.97696 190 2
v -15.15723 186.84277 2
v -4 188.64114 0.64115
v -5.26382 188.73618 0.73618
v -4 190 0.65159
v -5.25645 190 0.74355
v 4 188.39265 0.39265
v 2.43485 188.43484 0.43485
v 4 190 0.40406
v 2.44651 190 0.44651
v 12 188.39374 0.39374
v 10.39265 188.39265 0.39265
v 12 190 0.40434
v 10.40406 190 0.40406
v 20 188.64409 0.64408
v 18.60429 188.60428 0.60429
v 20 190 0.65288
v 18.61379 190 0.61379
v 28 189.36429 1.36428
v 27.31111 189.31111 1.3111
v 28 190 1.36862
v 27.31602 190 1.31602
v 30.97696 190 2
v 31.15554 185.15553 2
v -12 197.76347 1.76348
v -12.20274 197.79726 1.79726
v -12 198 1.76268
v -12.2064 198 1.7936
v -13.00805 198 2
v -13.38782 196.61218 2
v -4 196.92049 0.92048
v -5.00314 196.99687 0.99686
v -4 198 0.92482
v -5.00619 198 0.99381
v 4 196.62485 0.62485
v 2.66265 196.66266 0.66265
v 4 198 0.63489
v 2.66783 198 0.66783
v 12 196.64392 0.64392
v 10.64367 196.64366 0.64367
v 12 198 0.65813
v 10.6536 198 0.6536
v 20 196.99527 0.99526
v 18.96457 196.96457 0.96457
v 20 198 1.01113
v 18.97593 198 0.97593
v 28 197.96751 1.96751
v 27.96457 197.96457 1.96457
v 28 198 1.9683
v 27.9652 198 1.9652
v 28.12334 198 2
v 29.98065 191.98065 2
v -12 205.70746 1.70746
v -12.25466 205.74535 1.74534
v -12 206 1.70229
v -12.2635 206 1.7365
v -13.37256 206 2
v -13.21454 204.78546 2
v -4 204.9464 0.9464
v -4.9858 205.01419 1.0142
v -4 206 0.9394
v -5.00165 206 0.99835
v 4 204.6946 0.6946
v 2.72637 204.72638 0.72637
v 4 206 0.69252
v 2.71819 206 0.71819
v 12 204.76843 0.76844
v 10.76422 204.76422 0.76422
v 12 206 0.7702
v 10.76224 206 0.76224
v 20 205.23195 1.23194
v 19.20372 205.20372 1.20372
v 20 206 1.23538
v 19.20493 206 1.20493
v 28 198.54591 2
v 25.12265 206 2
v 25.62214 203.62215 2
v 28.09312 198.09311 2
v -12 213.3912 1.3912
v -12.54135 213.45865 1.45865
v -12 214 1.38139
v -12.55858 214 1.44142
v -15.57598 214 2
v -14.44959 211.55042 2
v -4 212.80164 0.80163
v -5.13302 212.86699 0.86698
v -4 214 0.79408
v -5.14995 214 0.85005
v 4 212.62221 0.62221
v 2.64898 212.64899 0.64898
v 4 214 0.61982
v 2.64066 214 0.64066
v 12 212.73114 0.73114
v 10.72297 212.72298 0.72297
v 12 214 0.73235
v 10.72072 214 0.72072
v 20 213.22675 1.22674
v 19.19599 213.19598 1.19599
v 20 214 1.22941
v 19.1968 214 1.1968
v 24.90918 214 2
v 24.88559 210.88559 2
v -12 221.1655 1.16549
v -12.75568 221.24432 1.24432
v -12 222 1.16337
v -12.76607 222 1.23393
v -18.33175 222 2
v -16.23224 217.76776 2
v -4 220.72054 0.72054
v -5.2207 220.7793 0.7793
v -4 222 0.72484
v -5.22363 222 0.77637
v 4 220.60075 0.60076
v 2.62182 220.62183 0.62182
v 4 222 0.60997
v 2.62638 222 0.62638
v 12 220.73415 0.73415
v 10.72254 220.72253 0.72254
v 12 222 0.74659
v 10.7311 222 0.7311
v 20 221.24167 1.24167
v 19.20952 221.20952 1.20952
v 20 222 1.25271
v 19.21783 222 1.21783
v 24.76322 222 2
v 24.79732 218.79732 2
v -12 229.17073 1.17073
v -12.75927 229.24074 1.24073
v -12 230 1.18866
v -12.74666 230 1.25334
v -19.10786 230 2
v -18.3187 223.6813 2
v -4 228.79646 0.79646
v -5.1544 228.8456 0.8456
v -4 230 0.82387
v -5.13055 230 0.86945
v 4 228.71988 0.71988
v 2.73524 228.73524 0.73524
v 4 230 0.75178
v 2.7638 230 0.7638
v 12 228.89937 0.89936
v 10.88545 228.88545 0.88545
v 12 230 0.9326
v 10.9139 230 0.9139
v 20 229.48512 1.48513
v 19.46029 229.4603 1.46029
v 20 230 1.50584
v 19.47787 230 1.47787
v 22.92578 230 2
v 23.70748 225.70747 2
v -12 237.87257 1.87258
v -12.11638 237.88362 1.88362
v -12 238 1.8814
v -12.10777 238 1.89223
v -12.7965 238 2
v -16.26612 233.73389 2
v -4 237.33745 1.33744
v -4.63503 237.36496 1.36497
v -4 238 1.37887
v -4.59372 238 1.40628
v 4 237.24358 1.24358
v 3.25139 237.25139 1.25139
v 4 238 1.29173
v 3.29769 238 1.29769
v 12 237.53172 1.53173
v 11.5228 237.5228 1.5228
v 12 238 1.56599
v 11.55427 238 1.55427
v 20 234.58356 2
v 16.35473 238 2
v 17.979 235.97899 2
v 21.58526 231.58527 2
v -12 238.41249 2
v -4 240.4563 2
v -11.38571 238.61429 2
v 4 240.89046 2
v -1.35189 240.64812 2
v 12 239.62138 2
v 6.36006 240.36006 2
v 13.08482 239.08482 2
v -12.19231 13.80769 9.80769
v -12 13.74969 9.74969
v -12 13.494 10
v -12 14 9.55731
v -12.27837 14 9.72163
v -12.6287 14 10
v -12.29663 13.70337 10
v -5.69042 12.30958 8.30958
v -4 12.0522 8.0522
v -4 10.07558 10
v -4 14 6.60263
v -6.61603 14 7.38397
v -6.87202 11.12798 10
v 2.0522 12.0522 8.0522
v 4 12.0522 8.0522
v 4 10.07558 10
v 4 14 6.60263
v 0.60263 14 6.60263
v 0.07558 10.07558 10
v 11.7012 13.7012 9.7012
v 12 13.74969 9.74969
v 12 13.494 10
v 12 14 9.55731
v 11.34627 14 9.34627
v 11.1679 13.1679 10
v 12.6287 14 10
v -12 18.46123 6.46123
v -14.62428 19.37572 7.37572
v -12 22 4.52331
v -15.45615 22 6.54385
v -19.65365 22 10
v -16.28759 17.71241 10
v -4 16.71232 4.71232
v -8.49629 17.50371 5.50371
v -4 22 2.03892
v -10.2267 22 3.7733
v 4 16.71232 4.71232
v -1.28768 16.71232 4.71232
v 4 22 2.03892
v -3.96108 22 2.03892
v 12 18.46123 6.46123
v 7.62808 17.62808 5.62808
v 12 22 4.52331
v 4.06278 22 2.06278
v 19.65365 22 10
v 16.96037 18.96037 10
v -21.35975 28.64025 8.64025
v -20 27.79997 7.79997
v -20 22.66555 10
v -20 30 6.99847
v -21.59641 30 8.40359
v -22.92374 30 10
v -22.1687 27.8313 10
v -12 23.77242 3.77242
v -16.41469 25.58531 5.58531
v -17.28748 30 4.71252
v -19.78245 22.21755 10
v -4 22.02993 2.02993
v -10.56404 23.43596 3.43596
v 4 22.02993 2.02993
v -3.97007 22.02993 2.02993
v 12 23.77242 3.77242
v 4.0389 22.03889 2.0389
v 15.84175 25.84175 5.84175
v 20 27.79997 7.79997
v 20 22.66555 10
v 20 30 6.98789
v 22.97359 30 10
v -20 34.23995 6.23995
v -22.15277 35.84723 7.84723
v -20 38 5.65171
v -22.32266 38 7.67734
v -24.22433 38 10
v -23.67706 34.32294 10
v -17.52532 32.47468 4.47468
v -17.99899 38 4.00101
v 20 34.14573 6.14573
v 20 38 5.37694
v 24.73855 38 10
v 23.88421 33.8842 10
v -20 41.80242 5.80242
v -22.19986 43.80014 7.80014
v -20 46 5.86144
v -22.21755 46 7.78245
v -24.05334 46 10
v -24.07312 41.92688 10
v -17.94292 40.05708 4.05708
v -17.89742 46 4.10258
v 20 41.17705 5.17705
v 20 46 4.87767
v 25.65835 46 10
v 25.48359 43.48359 10
v -20 50.57906 6.57906
v -21.68746 52.31254 8.31254
v -20 54 7.02082
v -21.61231 54 8.38768
v -23.00366 54 10
v -23.33772 50.66228 10
v -17.62937 48.37062 4.37063
v -17.22804 54 4.77196
v 20 48.92358 4.92358
v 20 54 5.06723
v 26.13778 54 10
v 26.17303 52.17303 10
v -20 60.24343 8.24343
v -20.85511 61.14489 9.14489
v -20 62 8.56509
v -20.79332 62 9.20668
v -21.52267 62 10
v -21.77455 60.22545 10
v -16.75127 57.24873 5.24873
v -12 62 3.43151
v -16.25496 62 5.74505
v -10.97848 62 3.02152
v 12 62 2.1368
v 20 57.13922 5.13922
v 20 62 5.42091
v 12.25389 62 2.25389
v 26.70182 62 10
v 26.74251 60.74251 10
v -20 69.78137 9.78137
v -20.11163 69.88837 9.88837
v -20 70 9.81724
v -20.1039 70 9.89611
v -20.20792 70 10
v -20.23466 69.76534 10
v -12 63.74156 3.74156
v -15.76676 66.23325 6.23324
v -12 70 4.86498
v -15.40343 70 6.59657
v -10.82251 63.17749 3.17748
v -4 70 2.41642
v -9.94339 70 4.05661
v -3.62269 70 2.37731
v 12 62.14528 2.14528
v 12 70 2.81263
v 20 65.29581 5.29581
v 12.23857 62.23857 2.23857
v 20 70 5.42745
v 13.26539 70 3.26539
v 27.85891 69.8589 9.85891
v 28 69.93977 9.93977
v 28 69.48193 10
v 28 70 9.93716
v 27.86797 70 9.86797
v 28.08037 70 10
v -20 72.48013 10
v -12 73.07471 5.07472
v -15.18578 74.81422 6.81422
v -12 78 5.51931
v -14.95909 78 7.04091
v -19.4168 78 10
v -4 70.43072 2.43071
v -9.88846 72.11154 4.11155
v -4 78 3.00749
v -9.5128 78 4.4872
v -3.62299 70.37701 2.37701
v 4 78 2.29148
v -3.10966 78 2.89034
v 12 70.76329 2.76329
v 12 78 2.84218
v 4.31467 78 2.31467
v 20 73.00308 5.00308
v 13.0474 71.04739 3.0474
v 20 78 4.78838
v 13.15098 78 3.15098
v 28 76.53061 8.53061
v 25.41677 75.41678 7.41677
v 28 78 8.38226
v 25.20941 78 7.20941
v 30.39102 78 10
v 28.11823 70.11823 10
v -12 81.37434 5.37435
v -15.09817 82.90183 6.90183
v -12 86 5.26172
v -14.97361 86 7.02639
v -19.69161 86 10
v -19.45552 78.54448 10
v -4 78.90471 2.90471
v -9.71725 80.28275 4.28275
v -4 86 2.6218
v -9.81069 86 4.18931
v 4 78.25979 2.25979
v -3.19972 78.80028 2.80028
v -3.4525 86 2.5475
v 12 78.72721 2.72721
v 4.26901 78.269 2.26901
v 12 86 2.11124
v 20 80.31851 4.31851
v 12.90891 78.90891 2.90891
v 20 86 3.57165
v 12.14204 86 2.14204
v 28 83.1676 7.1676
v 23.70654 81.70654 5.70654
v 28 86 6.68747
v 22.72719 86 4.72719
v 33.18473 86 10
v 31.6796 81.6796 10
v -20.00407 93.99593 9.99593
v -20 93.99305 9.99305
v -20 93.71701 10
v -20 94 9.9932
v -20.004 94 9.996
v -20.01147 94 10
v -20.0102 93.9898 10
v -12 89.15918 5.15918
v -15.07395 90.92605 6.92605
v -12 94 4.804
v -15.03314 94 6.96686
v -19.70704 86.29295 10
v -4 86.58021 2.58021
v -9.92767 88.07233 4.07233
v -10.20594 94 3.79406
v -3.48964 86.51036 2.51036
v 12 86.10217 2.10217
v 20 87.38698 3.38698
v 12.12216 86.12216 2.12216
v 20 94 2.57579
v 28 90.05807 6.05807
v 22.18721 88.18721 4.18721
v 28 94 5.51971
v 20.97715 94 2.97715
v 35.15782 94 10
v 34.88628 92.88628 10
v -20 94.61987 10
v -12 96.82497 4.82497
v -15.01153 98.98847 6.98847
v -12 102 4.72845
v -14.9525 102 7.0475
v -19.86792 102 10
v -10.23526 95.76474 3.76474
v -10.3074 102 3.6926
v 20 94.53875 2.53875
v 20 102 2.05826
v 28 97.23193 5.23193
v 20.85746 94.85746 2.85746
v 28 102 4.84804
v 20.0964 102 2.0964
v 35.55119 101.55119 9.55119
v 36 101.78649 9.78649
v 36 99.72719 10
v 36 102 9.76718
v 35.45658 102 9.45658
v 36.27238 102 10
v -12 104.76419 4.76419
v -14.91568 107.08432 7.08432
v -12 110 4.78715
v -14.88011 110 7.11989
v -19.69571 110 10
v -19.86532 102.13468 10
v -10.30953 103.69047 3.69047
v -10.29258 110 3.70742
v 20 102.05709 2.05709
v 28 104.76784 4.76783
v 20.09229 102.09229 2.09229
v 28 110 4.62849
v 36 109.51247 9.51247
v 34.90978 108.90978 8.90978
v 36 110 9.49788
v 34.83429 110 8.83429
v 36.58953 110 10
v 36.28354 102.28355 10
v -12 112.80122 4.80122
v -14.86587 115.13413 7.13413
v -12 118 4.85913
v -14.86434 118 7.13566
v -19.64334 118 10
v -19.69344 110.30656 10
v -10.28104 111.71896 3.71896
v -10.23792 118 3.76208
v 20 118 2.05826
v 28 112.70674 4.70674
v 28 118 4.84804
v 20.0964 118 2.0964
v 36 117.75996 9.75996
v 35.41575 117.41576 9.41575
v 36 118 9.76718
v 35.45658 118 9.45658
v 36.27238 118 10
v 36.56721 110.56721 10
v -12 120.87492 4.87492
v -14.84858 123.15142 7.15142
v -12 126 5.01103
v -14.87378 126 7.12622
v -19.61302 126 10
v -19.6404 118.3596 10
v -10.202 119.798 3.798
v -10.09795 126 3.90205
v 20 118.06254 2.06254
v 20 126 2.57567
v 28 121.12404 5.12404
v 20.11151 118.11151 2.11151
v 28 126 5.50308
v 20.97696 126 2.97696
v 36 120.27281 10
v 35.15782 126 10
v 35.26271 125.2627 10
v 36.244 118.244 10
v -12 129.10356 5.10356
v -14.7842 131.21581 7.2158
v -12 134 5.15275
v -14.9043 134 7.0957
v -19.43838 134 10
v -19.59457 126.40543 10
v -9.9929 128.00711 4.0071
v -4 134 2.29706
v -9.95382 134 4.04618
v -3.74228 134 2.25772
v 20 126.6547 2.6547
v 20 134 3.06796
v 28 129.98891 5.98891
v 21.20644 127.20644 3.20644
v 28 134 6.12413
v 21.87889 134 3.87889
v 33.93552 134 10
v 34.28706 132.28706 10
v -20.08668 141.91333 9.91332
v -20 141.85327 9.85327
v -20 139.57817 10
v -20 142 9.83011
v -20.09689 142 9.90311
v -20.24226 142 10
v -20.21884 141.78116 10
v -12 137.06325 5.06324
v -14.99197 139.00803 7.00803
v -12 142 4.80146
v -15.27692 142 6.72308
v -19.46248 134.53752 10
v -4 134.30771 2.30771
v -9.89758 136.10242 4.10241
v -4 142 2.31199
v -10.10871 142 3.89129
v -3.7313 134.26871 2.2687
v -3.72754 142 2.27246
v 20 135.10388 3.10388
v 20 142 2.96778
v 28 138.1123 6.1123
v 21.87039 135.87039 3.87039
v 28 142 5.90113
v 21.66257 142 3.66258
v 34.50893 142 10
v 34.50173 140.50174 10
v -20 148.62379 8.62379
v -20.84048 149.15952 9.15952
v -20 150 8.32838
v -20.99626 150 9.00374
v -22.36577 150 10
v -21.8416 148.1584 10
v -12 144.46846 4.46846
v -15.64707 146.35294 6.35293
v -12 150 3.99199
v -16.12628 150 5.87372
v -4 142.29402 2.29402
v -10.1963 143.80371 3.8037
v -10.57745 150 3.42255
v -3.73778 142.26222 2.26222
v 20 142.88536 2.88537
v 20 150 2.38726
v 28 145.39902 5.39902
v 21.35345 143.35345 3.35345
v 28 150 4.87297
v 20.61475 150 2.61475
v 34.83285 148.83286 8.83285
v 36 149.37283 9.37283
v 36 146.67924 10
v 36 150 9.26258
v 34.52956 150 8.52956
v 36.94207 150 10
v -20 154.94191 6.9419
v -21.99957 156.00043 8.00043
v -20 158 6.35284
v -22.37336 158 7.62664
v -25.67663 158 10
v -23.96707 154.03293 10
v -12 151.65131 3.65131
v -16.60703 153.39297 5.39297
v -12 158 2.99508
v -17.18162 158 4.81838
v -10.70002 151.29999 3.29998
v -11.23349 158 2.76651
v 20 150.33409 2.33409
v 28 152.32483 4.32482
v 20.45889 150.45889 2.45889
v 28 158 3.56073
v 36 155.4653 7.46531
v 31.9436 153.94359 5.9436
v 36 158 6.98395
v 30.92134 158 4.92134
v 40.58926 158 10
v 37.8204 151.8204 10
v -28.5683 165.4317 9.4317
v -28 165.13812 9.13812
v -28 162.70757 10
v -28 166 8.96847
v -28.64502 166 9.35498
v -29.321 166 10
v -28.93589 165.06412 10
v -20 161.34358 5.34358
v -23.29713 162.70287 6.70287
v -20 166 4.71169
v -23.69782 166 6.30218
v -26.41928 159.58072 10
v -12 158.82413 2.82413
v -17.55655 160.44345 4.44345
v -12 166 2.1743
v -18.08818 166 3.91182
v -11.29254 158.70746 2.70746
v -11.85227 166 2.14773
v 28 159.25644 3.25644
v 28 166 2.44123
v 36 161.74219 5.74219
v 29.87415 159.87415 3.87415
v 36 166 5.01892
v 28.69973 166 2.69973
v 42.95347 164.95348 8.95347
v 44 165.3913 9.3913
v 44 163.99413 10
v 44 166 9.24914
v 42.56678 166 8.56678
v 44.98671 166 10
v -28 171.39453 7.39453
v -29.77984 172.22015 8.22016
v -28 174 7.01282
v -29.97971 174 8.02029
v -32.34858 174 10
v -31.13774 170.86226 10
v -20 168.18324 4.18324
v -24.32056 169.67944 5.67944
v -20 174 3.56106
v -24.73308 174 5.26692
v -12 166.15388 2.15389
v -18.267 167.733 3.733
v -18.78761 174 3.21239
v -11.85933 166.14067 2.14067
v 28 166.37955 2.37955
v 36 168.39488 4.39488
v 28.50636 166.50636 2.50636
v 36 174 3.63357
v 44 171.49124 7.49125
v 40.07609 170.0761 6.07609
v 44 174 7.02664
v 39.07338 174 5.07338
v 48.34858 174 10
v 45.70081 167.70081 10
v -28 178.40973 6.40973
v -30.48002 179.51997 7.51998
v -28 182 6.08407
v -30.63983 182 7.36017
v -33.93685 182 10
v -32.95485 177.04515 10
v -20 175.40184 3.40184
v -24.98482 177.01518 5.01518
v -20 182 2.93735
v -25.28536 182 4.71464
v -18.84237 175.15764 3.15763
v -19.23532 182 2.76468
v 36 175.46864 3.46864
v 36 182 2.93735
v 44 178.42435 6.42435
v 38.50774 176.50775 4.50774
v 44 182 6.08407
v 37.69829 182 3.69829
v 49.93685 182 10
v 49.42447 179.42447 10
v -28 186.16199 6.16199
v -30.57132 187.42868 7.42868
v -28 190 6.21437
v -30.54749 190 7.45251
v -33.70974 190 10
v -33.87658 184.12341 10
v -20 182.9518 2.9518
v -25.25415 184.74585 4.74585
v -20 190 3.0347
v -25.20662 190 4.79338
v -19.23068 182.76932 2.76932
v -19.16179 190 2.83821
v 36 182.9518 2.9518
v 36 190 3.0347
v 44 186.16199 6.16199
v 37.75104 183.75104 3.75104
v 44 190 6.21437
v 37.88493 190 3.88493
v 49.70974 190 10
v 49.77295 187.77295 10
v -28 195.07565 7.07565
v -29.84461 196.1554 8.15539
v -28 198 7.23679
v -29.81587 198 8.18413
v -31.66821 198 10
v -32.92196 193.07803 10
v -20 191.20625 3.20626
v -24.87432 193.12569 5.12568
v -20 198 3.64315
v -24.70533 198 5.29467
v -19.10172 190.89828 2.89828
v -18.75595 198 3.24405
v 36 191.20625 3.20626
v 36 198 3.93847
v 44 195.07565 7.07565
v 38.59669 192.59669 4.5967
v 44 198 7.44633
v 39.7118 198 5.7118
v 47.66817 198 10
v 48.55205 194.55205 10
v -28 204.16409 8.1641
v -29.13743 204.86256 8.86257
v -28 206 8.02587
v -29.21701 206 8.78299
v -30.12902 206 10
v -30.58725 203.41275 10
v -20 199.89746 3.89746
v -24.34249 201.65752 5.65751
v -20 206 3.69445
v -24.53073 206 5.46927
v -18.649 199.351 3.351
v -18.80499 206 3.19501
v 28 206 2.45909
v 36 200.67696 4.67696
v 36 206 5.20579
v 28.77668 206 2.77668
v 44 205.65982 10
v 43.79877 206 10
v 43.87085 205.87085 10
v 46.48774 200.48775 10
v -28 210.58389 6.58389
v -30.31876 211.68123 7.68124
v -28 214 6.1098
v -30.58231 214 7.41769
v -32.43653 214 10
v -31.61624 210.38376 10
v -20 207.30649 3.30649
v -25.14079 208.85921 4.85921
v -20 214 2.77046
v -25.56371 214 4.43628
v -18.97066 207.02934 3.02934
v -19.40311 214 2.59689
v 28 206.46049 2.46049
v 28 214 2.51859
v 36 209.73535 5.73535
v 28.98764 206.98764 2.98764
v 36 214 5.84228
v 29.10252 214 3.10252
v 41.00563 214 10
v 41.49192 211.49193 10
v -36.23372 221.76628 9.76628
v -36 221.63048 9.63048
v -36 221.1017 10
v -36 222 9.56209
v -36.2635 222 9.7365
v -36.33133 222 10
v -36.2712 221.72881 10
v -28 216.53563 4.53563
v -32.16339 217.83661 5.83661
v -28 222 4.04019
v -32.51818 222 5.48182
v -33.91367 216.08633 10
v -20 214.55325 2.55326
v -26.129 215.871 3.871
v -20 222 2.17212
v -26.52952 222 3.47048
v -19.46423 214.53577 2.53577
v -19.83359 222 2.16641
v 28 214.40126 2.40126
v 28 222 2.4242
v 36 217.24315 5.24315
v 28.84389 214.84389 2.84389
v 36 222 5.2846
v 28.88916 222 2.88916
v 41.31878 222 10
v 40.75259 218.75259 10
v -36 228.49612 8.49612
v -36.95874 229.04126 9.04126
v -36 230 8.41397
v -36.99482 230 9.00519
v -37.27579 230 10
v -37.17828 228.82172 10
v -28 223.8062 3.8062
v -32.82956 225.17044 5.17044
v -28 230 3.64548
v -32.95482 230 5.04518
v -20 222.16704 2.16703
v -26.56597 223.43404 3.43404
v -20 230 2.07967
v -26.70051 230 3.29949
v -19.83359 222.16641 2.16641
v -19.92063 230 2.07937
v 28 222.39482 2.39482
v 28 230 2.65011
v 36 225.02469 5.02469
v 28.78716 222.78716 2.78716
v 36 230 5.28109
v 29.25431 230 3.25431
v 41.26742 230 10
v 41.01757 227.01756 10
v -36 233.76512 10
v -28 232.44907 4.44907
v -31.90787 234.09213 6.09213
v -28 238 5.24623
v -31.48879 238 6.51121
v -34.19558 238 10
v -20 230.09364 2.09364
v -26.51287 231.48714 3.48713
v -20 238 2.87226
v -25.91097 238 4.08903
v -19.91849 230.08151 2.08151
v -19.23091 238 2.76909
v 20 238 2.29232
v 28 230.87238 2.87237
v 28 238 3.77706
v 20.39978 238 2.39978
v 36 235.17319 7.17319
v 30.62871 232.62871 4.62871
v 36 238 7.72249
v 32.26493 238 6.26493
v 38.19811 238 10
v 39.99432 233.99431 10
v -28 244.51396 10
v -20 240.19954 4.19954
v -23.81841 242.18159 6.18159
v -20 246 6.46777
v -22.668 246 7.332
v -25.85717 246 10
v -18.67983 239.32018 3.32017
v -12 246 4.29373
v -16.82151 246 5.17849
v -4 246 3.38982
v -10.05295 246 3.94705
v 4 246 3.22826
v -2.65252 246 3.34748
v 12 246 3.73097
v 5.35684 246 3.35684
v 20 238.63101 2.63102
v 20 246 5.15767
v 14.29567 246 4.29567
v 28 243.24248 7.24247
v 22.07493 240.07492 4.07493
v 28 246 8.4956
v 25.81825 246 7.81825
v 36 240.71524 10
v 29.88655 246 10
v 33.38085 243.38084 10
v 37.31805 239.31804 10
v -20 249.19791 10
v -12 251.90427 10
v -15.24105 250.75896 10
v -4 253.30826 10
v -4.84616 253.15384 10
v 4 253.58397 10
v 3.56901 253.56902 10
v 12 252.75272 10
v 10.87267 252.87267 10
v 20 250.73491 10
v 17.43067 251.43066 10
v 28 247.2267 10
v 23.40401 249.40401 10
v 28.78759 246.78758 10
v -5.15202 4.84798 16.84798
v -4 4.66731 16.66731
v -4 3.93942 18
v -4 6 14.86504
v -6.18098 6 15.81902
v -9.99745 6 18
v -5.61597 4.38403 18
v 2.66731 4.66731 16.66731
v 4 4.66731 16.66731
v 4 3.93942 18
v 4 6 14.86504
v 0.86503 6 14.86504
v 1.93942 3.93942 18
v 9.99745 6 18
v -20.18003 13.81997 17.81997
v -20 13.7219 17.7219
v -20 13.51959 18
v -20 14 17.40899
v -20.25919 14 17.74081
v -20.41118 14 18
v -20.23579 13.76421 18
v -15.05859 10.94141 14.94141
v -12 9.83628 13.83628
v -12 6.82707 18
v -16.62587 14 13.37413
v -16.18689 9.81311 18
v -4 8.02511 12.02511
v -9.05457 8.94543 12.94543
v -11.45625 6.54375 18
v 4 8.02511 12.02511
v -1.97489 8.02511 12.02511
v 6.79132 8.79132 12.79132
v 12 9.83628 13.83628
v 12 6.82707 18
v 19.5248 13.5248 17.5248
v 20 13.7219 17.7219
v 20 13.51959 18
v 20 14 17.40899
v 17.31696 11.31696 18
v 20.41118 14 18
v -20 17.76356 13.76356
v -22.56703 19.43297 15.43297
v -20 22 10.35496
v -23.36728 22 14.63272
v -25.28292 22 18
v -23.46634 18.53366 18
v -17.78545 16.21455 12.21455
v -19.84309 22 10.15691
v 20 17.76356 13.76356
v 20 22 10.35496
v 25.28292 22 18
v 20.96881 14.96881 18
v -28.02454 29.97546 17.97546
v -28 29.94919 17.94919
v -28 29.86551 18
v -28 30 17.92158
v -28.02885 30 17.97115
v -28.04166 30 18
v -28.03288 29.96712 18
v -20 22.22342 10.22342
v -24.32123 25.67877 13.67877
v -25.16226 30 12.83774
v -26.06866 23.93134 18
v -19.88042 22.11958 10.11958
v 20 22.22342 10.22342
v 26.26083 28.26083 16.26083
v 28 29.9257 17.9257
v 28 29.80429 18
v 28 30 17.88245
v 28.06327 30 18
v -28 36.31576 16.31576
v -28.71066 37.28934 17.28934
v -28 38 15.92256
v -28.76833 38 17.23167
v -29.10262 38 18
v -28.98876 37.01123 18
v -25.43605 32.56395 12.56395
v -25.8885 38 12.1115
v 28 35.73302 15.73302
v 28 38 14.90557
v 29.72629 38 18
v 28.08216 30.08216 18
v -28 44.17669 16.17669
v -28.65659 45.34341 17.34341
v -28 46 16.19058
v -28.66743 46 17.33257
v -28.9568 46 18
v -28.94864 45.05136 18
v -25.82043 40.17957 12.17957
v -25.80471 46 12.19529
v 28 41.93695 13.93695
v 28 46 13.13985
v 30.95406 46 18
v 30.10824 40.10824 18
v -28 53.48312 17.48312
v -28.16846 53.83154 17.83154
v -28 54 17.56141
v -28.16369 54 17.83631
v -28.2362 54 18
v -28.24884 53.75116 18
v -25.55947 48.44053 12.44053
v -25.25361 54 12.74639
v 28 48.61084 12.61084
v 28 54 12.05851
v 32.13554 54 18
v 31.56171 49.56171 18
v -28 56.25681 18
v -24.92658 57.07343 13.07342
v -24.55462 62 13.44538
v -27.32543 62 18
v 28 55.66205 11.66205
v 28 62 11.11057
v 33.6724 62 18
v 33.18763 59.18763 18
v -24.35903 65.64097 13.64097
v -24.11119 70 13.88881
v -26.81038 70 18
v -27.26164 62.73836 18
v 28 62.84175 10.84175
v 30.83197 70 12.83197
v 35.88287 70 18
v 35.8403 69.8403 18
v -24.21938 73.78062 13.78062
v -20 78 10.4042
v -24.18547 78 13.81453
v -27.23015 78 18
v -26.86422 71.13578 18
v -19.78312 78 10.21688
v 36 75.53957 15.53957
v 36 70.32021 18
v 36 78 14.82943
v 38.51581 78 18
v -28.44841 85.55159 17.55159
v -28 85.09178 17.09178
v -28 81.8165 18
v -28 86 17.02288
v -28.47203 86 17.52797
v -28.72574 86 18
v -28.64305 85.35695 18
v -20 78.35039 10.35039
v -24.48307 81.51693 13.51693
v -20 86 10.19624
v -24.64551 86 13.35449
v -27.32833 78.67167 18
v -19.79486 78.20514 10.20514
v -19.88606 86 10.11394
v 36 81.57543 13.57543
v 36 86 12.30388
v 40.67886 86 18
v 39.42177 81.42177 18
v -28 91.82784 15.82784
v -29.15054 92.84946 16.84946
v -28 94 15.63745
v -29.25842 94 16.74158
v -29.98359 94 18
v -29.6872 92.31281 18
v -20 86.1835 10.1835
v -24.77868 89.22132 13.22132
v -25.00147 94 12.99853
v -19.887 86.113 10.113
v 36 87.86958 11.86958
v 36 94 10.66617
v 42.16889 94 18
v 41.74024 91.74023 18
v -28 99.20155 15.20155
v -29.54648 100.45352 16.45352
v -28 102 15.12903
v -29.63273 102 16.36727
v -30.64086 102 18
v -30.37908 99.62092 18
v -25.02823 96.97177 12.97177
v -20 102 10.08002
v -25.10186 102 12.89814
v -19.94974 102 10.05026
v 36 94.58847 10.58847
v 37.50997 102 11.50997
v 43.04579 102 18
v 42.92679 100.92679 18
v -28 107.02953 15.02953
v -29.70358 108.29642 16.29642
v -28 110 15.02835
v -29.73064 110 16.26936
v -30.83864 110 18
v -30.73664 107.26336 18
v -20 102.0803 10.0803
v -25.09549 104.90451 12.90451
v -20 110 10.18301
v -25.09665 110 12.90335
v -19.94928 102.05072 10.05072
v -19.88384 110 10.11616
v 38.00396 104.00396 12.00396
v 39.35847 110 13.35847
v 43.33585 110 18
v 43.31075 109.31075 18
v -28 115.16281 15.16281
v -29.63408 116.36592 16.36592
v -28 118 15.20114
v -29.60577 118 16.39423
v -30.6073 118 18
v -30.70696 115.29305 18
v -20 110.18468 10.18467
v -25.07947 112.92053 12.92053
v -20 118 10.21541
v -25.04043 118 12.95957
v -19.88379 110.11621 10.11621
v -19.86425 118 10.13575
v 38.67982 112.67982 12.67982
v 37.50997 118 11.50997
v 43.04579 118 18
v 43.07933 117.07932 18
v -28 123.6627 15.66269
v -29.29209 124.70791 16.70791
v -28 126 15.74854
v -29.22186 126 16.77814
v -29.93263 126 18
v -30.16419 123.83581 18
v -20 118.22049 10.22049
v -24.99565 121.00436 13.00435
v -20 126 10.23761
v -24.89659 126 13.10341
v -19.86467 118.13533 10.13533
v -19.85404 126 10.14596
v 36 126 10.66617
v 36.86633 118.86633 10.86633
v 42.16889 126 18
v 42.35194 124.35194 18
v -28 132.96614 16.96614
v -28.51153 133.48848 17.48847
v -28 134 17.01297
v -28.49228 134 17.50772
v -28.72688 134 18
v -28.86161 133.1384 18
v -20 126.25488 10.25488
v -24.75803 129.24197 13.24197
v -20 134 10.35579
v -24.65524 134 13.34476
v -19.8523 126.1477 10.1477
v -19.79269 134 10.20731
v 36 126.85389 10.85389
v 36 134 11.73382
v 40.88254 134 18
v 41.38585 131.38585 18
v -28 141.97832 17.97831
v -28.01012 141.98988 17.98988
v -28 142 17.97593
v -28.01066 142 17.98934
v -28.015 142 18
v -28.01541 141.98459 18
v -20 134.388 10.388
v -24.47713 137.52287 13.52287
v -24.68205 142 13.31795
v -19.78424 134.21576 10.21576
v 36 135.87918 11.87918
v 36 142 11.35221
v 40.83201 142 18
v 41.02867 139.02867 18
v -28 148.64125 16.64125
v -28.66352 149.33649 17.33648
v -28 150 16.21467
v -28.75818 150 17.24182
v -29.05013 150 18
v -28.90354 149.09647 18
v -24.89674 145.10326 13.10326
v -25.51216 150 12.48784
v 36 143.03595 11.03596
v 39.33557 150 13.33557
v 42.9709 150 18
v 42.65633 148.65633 18
v -28 153.88091 13.8809
v -30.23136 155.76865 15.76864
v -28 158 12.20004
v -30.66451 158 15.33549
v -31.79559 158 18
v -30.86606 155.13394 18
v -25.99259 152.00742 12.00741
v -27.0493 158 10.9507
v 44 155.06091 15.06091
v 44 151.94583 18
v 44 158 13.50615
v 46.84775 158 18
v -28 159.22832 11.22832
v -32.08671 161.9133 13.91329
v -32.87383 166 13.12617
v -35.35683 166 18
v -33.22975 160.77025 18
v -27.29908 158.70091 10.70092
v 44 159.76338 11.76338
v 47.82274 166 13.82274
v 51.25036 166 18
v 50.22421 164.22421 18
v -37.48699 172.51302 16.51301
v -36 171.17812 15.17812
v -36 167.60054 18
v -36 174 13.98862
v -37.75385 174 16.24615
v -38.29881 174 18
v -37.7696 172.23039 18
v -33.62759 168.37241 12.37241
v -34.51236 174 11.48764
v -35.56531 166.43469 18
v 52 171.24919 15.24919
v 52 167.81461 18
v 52 174 13.98862
v 54.29881 174 18
v -36 177.02251 13.0225
v -38.51974 179.48027 15.48026
v -36 182 12.04479
v -38.738 182 15.262
v -39.66007 182 18
v -39.18146 178.81854 18
v -34.70332 175.29668 11.29668
v -35.21124 182 10.78876
v 52 177.02251 13.0225
v 52 182 12.04479
v 55.66007 182 18
v 54.71959 176.71959 18
v -36 184.1346 12.13459
v -38.63421 187.36578 15.36579
v -36 190 12.30197
v -38.60125 190 15.39875
v -39.4675 190 18
v -39.54488 186.45512 18
v -35.19531 182.80469 10.80469
v -35.1165 190 10.88349
v 52 184.1346 12.13459
v 52 190 12.30197
v 55.4675 190 18
v 55.5822 185.5822 18
v -36 193.67693 13.67693
v -37.48991 196.5101 16.51009
v -36 198 14.93027
v -37.31593 198 16.68407
v -37.70641 198 18
v -38.13223 195.86777 18
v -34.93173 191.06827 11.06827
v -34.19667 198 11.80333
v 52 193.67693 13.67693
v 52 198 14.93031
v 53.70638 198 18
v 54.90709 192.90709 18
v -36 202.84734 18
v -33.3535 200.6465 12.6465
v -32.84377 206 13.15623
v -34.66562 206 18
v 44 206 10.14761
v 48.68748 202.68748 14.68748
v 52 202.07932 18
v 50.15804 206 18
v 50.81344 204.81345 18
v 53.25441 199.25441 18
v -31.52495 210.47505 14.47505
v -32.34505 214 13.65495
v -32.41352 214 18
v -33.75527 208.24472 18
v 44 206.8513 10.85131
v 44 214 15.42577
v 45.11937 214 18
v 48.06031 210.0603 18
v -36 222 11.00702
v -31.74006 218.25995 14.25994
v -31.99903 222 18
v -31.80893 218.19107 18
v 40.85465 218.85464 14.85465
v 44 216.4369 18
v 41.41273 222 15.41274
v 40.65857 222 18
v 42.10241 220.10242 18
v 44.8195 214.81949 18
v -36 223.13875 11.13874
v -36 230 13.19083
v -32.19448 230 18
v -31.91076 226.08923 18
v 40.19463 226.19464 14.19464
v 40.46486 230 14.46486
v 37.24292 230 18
v 39.38794 225.38794 18
v -36 232.0983 12.0983
v -29.93831 238 16.06169
v -28.90701 238 18
v -29.54125 236.45876 18
v 35.04634 237.04634 17.04634
v 36 232.70866 18
v 36 236.22806 16.22806
v 36 238 14.5745
v 34.73814 238 16.73813
v 32.71492 238 18
v 33.97661 235.97661 18
v 39.62385 233.62386 13.62385
v 37.91461 238 11.91461
v 36.861 230.86099 18
v -28 238.97594 18
v -28 242.78964 14.78965
v -20.53227 245.46773 17.46773
v -20 245.23401 18
v -20 245.71539 17.71539
v -20 246 17.17937
v -23.46831 242.53169 18
v -18.55557 246 18
v 26.88783 244.88782 16.88783
v 28 242.36391 18
v 28 244.53619 16.53619
v 28 246 13.21159
v 25.8626 246 15.8626
v 22.43528 246 18
v 25.73551 243.73552 18
v 36 240.14987 12.14988
v 32.76042 242.76042 14.76042
v 29.4465 246 11.4465
v 30.26509 240.26509 18
v 37.31826 239.31825 11.31826
v -20 248.73619 12.73619
v -16.49538 249.50462 13.50462
v -12 248.30376 18
v -12 250.79463 14.79463
v -6.61336 251.38664 15.38664
v -4 249.82129 18
v -4 251.76268 15.76268
v -9.1371 248.8629 18
v 1.88623 251.88623 15.88623
v 4 250.12276 18
v 4 251.94376 15.94376
v -0.0228 249.9772 18
v 9.59293 251.59293 15.59293
v 12 249.21674 18
v 12 251.38853 15.38853
v 7.6867 249.68671 18
v 16.68157 250.68156 14.68157
v 20 247.07019 18
v 20 249.93481 13.93481
v 14.51978 248.51978 18
v 28 247.08844 11.08844
v 23.1339 249.1339 13.1339
v 20.74544 246.74544 18
v 28.77937 246.77937 10.77937
v -13.29746 4.70254 24.70254
v -12 4.21005 24.21005
v -12 3.6499 26
v -12 6 19.81394
v -14.41249 6 23.58751
v -15.59097 6 26
v -13.53193 4.46807 26
v -7.22478 2.77522 22.77522
v -4 2.1546 22.15459
v -4 0.96417 26
v -11.11013 6 18.88987
v -7.94845 2.05155 26
v 0.1546 2.1546 22.15459
v 4 2.1546 22.15459
v 4 0.96417 26
v -1.03583 0.96417 26
v 9.73456 3.73456 23.73456
v 12 4.21005 24.21005
v 12 3.6499 26
v 12 6 19.81394
v 8.63737 2.63737 26
v 15.59097 6 26
v -21.77435 12.22565 24.22565
v -20 11.00132 23.00132
v -20 9.75409 26
v -22.6967 14 23.3033
v -23.56903 14 26
v -22.07958 11.92042 26
v -12 6.53143 18.53143
v -17.12159 8.87841 20.87841
v -18.16361 7.83639 26
v -11.62448 6.37552 18.37552
v 12 6.53143 18.53143
v 13.39476 7.39476 19.39476
v 20 11.00132 23.00132
v 20 9.75409 26
v 20.63235 14 18.63235
v 23.56903 14 26
v -28.008 21.992 25.992
v -28 21.98277 25.98277
v -28 21.97274 26
v -28 22 25.95632
v -28.01059 22 25.98941
v -28.01323 22 26
v -28.00934 21.99066 26
v -24.4724 17.5276 21.5276
v -26.10611 22 19.89389
v -25.34069 16.65931 26
v 28 21.98277 25.98277
v 28 21.97274 26
v 28 22 25.95632
v 28.01323 22 26
v -28 25.86996 21.86996
v -29.63854 28.36146 24.36146
v -29.97018 30 24.02982
v -30.45528 30 26
v -29.94814 28.05186 26
v -26.54508 23.45492 19.45492
v 28 25.86996 21.86996
v 28.08455 30 18.08455
v 30.50007 30 26
v 28.01866 22.01866 26
v -30.5512 35.44881 23.4488
v -30.77379 38 23.22621
v -31.451 38 26
v -31.10567 34.89433 26
v 28.12114 30.12114 18.12114
v 30.31696 38 20.31696
v 32.05736 38 26
v 31.16414 33.16414 26
v -30.63165 43.36835 23.36835
v -30.64886 46 23.35114
v -31.27084 46 26
v -31.29604 42.70396 26
v 31.10255 41.10255 21.10255
v 32.07161 46 22.07161
v 33.36712 46 26
v 32.92198 42.92198 26
v -30.16388 51.83612 23.83612
v -30.08006 54 23.91994
v -30.56149 54 26
v -30.73009 51.26991 26
v 33.58119 51.58119 23.58119
v 34.03777 54 24.03777
v 34.79155 54 26
v 34.55549 52.55549 26
v -29.53613 60.46387 24.46387
v -28 62 19.96582
v -29.45572 62 24.54428
v -29.79259 62 26
v -29.93277 60.06723 26
v -27.53933 62 18.46067
v 36 60.8133 24.81331
v 36 59.33049 26
v 36 62 24.15282
v 36.59143 62 26
v -28 64.26891 20.26892
v -29.23779 68.76221 24.76221
v -28 70 21.23845
v -29.20171 70 24.79829
v -29.48272 70 26
v -29.53607 68.46394 26
v -27.52664 62.47336 18.47336
v -27.21994 70 18.78006
v 36 65.19107 21.19107
v 36 70 18.25511
v 38.87517 70 26
v 36.80423 62.80423 26
v -28 72.59074 20.59073
v -29.60521 76.39479 24.39479
v -28 78 19.88475
v -29.64435 78 24.35565
v -30.03491 78 26
v -29.95346 76.04654 26
v -27.29849 70.70152 18.70151
v -27.534 78 18.466
v 36 70.13068 18.13069
v 39.70103 78 21.70104
v 41.46953 78 26
v 40.17181 74.17181 26
v -28 79.16043 19.16043
v -30.55777 83.44223 23.44223
v -30.79317 86 23.20683
v -31.47181 86 26
v -31.0608 82.9392 26
v -27.60802 78.39198 18.39198
v 42.40397 84.40397 24.40397
v 43.06578 86 25.06577
v 43.46865 86 26
v 43.27758 85.27758 26
v -31.44748 90.55253 22.55252
v -31.86384 94 22.13616
v -32.83663 94 26
v -32.15813 89.84187 26
v 44 92.17368 24.17367
v 44 89.09102 26
v 44 94 23.21718
v 44.83593 94 26
v -32.18094 97.81906 21.81906
v -32.48286 102 21.51714
v -33.63305 102 26
v -33.13446 96.86554 26
v 44 97.90231 21.90231
v 44 102 20.65628
v 45.6337 102 26
v 44.92255 94.92255 26
v -32.57569 105.42431 21.42431
v -32.68521 110 21.31479
v -33.89502 110 26
v -33.71103 104.28897 26
v 44 104.39533 20.39533
v 44 110 19.83438
v 45.89582 110 26
v 45.68601 103.68601 26
v -32.59314 113.40686 21.40686
v -32.48286 118 21.51714
v -33.63305 118 26
v -33.82092 112.17908 26
v 44 112.05665 20.05665
v 44 118 20.65628
v 45.6337 118 26
v 45.8389 111.8389 26
v -32.16785 121.83215 21.83215
v -31.86384 126 22.13616
v -32.83663 126 26
v -33.3604 120.6396 26
v 44 121.95671 21.95671
v 44 126 23.21718
v 44.83593 126 26
v 45.49441 119.49441 26
v -31.18581 130.81419 22.81419
v -30.83181 134 23.16819
v -31.48337 134 26
v -32.15957 129.84042 26
v 43.34358 133.34358 25.34358
v 44 131.11322 26
v 43.15829 134 25.15829
v 43.52029 134 26
v 43.59475 133.59474 26
v 44.7555 126.75551 26
v -29.90294 140.09706 24.09706
v -29.86372 142 24.13628
v -30.19442 142 26
v -30.44176 139.55824 26
v 42.34515 140.34515 24.34516
v 42.20451 142 24.20452
v 42.7896 142 26
v 43.00842 141.00841 26
v -29.65537 148.34464 24.34463
v -29.89142 150 24.10858
v -30.06381 150 26
v -29.96091 148.03909 26
v 43.23589 149.23589 25.23589
v 43.42647 150 25.42647
v 43.49649 150 26
v 43.51136 149.51135 26
v -30.56541 155.43459 23.43459
v -31.46321 158 22.53679
v -31.34272 158 26
v -30.77136 155.22864 26
v 44 152.77452 20.77452
v 44 151.73904 26
v 46.64594 158 20.64594
v 45.84211 158 26
v -32.49498 161.50502 21.50502
v -35.08784 166 18.91216
v -33.75468 166 26
v -32.3732 161.6268 26
v 48.24249 162.24248 22.24248
v 50.05616 166 24.05615
v 49.26731 166 26
v 47.24786 161.24785 26
v -36.37684 173.62315 25.62316
v -36 170.71729 22.71729
v -36 172.50655 26
v -36.52461 174 25.47539
v -36.45732 174 26
v -36.35678 173.64322 26
v -35.36388 166.63612 18.63612
v -34.33966 167.66034 26
v 52 171.02113 23.02114
v 52 172.71645 26
v 54.06686 174 20.06686
v 52.45732 174 26
v -37.7721 180.22791 24.2279
v -38.13252 182 23.86748
v -37.82462 182 26
v -37.57858 180.42142 26
v 54.36103 176.36104 20.36103
v 55.25393 182 21.25393
v 53.82462 182 26
v 52.54338 174.54338 26
v -37.95776 188.04224 24.04224
v -37.90025 190 24.09975
v -37.63041 190 26
v -37.66792 188.33208 26
v 55.19877 185.19878 21.19877
v 55.08777 190 21.08777
v 53.63041 190 26
v 53.78458 183.78458 26
v -36 197.40294 26
v -36 197.74561 25.74561
v -36 198 25.48262
v -35.84992 198 26
v 51.92007 197.92006 25.92007
v 52 197.40294 26
v 52 197.74561 25.74561
v 52 198 25.48262
v 51.90101 198 25.90101
v 51.84992 198 26
v 51.88177 197.88177 26
v 54.67541 192.67542 20.67541
v 53.54142 198 19.54143
v 53.35884 191.35884 26
v -36 201.01892 21.01892
v -33.87224 206 20.12776
v -32.16837 206 26
v -35.70326 198.29674 26
v 52 200.89879 20.89879
v 50.06583 204.06583 24.06583
v 49.16906 206 23.16906
v 48.0396 206 26
v 49.38145 203.38145 26
v 53.19435 199.19435 19.19435
v -28 212.93336 26
v -28 213.37331 25.37331
v -28 214 24.86345
v -27.11629 214 26
v 43.30748 213.30748 25.30748
v 44 211.84026 26
v 44 212.63031 24.6303
v 44 214 21.46516
v 42.78965 214 24.78966
v 42.07897 214 26
v 43.02329 213.0233 26
v 47.6661 209.66609 21.6661
v 44.94239 214 18.94239
v 46.56723 208.56723 26
v -28 217.78709 21.7871
v -28 222 21.19194
v -20.17583 222 26
v -21.04933 220.95067 26
v 35.37469 221.37469 25.3747
v 36 220.35997 26
v 36 220.98407 24.98407
v 36 222 23.99011
v 34.99514 222 24.99513
v 33.64292 222 26
v 35.10503 221.10503 26
v 44 215.21864 19.21865
v 40.55067 218.55067 22.55067
v 38.91079 222 20.91079
v 39.41341 217.41341 26
v 44.68201 214.68202 18.68202
v -28 224.32149 20.3215
v -28 230 20.24944
v -24.51827 225.48174 21.48173
v -20 222.20337 26
v -20 227.31245 23.31245
v -20 230 23.01752
v -24.60481 230 21.39519
v -13.01774 228.98227 24.98227
v -12 228.22551 26
v -12 229.26936 25.26937
v -12 230 25.08232
v -13.16977 230 24.83023
v -19.33585 222.66415 26
v -7.32773 230 26
v 19.98734 229.98734 25.98734
v 20 229.97089 26
v 20 229.98555 25.98555
v 20 230 25.97866
v 19.9815 230 25.9815
v 19.8737 230 26
v 19.97692 229.97693 26
v 26.61979 228.61978 24.61979
v 28 226.345 26
v 28 228.20496 24.20495
v 28 230 23.45085
v 26.1152 230 24.1152
v 25.63019 227.63019 26
v 36 225.05496 21.05497
v 32.72532 226.72533 22.72532
v 36 230 19.07178
v 31.77306 230 21.77306
v 30.65331 224.65331 26
v 38.10531 224.1053 20.10531
v 36.65673 230 18.65673
v -28 231.83804 19.83804
v -28 238 18.4853
v -20 233.86716 21.86715
v -25.67339 232.32661 20.32661
v -20 238 21.12711
v -27.34764 238 18.65236
v -12 235.07251 23.07251
v -15.46182 234.53818 22.53818
v -12 238 22.61024
v -16.21259 238 21.78741
v -6.39594 235.60406 23.60406
v -4 231.42027 26
v -4 235.79002 23.79003
v -4 238 23.43206
v -6.82095 238 23.17905
v 2.00866 236.00867 24.00866
v 4 232.76186 26
v 4 236.07372 24.07372
v 4 238 23.70843
v 1.67187 238 23.67187
v -2.40718 231.59282 26
v 9.89511 235.89511 23.89511
v 12 232.27495 26
v 12 235.86644 23.86644
v 12 238 23.38337
v 9.50983 238 23.50983
v 6.55162 232.55162 26
v 20 235.07735 23.07735
v 17.33739 235.33739 23.33739
v 20 238 22.32029
v 16.79987 238 22.79987
v 13.79699 231.797 26
v 28 233.51474 21.51475
v 24.34538 234.34538 22.34538
v 28 238 20.20612
v 23.56435 238 21.56435
v 36 230.68918 18.68918
v 30.81845 232.81845 20.81845
v 29.6724 238 19.6724
v 36.50917 230.50917 18.50917
v -28 238.37393 18.37393
v -20 240.45074 20.45074
v -27.53934 238.46066 18.46066
v -12 241.56293 21.56293
v -17.22595 240.77405 20.77405
v -12 246 19.62599
v -4 242.07962 22.07962
v -8.20353 241.79648 21.79647
v -4 246 20.5608
v -10.21639 246 19.78361
v 4 242.17691 22.17691
v 0.13247 242.13246 22.13247
v 4 246 20.73658
v -1.39295 246 20.60705
v 12 241.88835 21.88835
v 8.03384 242.03384 22.03384
v 12 246 20.2063
v 6.60917 246 20.60917
v 20 241.10342 21.10342
v 15.57932 241.57933 21.57932
v 20 246 18.7896
v 13.967 246 19.967
v 28 239.56935 19.56935
v 22.71956 240.71956 20.71956
v 20.65373 246 18.65373
v 29.29995 239.29994 19.29995
v -12 247.12564 19.12564
v -4 247.79652 19.79653
v -10.79988 247.20012 19.20012
v 4 247.92273 19.92274
v -2.18158 247.81842 19.81842
v 12 247.53625 19.53626
v 5.85597 247.85597 19.85597
v 20 246.53856 18.53857
v 13.4151 247.4151 19.4151
v 20.47188 246.47188 18.47188
v -13.85738 4.14262 32.14262
v -12 3.22521 31.22521
v -12 3.04627 34
v -16.07805 6 29.92195
v -16.48537 6 34
v -13.92572 4.07428 34
v -8.20498 1.79502 29.79502
v -4 0.7289 28.7289
v -4 0.39091 34
v -8.3985 1.6015 34
v -1.2711 0.7289 28.7289
v 4 0.7289 28.7289
v 4 0.39091 34
v -1.60909 0.39091 34
v 8.15424 2.15424 30.15424
v 12 3.22521 31.22521
v 12 3.04627 34
v 7.76584 1.76584 34
v 15.99924 6 29.99924
v 16.48537 6 34
v -22.35667 11.64333 31.64333
v -20 9.41205 29.41205
v -20 9.01848 34
v -23.91339 14 30.08661
v -24.17081 14 34
v -22.43902 11.56098 34
v -18.276 7.724 27.724
v -18.53695 7.46305 34
v 20 9.41205 29.41205
v 20 9.01848 34
v 23.825 14 29.825
v 24.17081 14 34
v -28.34892 21.65108 33.65108
v -28 21.05847 33.05847
v -28 20.94613 34
v -28.48539 22 33.51461
v -28.50991 22 34
v -28.36074 21.63926 34
v -25.48292 16.51708 28.51708
v -25.69959 16.30041 34
v 28 21.05847 33.05847
v 28 20.94613 34
v 28.01394 22 26.01394
v 28.50991 22 34
v -30.23507 27.76493 31.76493
v -30.78256 30 31.21744
v -30.9214 30 34
v -30.32068 27.67932 34
v 28.01997 22.01997 26.01997
v 30.61838 30 28.61838
v 30.95581 30 34
v 28.71156 22.71156 34
v -31.3667 34.6333 30.6333
v -31.719 38 30.281
v -31.90365 38 34
v -31.51505 34.48495 34
v 31.29401 33.29401 29.29401
v 32.19211 38 30.19211
v 32.37976 38 34
v 31.65931 33.65931 34
v -31.55198 42.44802 30.44802
v -31.52629 46 30.47371
v -31.67048 46 34
v -31.73557 42.26443 34
v 32.97099 42.97099 30.97098
v 33.41276 46 31.41276
v 33.45306 46 34
v 33.14638 43.14638 34
v -30.90808 51.09192 31.09192
v -30.73419 54 31.26581
v -30.80241 54 34
v -31.04419 50.95581 34
v 34.3466 52.3466 32.3466
v 34.60955 54 32.60955
v 34.54926 54 34
v 34.37672 52.37672 34
v -29.90986 60.09015 32.09015
v -29.77085 62 32.22915
v -29.77391 62 34
v -29.96519 60.03481 34
v 36 61.8952 33.8952
v 36 61.91117 34
v 36.56503 62 26.56503
v 36.01608 62 34
v -29.19509 68.80491 32.80491
v -29.15147 70 32.84853
v -29.11987 70 34
v -29.19734 68.80266 34
v 36.72614 62.72614 26.72614
v 38.67061 70 28.67061
v 37.99827 70 34
v 36.02111 62.02111 34
v -29.35503 76.64497 32.64497
v -29.41738 78 32.58262
v -29.33493 78 34
v -29.31892 76.68108 34
v 39.63667 73.63667 29.63666
v 40.98467 78 30.98467
v 40.50406 78 34
v 38.85123 72.85123 34
v -30.44007 83.55993 31.55993
v -30.81524 86 31.18476
v -30.57528 86 34
v -30.3191 83.68091 34
v 42.38942 84.38943 32.38942
v 42.77589 86 32.77589
v 42.5692 86 34
v 42.0449 84.0449 34
v -31.67045 90.32955 30.32955
v -32.35968 94 29.64032
v -31.96038 94 34
v -31.40548 90.59452 34
v 43.98557 93.98557 33.98557
v 44 94 33.87408
v 43.98793 94 33.98793
v 43.98581 94 34
v 43.98261 93.98261 34
v 44.77876 94 26.77876
v -32.73702 97.26298 29.26298
v -33.26797 102 28.73203
v -32.77514 102 34
v -32.34441 97.65559 34
v 44 94.13591 34
v 44.8517 94.85171 26.85171
v 45.51996 102 27.51996
v 44.79441 102 34
v -33.36811 104.63189 28.63189
v -33.56793 110 28.43207
v -33.04332 110 34
v -32.88266 105.11734 34
v 45.56418 103.56418 27.56418
v 45.76306 110 27.76306
v 45.06018 110 34
v 44.82019 102.82019 34
v -33.4718 112.5282 28.5282
v -33.26797 118 28.73203
v -32.77514 118 34
v -32.93787 113.06213 34
v 45.71472 111.71472 27.71472
v 45.51996 118 27.51996
v 44.79441 118 34
v 45.02794 111.02794 34
v -32.912 121.088 29.088
v -32.35968 126 29.64032
v -31.96038 126 34
v -32.39885 121.60115 34
v 43.98897 125.98898 33.98897
v 44 125.86409 34
v 44 125.93554 33.93554
v 44 126 33.87408
v 43.98793 126 33.98793
v 43.98581 126 34
v 43.98718 125.98718 34
v 45.40099 119.40099 27.401
v 44.77876 126 26.77876
v 44.72587 118.72588 34
v -31.47268 130.52731 30.52732
v -30.82598 134 31.17402
v -30.57572 134 34
v -31.08576 130.91423 34
v 44 129.11853 29.11853
v 42.96899 132.96898 32.96899
v 42.79775 134 32.79775
v 42.59399 134 34
v 42.81464 132.81464 34
v 44.70972 126.70972 26.70972
v -29.19382 140.80618 32.80618
v -29.04903 142 32.95097
v -28.91727 142 34
v -29.05853 140.94147 34
v 42.1297 140.1297 32.1297
v 41.77844 142 31.77844
v 41.27359 142 34
v 41.84855 139.84856 34
v -28 148.10274 34
v -28 149.11662 33.11662
v -28 150 32.98997
v -27.67799 150 34
v 41.5966 147.5966 31.5966
v 41.54253 150 31.54253
v 40.46936 150 34
v 41.07136 147.07135 34
v -28 155.69804 31.69804
v -28 158 32.32416
v -26.94298 158 34
v -27.58687 150.41313 34
v 41.7366 155.7366 31.7366
v 44 158 29.03995
v 42.01981 158 32.01981
v 40.31175 158 34
v 40.6977 154.69769 34
v 45.25763 158 27.25763
v -28 164.30634 32.30634
v -28 166 32.89738
v -26.73111 166 34
v -26.74534 159.25465 34
v 44 161.68199 29.68199
v 42.47024 164.47023 32.47024
v 44 166 31.65042
v 42.77547 166 32.77547
v 40.86502 166 34
v 40.95412 162.95412 34
v 45.45134 159.45134 27.45134
v 47.07705 166 29.07704
v -36 174 26.59439
v -28 173.2373 33.23731
v -28 174 33.47149
v -32.32474 174 29.67526
v -27.01412 174 34
v -26.59403 167.40596 34
v 44 172.5876 32.5876
v 43.31805 173.31805 33.31805
v 44 174 33.07968
v 43.45232 174 33.45232
v 42.09667 174 34
v 42.00485 172.00485 34
v 47.49432 169.49432 29.49432
v 52 174 26.57121
v 48.48986 174 30.48986
v 52.30016 174 26.30016
v -36 174.67018 26.67018
v -36 182 28.16364
v -28 181.80537 33.80537
v -30.34554 179.65446 31.65446
v -28 182 33.83669
v -28.7425 182 33.2575
v -27.60216 182 34
v -26.96587 175.03413 34
v 44 181.80057 33.80057
v 43.88602 181.88602 33.88602
v 44 182 33.83265
v 43.89714 182 33.89714
v 43.58067 182 34
v 43.53722 181.53723 34
v 52 174.67018 26.67018
v 48.82665 178.82664 30.82665
v 52 182 28.16364
v 49.16313 182 31.16313
v 52.32526 174.32526 26.32526
v 53.17309 182 27.17309
v -36 184.12132 28.12133
v -36 190 27.94718
v -28 189.7205 33.7205
v -29.20729 188.79271 32.79271
v -28 190 33.71398
v -29.3298 190 32.6702
v -27.2907 190 34
v -27.57575 182.42426 34
v 44 189.7205 33.7205
v 43.82726 189.82726 33.82726
v 44 190 33.71398
v 43.82486 190 33.82486
v 43.29071 190 34
v 43.31443 189.31444 34
v 52 184.12132 28.12133
v 49.11356 187.11356 31.11356
v 52 190 27.94718
v 49.06934 190 31.06934
v 53.16073 183.16074 27.16073
v 53.05134 190 27.05134
v -36 191.64885 27.64885
v -28 196.81279 32.8128
v -31.86988 194.13011 30.13012
v -28 198 32.54602
v -24.70957 198 34
v -26.96465 191.03534 34
v 44 196.81279 32.8128
v 43.23854 197.23854 33.23854
v 44 198 32.54602
v 43.13754 198 33.13754
v 40.70957 198 34
v 41.48983 195.48984 34
v 52 191.64885 27.64885
v 48.661 194.661 30.661
v 48.1817 198 30.1817
v 52.95927 190.95927 26.95928
v -28 203.1487 31.14869
v -28 206 29.78108
v -20.0484 205.9516 33.9516
v -20 205.84969 34
v -20 205.97359 33.97359
v -20 206 33.96327
v -20.09693 206 33.90306
v -19.87798 206 34
v 35.97995 205.97995 33.97995
v 36 205.84969 34
v 36 205.97359 33.97359
v 36 206 33.96327
v 35.97493 206 33.97493
v 35.87798 206 34
v 35.9312 205.9312 34
v 44 203.1487 31.14869
v 42.14783 204.14784 32.14783
v 44 206 29.78108
v 41.63538 206 31.63538
v 38.91762 200.91762 34
v 47.56474 201.56473 29.56474
v 46.28124 206 28.28124
v -28 208.68942 28.68942
v -20 211.88646 31.88646
v -23.90748 210.09251 30.09252
v -20 214 30.51795
v -12.45561 213.54439 33.54439
v -12 212.65114 34
v -12 213.6837 33.6837
v -12 214 33.49811
v -12.91804 214 33.08196
v -9.60993 214 34
v 27.72975 213.72975 33.72976
v 28 212.63223 34
v 28 213.67857 33.67857
v 28 214 33.48946
v 27.6134 214 33.6134
v 25.58172 214 34
v 27.11032 213.11032 34
v 36 211.83319 31.83319
v 34.38366 212.38367 32.38366
v 36 214 30.33815
v 33.66442 214 31.66442
v 31.55964 209.55965 34
v 44 208.59811 28.59811
v 40.48965 210.48965 30.48965
v 38.8811 214 28.88109
v 45.82034 207.82033 27.82034
v -20 217.12532 29.12532
v -20 222 26.09501
v -12 219.27269 31.27269
v -16.00348 217.99652 29.99652
v -12 222 29.3629
v -19.85303 222 26.14697
v -5.93946 220.06053 32.06054
v -4 216.63428 34
v -4 220.45821 32.4582
v -4 222 31.32413
v -7.68291 222 30.31709
v 2.86325 220.86325 32.86325
v 4 218.37331 34
v 4 220.97379 32.97378
v 4 222 32.20956
v 1.93171 222 31.93171
v -0.68482 217.31519 34
v 10.95079 220.95079 32.95079
v 12 218.32277 34
v 12 220.95079 32.95079
v 12 222 32.15533
v 10.17393 222 32.17393
v 8.32277 218.32277 34
v 18.53109 220.5311 32.53109
v 20 216.53177 34
v 20 220.38393 32.38393
v 20 222 31.11547
v 17.53049 222 31.53049
v 15.52815 217.52815 34
v 28 219.13652 31.13652
v 25.65264 219.65263 31.65264
v 28 222 28.80835
v 24.15582 222 30.15582
v 21.76092 215.76093 34
v 36 216.8618 28.86181
v 32.26205 218.26205 30.26206
v 30.04692 222 28.04692
v 38.19811 216.1981 28.19811
v -20 222.06419 26.0642
v -12 224.25476 28.25476
v -19.91979 222.08022 26.08021
v -4 225.5654 29.56539
v -9.42866 224.57133 28.57134
v -4 230 26.70178
v 4 226.15057 30.15058
v -0.22919 225.77081 29.77081
v 4 230 27.47562
v -3.2291 230 26.7709
v 12 226.08617 30.08617
v 8.11245 226.11244 30.11245
v 12 230 27.26755
v 5.45279 230 27.45279
v 20 225.3497 29.3497
v 15.81072 225.81071 29.81072
v 13.12737 230 27.12737
v 28 223.80217 27.80218
v 22.94029 224.94029 28.94029
v 29.48291 223.48291 27.48291
v -4 230.46159 26.46159
v 4 230.95822 26.95823
v -3.51767 230.48233 26.48233
v 12 230.81468 26.81469
v 4.94302 230.94302 26.94302
v 12.75708 230.75708 26.75708
v -12.82967 5.17033 41.17033
v -12 4.59178 40.59178
v -12 4.87231 42
v -14.54218 6 39.45782
v -13.74322 6 42
v -12.73498 5.26502 42
v -7.54057 2.45943 38.45943
v -4 1.16818 37.16818
v -4 2.13464 42
v -7.03054 2.96946 42
v -0.83182 1.16818 37.16818
v 4 1.16818 37.16818
v 4 2.13464 42
v 0.13464 2.13464 42
v 9.67227 3.67227 39.67227
v 12 4.59178 40.59178
v 12 4.87231 42
v 10.39206 4.39206 42
v 15.46322 6 37.46322
v 13.74322 6 42
v -21.51455 12.48546 40.48545
v -20 10.25822 38.25822
v -20 11.24381 42
v -22.93655 14 39.06345
v -22.33438 14 42
v -21.351 12.649 42
v -18.2058 7.7942 35.7942
v -17.3932 8.6068 42
v 20 10.25822 38.25822
v 20 11.24381 42
v 23.49 14 37.49
v 22.33438 14 42
v -28 22 36.77145
v -25.2512 16.7488 36.7488
v -26.95754 22 42
v -24.60617 17.39383 42
v 26.33519 20.33519 40.33519
v 28 22 36.77145
v 27.1715 22 41.1715
v 26.95754 22 42
v 25.35638 19.35638 42
v 28.44329 22 34.44329
v -28 25.09778 42
v -29.35133 28.64867 40.64867
v -29.77976 30 40.22024
v -29.506 30 42
v -29.19226 28.80774 42
v -27.25582 22.74418 42
v 28 25.09778 42
v 28.58412 22.58412 34.58412
v 30.56805 30 36.56805
v 29.52308 30 42
v -30.62924 35.37076 39.37076
v -30.98508 38 39.01492
v -30.52806 38 42
v -30.27256 35.72744 42
v 31.02515 33.02515 37.02515
v 31.72798 38 37.72798
v 30.81182 38 42
v 29.8578 31.8578 42
v -30.71839 43.28162 39.28162
v -30.65996 46 39.34004
v -30.23133 46 42
v -30.2836 43.7164 42
v 32.112 42.112 38.112
v 32.45324 46 38.45324
v 31.45492 46 42
v 31.17153 41.17153 42
v -29.46686 52.53314 40.53314
v -29.31707 54 40.68293
v -29.06868 54 42
v -29.18772 52.81227 42
v 32.75672 50.75672 38.75672
v 33.02102 54 39.02102
v 31.79086 54 42
v 31.76255 49.76255 42
v -28 59.57163 42
v -28 60.90066 40.90066
v -28 62 40.33024
v -27.4662 62 42
v 33.37398 59.37398 39.37398
v 36 62 34.04051
v 33.68189 62 39.68189
v 32.22921 62 42
v 32.17865 58.17865 42
v 36.01233 62 34.01233
v -28 66.05559 38.05559
v -28 70 37.10757
v -25.8572 70 42
v -27.27789 62.72211 42
v 36 62.06016 34.06016
v 34.27922 68.27921 40.27922
v 36 70 37.9046
v 34.58331 70 40.58331
v 33.27861 70 42
v 33.00344 67.00344 42
v 36.01405 62.01405 34.01405
v 37.45024 70 35.45024
v -28 72.61769 36.61769
v -28 78 36.96811
v -25.09617 78 42
v -25.56988 72.43011 42
v 36 76.54268 40.54268
v 35.65038 77.65038 41.65038
v 36 78 41.30101
v 35.7285 78 41.7285
v 35.39611 78 42
v 35.21056 77.21056 42
v 37.72056 71.72056 35.72056
v 39.11442 78 37.11442
v -28 81.44467 37.44467
v -28 86 38.85194
v -25.77558 86 42
v -25.35567 80.64433 42
v 36 79.84309 42
v 39.69334 81.69334 37.69334
v 40.48117 86 38.48117
v 37.72191 86 42
v -28 92.74437 40.74437
v -28 94 41.14769
v -27.36829 94 42
v -26.15961 87.84039 42
v 41.02409 91.02409 39.02409
v 41.39373 94 39.39373
v 39.28516 94 42
v 38.13319 88.13319 42
v -28 99.06062 42
v -28.50867 101.49133 41.49133
v -28.62402 102 41.37598
v -28.32061 102 42
v -28.28998 101.71001 42
v -27.43718 94.56282 42
v 41.7579 99.7579 39.7579
v 44 102 35.6712
v 41.91859 102 39.91859
v 40.20538 102 42
v 39.7096 97.7096 42
v 44.58696 102 34.58696
v -29.10862 108.89138 40.89138
v -29.19261 110 40.80739
v -28.60903 110 42
v -28.58838 109.41162 42
v 44 103.78412 35.78412
v 42.0444 108.0444 40.0444
v 44 110 36.21899
v 42.09015 110 40.09015
v 40.50955 110 42
v 40.37125 106.37125 42
v 44.59972 102.59972 34.59972
v 44.78223 110 34.78223
v -28.67489 117.32511 41.32511
v -28.62402 118 41.37598
v -28.32061 118 42
v -28.33228 117.66772 42
v 44 112.08779 36.08779
v 41.96629 115.96629 39.96629
v 44 118 35.6712
v 41.91859 118 39.91859
v 40.20538 118 42
v 40.34471 114.34471 42
v 44.76599 110.76598 34.76599
v 44.58696 118 34.58696
v -28 120.93938 42
v -28 125.28353 41.28354
v -28 126 41.14769
v -27.36829 126 42
v 44 119.40369 35.40368
v 41.5695 123.5695 39.5695
v 41.39373 126 39.39373
v 39.28516 126 42
v 39.77411 121.77411 42
v 44.5517 118.5517 34.5517
v -28 131.56757 39.56757
v -28 134 38.75589
v -25.68615 134 42
v -27.20031 126.79969 42
v 40.89024 130.89024 38.89024
v 40.4956 134 38.4956
v 37.73183 134 42
v 38.76936 128.76936 42
v -28 137.49954 37.49955
v -28 142 35.59856
v -23.42922 142 42
v -24.6866 137.3134 42
v 35.8711 141.87109 41.8711
v 36 140.86577 42
v 36 141.72514 41.72514
v 36 142 41.61901
v 35.84785 142 41.84785
v 35.65237 142 42
v 35.7412 141.7412 42
v 40.12877 138.12877 38.12877
v 39.45163 142 37.45163
v 37.49435 135.49435 42
v -28 143.23766 35.23766
v -25.81221 150 36.18779
v -21.0505 150 42
v -21.36787 148.63213 42
v 36 147.99762 39.99761
v 35.08315 149.08315 41.08315
v 36 150 39.49185
v 34.88452 150 40.88452
v 33.38374 150 42
v 34.13826 148.13826 42
v 39.25356 145.25356 37.25356
v 38.67058 150 36.67058
v -20 153.64738 42
v -20 157.06114 41.06115
v -20 158 40.82225
v -18.34852 158 42
v 36 154.55745 38.55746
v 34.30922 156.30922 40.30922
v 36 158 38.16848
v 34.02231 158 40.02231
v 31.01547 158 42
v 32.43521 154.43521 42
v 38.57678 152.57678 36.57678
v 38.24654 158 36.24654
v -20 163.56041 39.56041
v -20 166 39.20821
v -15.1355 166 42
v -16.96756 161.03244 42
v 36 161.63309 37.63308
v 33.5966 163.5966 39.5966
v 36 166 37.54013
v 33.31069 166 39.31069
v 28.33774 166 42
v 30.53036 160.53036 42
v 38.20533 160.20534 36.20533
v 38.13108 166 36.13108
v -20 170.41069 38.41069
v -20 174 38.16574
v -12.4776 173.5224 41.5224
v -12 172.75815 42
v -12 173.7618 41.7618
v -12 174 41.71423
v -12.536 174 41.464
v -11.05546 174 42
v 27.24639 173.24638 41.24639
v 28 166.98051 42
v 28 172.89777 40.89777
v 28 174 40.78377
v 27.10233 174 41.10233
v 24.29447 174 42
v 25.88811 171.88811 42
v 36 169.19943 37.19943
v 32.99025 170.99025 38.99025
v 36 174 37.31973
v 32.77132 174 38.77132
v 28.28551 166.28551 42
v 38.10937 168.10938 36.10937
v 38.20753 174 36.20753
v -20 177.63826 37.63826
v -20 182 37.5301
v -12 180.4214 40.4214
v -14.58192 179.41808 39.41808
v -12 182 40.24225
v -14.67844 182 39.32156
v -4.45685 182 42
v -6.2935 179.7065 42
v 19.79034 181.79034 41.79034
v 20 180.55554 42
v 20 181.74988 41.74987
v 20 182 41.71249
v 19.74558 182 41.74558
v 17.97378 182 42
v 19.2498 181.2498 42
v 28 179.89619 39.8962
v 26.39213 180.39212 40.39213
v 28 182 39.80251
v 26.19896 182 40.19896
v 22.94417 176.94417 42
v 36 177.06487 37.06486
v 32.51246 178.51245 38.51246
v 36 182 37.26437
v 32.39482 182 38.39482
v 38.18174 176.18175 36.18174
v 38.35115 182 36.35115
v -20 185.14255 37.14255
v -20 190 37.01428
v -12 187.35385 39.35385
v -15.75245 186.24754 38.24755
v -12 190 39.20941
v -15.88764 190 38.11236
v -5.55575 188.44426 40.44425
v -4 182.52786 42
v -4 188.74463 40.74463
v -4 190 40.62344
v -5.65911 190 40.34089
v 3.33455 189.33455 41.33455
v 4 186.63199 42
v 4 189.39609 41.39609
v 4 190 41.32123
v 3.26411 190 41.26411
v -2.98735 183.01265 42
v 11.34207 189.34207 41.34207
v 12 186.12518 42
v 12 189.33298 41.33297
v 12 190 41.26069
v 11.26119 190 41.26119
v 8.44942 186.44942 42
v 20 188.57936 40.57936
v 18.72128 188.72128 40.72128
v 20 190 40.49069
v 18.59541 190 40.59541
v 14.69852 184.69852 42
v 28 187.16469 39.16468
v 25.62919 187.6292 39.62919
v 28 190 39.09224
v 25.50372 190 39.50372
v 36 185.03598 37.03598
v 32.15676 186.15675 38.15676
v 36 190 36.96608
v 32.07811 190 38.07811
v 38.29537 184.29538 36.29537
v 38.23486 190 36.23486
v -20 192.68387 36.68388
v -20 198 35.98677
v -12 194.56134 38.56133
v -16.56713 193.43288 37.43287
v -12 198 38.16473
v -17.36225 198 36.63775
v -4 195.6913 39.69129
v -6.70447 195.29553 39.29553
v -4 198 39.45494
v -7.07345 198 38.92655
v 4 196.23386 40.23385
v 2.10885 196.10884 40.10885
v 4 198 40.06577
v 1.89947 198 39.89946
v 12 196.22728 40.22729
v 10.2283 196.2283 40.2283
v 12 198 40.05985
v 10.05985 198 40.05985
v 20 195.68668 39.68668
v 17.82851 195.82851 39.82851
v 20 198 39.45006
v 17.6377 198 39.6377
v 28 194.56134 38.56133
v 25.00375 195.00375 39.00375
v 28 198 38.16473
v 24.73736 198 38.73736
v 36 192.68387 36.68388
v 31.76933 193.76933 37.76933
v 36 198 35.98677
v 31.37402 198 37.37402
v 38.0725 192.07249 36.0725
v 37.48969 198 35.48969
v -20 199.65585 35.65585
v -12 201.50688 37.50689
v -17.91032 200.08968 36.08968
v -12 206 36.43321
v -4 202.6133 38.61329
v -7.96289 202.03711 38.03711
v -4 206 37.87693
v -9.09391 206 36.90609
v 4 203.13466 39.13466
v 0.92884 202.92883 38.92884
v 4 206 38.54689
v 0.20464 206 38.20464
v 12 203.13466 39.13466
v 9.13466 203.13466 39.13466
v 12 206 38.54689
v 8.54689 206 38.54689
v 20 202.6133 38.61329
v 16.82665 202.82664 38.82665
v 20 206 37.87693
v 16.22218 206 38.22218
v 28 201.50688 37.50689
v 24.08541 202.08542 38.08541
v 28 206 36.43321
v 23.34996 206 37.34996
v 36 199.65585 35.65585
v 30.92441 200.92441 36.92441
v 29.9516 206 35.9516
v 37.29438 199.29439 35.29438
v -12 207.88531 35.88531
v -4 209.03131 37.03131
v -9.83876 208.16124 36.16124
v -4 214 35.19841
v 4 209.56909 37.56909
v -0.76845 209.23155 37.23155
v 4 214 36.00085
v -2.69051 214 35.30949
v 12 209.56909 37.56909
v 7.56909 209.56909 37.56909
v 12 214 36.00085
v 6.00085 214 36.00085
v 20 209.03131 37.03131
v 15.36268 209.36269 37.36268
v 20 214 35.19841
v 13.84733 214 35.84733
v 28 207.88531 35.88531
v 22.69559 208.69559 36.69559
v 21.02386 214 35.02385
v 29.58087 207.58087 35.58087
v -4 214.87079 34.8708
v 4 215.45471 35.45471
v -3.07698 214.92302 34.92302
v 12 215.45195 35.45194
v 5.45194 215.45195 35.45194
v 20 214.86496 34.86496
v 13.36969 215.36969 35.36969
v 20.77244 214.77243 34.77244
v -12 6 44.18375
v -4 6 49.2941
v -6.1162 6 47.8838
v 4 6 49.2941
v 3.2941 6 49.2941
v 12 6 44.18375
v 8.6602 6 46.6602
v 13.03489 6 43.03489
v -20 14 46.25502
v -12 9.72165 50
v -15.68283 10.31717 46.31717
v -17.18711 14 50
v -14.50147 11.49853 50
v -4 6.46255 50
v -9.50041 8.49959 50
v 4 6.46255 50
v -3.53745 6.46255 50
v 12 9.72165 50
v 4.84095 6.84095 50
v 15.00708 9.00708 45.00708
v 20 14 46.25502
v 18.53809 14 48.53809
v 17.18711 14 50
v 21.60621 14 43.60621
v -20 17.34254 50
v -22.68543 19.31457 47.31457
v -25.70432 22 44.29568
v -22.9016 22 50
v -21.88417 20.11583 50
v -18.57366 15.42634 50
v 20 17.34254 50
v 22.53578 16.53578 44.53578
v 24.83625 22 46.83625
v 22.9016 22 50
v -28 30 45.60544
v -26.73346 23.26654 43.26654
v -25.87022 30 50
v -24.39261 25.60739 50
v 26.20635 28.20635 48.20634
v 28 30 45.60544
v 26.67874 30 48.67874
v 25.87022 30 50
v 24.50385 26.50385 50
v 29.12963 30 43.12963
v -28 35.17162 47.17162
v -28 38 48.06222
v -27.06648 38 50
v -26.18039 31.81961 50
v 28 35.33905 47.33905
v 27.40129 37.40129 49.40129
v 28 38 48.25906
v 27.46818 38 49.46818
v 27.14039 38 50
v 26.9665 36.9665 50
v 29.28286 31.28286 43.28286
v 30.03967 38 44.03967
v -28 43.5175 47.5175
v -28 46 47.26194
v -26.67528 46 50
v -27.01147 38.98853 50
v 28 44.61848 48.61848
v 27.59416 45.59416 49.59416
v 28 46 48.77754
v 27.58669 46 49.58669
v 27.3066 46 50
v 27.33713 45.33713 50
v 30.16392 40.16393 44.16393
v 30.40207 46 44.40207
v -28 49.81916 45.81916
v -28 54 44.33331
v -24.98948 54 50
v -26.21694 47.78305 50
v 28 52.13842 48.13842
v 27.3287 53.3287 49.3287
v 28 54 48.15863
v 27.27722 54 49.27722
v 26.68032 54 50
v 26.89916 52.89916 50
v 30.44517 48.44516 44.44516
v 30.46935 54 44.46935
v -28 55.58041 43.58041
v -26.39605 62 43.60395
v -22.39727 62 50
v -23.33701 58.66299 50
v 28 59.40688 47.40688
v 26.90062 60.90062 48.90062
v 28 62 47.4511
v 26.81378 62 48.81378
v 25.51334 62 50
v 26.07498 60.07498 50
v 30.48111 56.48111 44.48111
v 30.5247 62 44.5247
v -20 68.55059 50
v -20 69.52528 49.52528
v -20 70 49.35603
v -19.25436 70 50
v 28 67.07188 47.07188
v 26.58466 68.58466 48.58466
v 28 70 47.3441
v 26.55488 70 48.55488
v 24.33279 70 50
v 25.13853 67.13853 50
v 30.57873 64.57873 44.57873
v 30.84726 70 44.84726
v -20 75.65688 47.65687
v -20 78 47.35483
v -16.10678 78 50
v -18.66466 71.33534 50
v 28 75.55501 47.555
v 26.69314 76.69315 48.69315
v 28 78 48.02299
v 26.78646 78 48.78646
v 24.16881 78 50
v 24.57249 74.57249 50
v 31.03482 73.03482 45.03482
v 31.60339 78 45.60339
v -20 82.98765 46.98764
v -20 86 47.25162
v -15.09021 86 50
v -15.47903 82.52097 50
v 28 85.11193 49.11193
v 27.49045 85.49046 49.49046
v 28 86 49.32166
v 27.5601 86 49.5601
v 26.35416 86 50
v 25.92764 83.92764 50
v 32.05687 82.05687 46.05687
v 36 86 43.75304
v 32.64806 86 46.64806
v 36.95204 86 42.95204
v -20 91.88979 47.88979
v -20 94 48.26006
v -16.67598 94 50
v -15.92471 90.07529 50
v 28 90.5999 50
v 36 88.12581 44.12581
v 33.13082 91.13082 47.13082
v 36 94 45.27602
v 33.42645 94 47.42645
v 28.87282 94 50
v 37.05025 87.05025 43.05025
v 37.79648 94 43.79648
v -28 102 42.36669
v -20 100.90337 48.90336
v -20 102 49.01617
v -26.09073 102 43.90927
v -18.09111 102 50
v -17.16687 96.83313 50
v 36 97.64711 45.64711
v 33.7449 99.7449 47.7449
v 36 102 46.1426
v 33.87734 102 47.87734
v 30.08917 102 50
v 29.03111 95.03111 50
v 37.90112 95.90112 43.90112
v 38.28386 102 44.28386
v -28 102.38054 42.38054
v -28 110 42.69384
v -20 109.23711 49.23711
v -25.64581 104.35419 44.35419
v -20 110 49.26273
v -24.46207 110 45.53793
v -18.56221 110 50
v -18.19459 103.80541 50
v 36 106.28532 46.28532
v 33.98706 107.98707 47.98706
v 36 110 46.42421
v 34.02532 110 48.02532
v 30.49254 110 50
v 30.20152 104.20152 50
v 38.3261 104.3261 44.3261
v 38.44325 110 44.44325
v -28 110.6696 42.6696
v -28 118 42.36669
v -20 117.04825 49.04825
v -25.01233 112.98768 44.98767
v -20 118 49.01617
v -26.09073 118 43.90927
v -18.09111 118 50
v -18.47461 111.52539 50
v 36 114.2822 46.2822
v 33.91695 115.91695 47.91695
v 36 118 46.1426
v 33.87734 118 47.87734
v 30.08917 118 50
v 30.37141 112.37141 50
v 38.39978 112.39979 44.39978
v 38.28386 118 44.28386
v -28 118.3305 42.3305
v -20 124.42393 48.42393
v -26.78449 119.21552 43.21552
v -20 126 48.26006
v -16.67598 126 50
v -17.68872 120.31127 50
v 36 121.76469 45.76469
v 33.56968 123.56968 47.56968
v 36 126 45.27602
v 33.42645 126 47.42645
v 28.87282 126 50
v 29.81066 119.81065 50
v 38.16563 120.16563 44.16563
v 37.79648 126 43.79648
v -20 131.40981 47.40981
v -20 134 46.93748
v -14.30296 134 50
v -15.284 130.716 50
v 27.59757 133.59758 49.59757
v 28 129.4001 50
v 28 133.41719 49.4172
v 28 134 49.32166
v 27.5601 134 49.5601
v 26.3527 134 50
v 26.7784 132.7784 50
v 36 128.79761 44.7976
v 32.964 130.964 46.964
v 36 134 43.75304
v 32.64806 134 46.64806
v 28.69382 126.69382 50
v 37.65131 127.65131 43.65131
v 36.95609 134 42.95609
v -20 138.03621 46.03621
v -20 142 44.95615
v -12.83813 141.16187 49.16187
v -12 139.45427 50
v -12 141.58313 49.58313
v -12 142 49.48862
v -13.35174 142 48.64826
v -10.36709 142 50
v 28 140.06068 48.06068
v 26.66133 140.66133 48.66133
v 28 142 47.57573
v 26.46108 142 48.46108
v 22.3141 142 50
v 24.22034 138.22035 50
v 36 135.44067 43.44067
v 32.16365 138.16365 46.16365
v 31.55244 142 45.55244
v 36.88447 134.88448 42.88447
v -20 144.407 44.40699
v -20 150 42.84634
v -12 148.08633 48.08634
v -15.86812 146.13188 46.13188
v -12 150 47.51498
v -18.18404 150 43.81596
v -4.06945 150 50
v -4.31005 149.68994 50
v 19.40397 149.40398 49.40397
v 20 145.89844 50
v 20 149.2596 49.2596
v 20 150 49.04852
v 19.27017 150 49.27017
v 15.47764 150 50
v 17.91008 147.91008 50
v 28 146.57913 46.57914
v 25.6768 147.6768 47.6768
v 28 150 45.64142
v 25.18917 150 47.18917
v 21.53206 143.53206 50
v 31.21268 145.21268 45.21268
v 30.36161 150 44.36161
v -20 150.69611 42.6961
v -12 154.49678 46.49678
v -18.83851 151.16148 43.16149
v -12 158 45.50348
v -6.12383 155.87616 47.87616
v -4 150.0864 50
v -4 156.55121 48.55121
v -4 158 48.11091
v -6.98571 158 47.01429
v 3.23727 157.23727 49.23727
v 4 154.36433 50
v 4 157.34511 49.34511
v 4 158 49.1439
v 2.97278 158 48.97278
v -3.82084 150.17915 50
v 11.15422 157.15422 49.15422
v 12 153.06013 50
v 12 157.11354 49.11354
v 12 158 48.84586
v 10.90311 158 48.90311
v 7.80127 153.80127 50
v 20 155.78566 47.78566
v 18.22752 156.22752 48.22752
v 20 158 47.15765
v 17.77594 158 47.77594
v 13.70686 151.70686 50
v 28 153.01312 45.01312
v 24.57408 154.57408 46.57408
v 28 158 43.81663
v 23.84899 158 45.84899
v 30.14732 152.14732 44.14732
v 29.21113 158 43.21113
v -12 160.86078 44.86079
v -12 166 43.53386
v -4 162.97148 46.97149
v -8.31909 161.68091 45.68091
v -4 166 46.07659
v -9.86866 166 44.13134
v 4 163.8195 47.81951
v 1.47716 163.47716 47.47716
v 4 166 47.14677
v 0.63041 166 46.63041
v 12 163.5874 47.58741
v 9.68599 163.68599 47.68599
v 12 166 46.86533
v 8.99334 166 46.99334
v 20 162.22995 46.22994
v 16.92991 162.92992 46.92991
v 20 166 45.22692
v 16.14676 166 46.14676
v 28 159.5128 43.5128
v 23.39171 161.39171 45.3917
v 28 166 42.17389
v 22.45786 166 44.45786
v 29.10411 159.10411 43.10411
v 28.12021 166 42.12021
v -12 167.25439 43.2544
v -4 169.30275 45.30276
v -10.42178 167.57822 43.57822
v -4 174 44.01793
v 4 170.16391 46.16391
v -0.37899 169.621 45.62101
v 4 174 45.04275
v -1.72773 174 44.27227
v 12 169.94876 45.94877
v 8.08408 170.08408 46.08408
v 12 174 44.81184
v 6.96779 174 44.96779
v 20 168.64447 44.64447
v 15.52075 169.52075 45.52076
v 20 174 43.36239
v 14.43305 174 44.43305
v 28 166.1456 42.1456
v 22.16057 168.16057 44.16058
v 21.06638 174 43.06638
v 28.10953 166.10953 42.10953
v -4 175.63185 43.63185
v -4 182 42.1088
v 4 176.45126 44.45126
v -2.22313 175.77687 43.77687
v 4 182 43.01791
v -3.87896 182 42.12104
v 12 176.27507 44.27507
v 6.41511 176.4151 44.41511
v 12 182 42.86503
v 4.99909 182 42.99909
v 20 175.11737 43.11738
v 14.0551 176.0551 44.0551
v 12.76322 182 42.76322
v 20.93372 174.93372 42.93372
v -4 182.08809 42.0881
v 4 182.82004 42.82004
v -3.90486 182.09514 42.09514
v 12 182.70039 42.70039
v 4.81183 182.81183 42.81184
v 12.64211 182.64212 42.64211
v -12 14 54.30193
v -4 14 57.45808
v -4.97684 14 57.02316
v 4 14 57.45808
v 3.45808 14 57.45808
v 12 14 54.30193
v 9.52074 14 55.52074
v 14.53944 14 52.53944
v -20 22 53.47446
v -12 19.3261 58
v -15.54523 18.45477 54.45477
v -14.43863 22 58
v -13.33722 20.66278 58
v -4 14.80754 58
v -8.72279 17.27721 58
v 4 14.80754 58
v -3.19246 14.80754 58
v 12 19.3261 58
v 5.94988 15.94988 58
v 16.03185 18.03185 54.03186
v 20 22 53.47446
v 17.73972 22 55.73972
v 14.43863 22 58
v 21.70262 22 51.70262
v -20 28.24277 56.24277
v -20 30 57.06988
v -18.8695 30 58
v -16.54155 25.45845 58
v 20 28.24277 56.24277
v 19.37258 29.37258 57.37258
v 20 30 57.06988
v 19.54219 30 57.54219
v 18.8695 30 58
v 17.35892 27.35892 58
v 22.10865 24.10865 52.10865
v 23.46948 30 53.46948
v -20 35.04254 58
v -21.40301 36.59699 56.59699
v -22.57251 38 55.42749
v -20.51503 38 58
v -20.44634 37.55366 58
v -19.09614 30.90386 58
v 20 35.04254 58
v 23.7913 33.7913 53.7913
v 24.20869 38 54.20869
v 20.51993 38 58
v -20.34414 45.65586 57.65586
v -20.24757 46 57.75243
v -20.0492 46 58
v -20.05187 45.94813 58
v 24.23697 42.23697 54.23697
v 24.13881 46 54.13881
v 20.14724 46 58
v 20.52687 38.52686 58
v -20 46.18189 58
v -20 52.2873 56.2873
v -20 54 55.74018
v -17.16808 54 58
v 19.34996 53.34996 57.34996
v 20 46.71975 58
v 20 52.79729 56.79729
v 20 54 56.56243
v 19.22924 54 57.22924
v 17.96544 54 58
v 18.5713 52.5713 58
v 23.94412 49.94411 53.94411
v 23.51935 54 53.51935
v 20.13381 46.13381 58
v -20 58.13379 54.13379
v -20 62 52.52686
v -12.41581 62 58
v -12.92191 61.07809 58
v 20 59.17731 55.17731
v 18.32236 60.32236 56.32236
v 20 62 54.50448
v 17.90289 62 55.90289
v 13.85585 62 58
v 16.32707 58.32706 58
v 23.25648 57.25648 53.25648
v 22.60306 62 52.60307
v -20 63.80342 51.80342
v -16.6882 65.3118 53.3118
v -12 62.61916 58
v -12 67.80749 55.80749
v -12 70 54.82626
v -4.46618 69.53381 57.53382
v -4 68.89402 58
v -4 69.67393 57.67394
v -4 70 57.51622
v -4.77837 70 57.22163
v -9.29167 64.70833 58
v 3.93841 69.93842 57.93842
v 4 69.78616 58
v 4 69.93984 57.93984
v 4 70 57.9134
v 3.90707 70 57.90707
v 3.77234 69.77234 58
v 10.98192 68.98192 56.98192
v 12 64.85462 58
v 12 68.70341 56.70341
v 12 70 56.2886
v 10.60829 70 56.60829
v 9.2337 67.2337 58
v 20 65.60027 53.60027
v 17.12993 67.12993 55.12992
v 20 70 52.79974
v 16.47632 70 54.47632
v 13.28748 63.28748 58
v 22.40982 64.40982 52.40982
v 21.76764 70 51.76764
v -12 73.60442 53.60443
v -12 78 52.36882
v -4 75.62415 55.62414
v -7.31449 74.68551 54.68551
v -4 78 54.9248
v -8.63717 78 53.36283
v 4 76.06746 56.06746
v 1.961 75.961 55.961
v 4 78 55.57924
v 1.31346 78 55.31346
v 12 75.06354 55.06354
v 9.5219 75.5219 55.5219
v 12 78 54.58772
v 8.9648 78 54.9648
v 20 72.41379 52.41378
v 16.03875 74.03875 54.03875
v 20 78 52.08476
v 15.54304 78 53.54304
v 21.69309 71.69309 51.69309
v 21.43704 78 51.43703
v -12 80.00919 52.00919
v -12 86 51.57256
v -4 82.20337 54.20337
v -9.32856 80.67144 52.67144
v -4 86 53.9404
v -9.85764 86 52.14236
v 4 82.88684 54.88684
v 0.59148 82.59148 54.59148
v 4 86 54.76752
v 0.33194 86 54.33194
v 12 82.20531 54.20531
v 8.59326 82.59325 54.59326
v 12 86 54.27139
v 8.47081 86 54.47081
v 20 80.02513 52.02513
v 15.46614 81.46614 53.46614
v 20 86 52.51111
v 15.53142 86 53.53142
v 21.46846 79.46847 51.46846
v 21.8625 86 51.8625
v -12 87.56822 51.56822
v -12 94 52.17368
v -4 89.97294 53.97294
v -9.83202 88.16798 52.16798
v -4 94 54.35628
v -9.09944 94 52.90056
v 4 90.91662 54.91662
v 0.48633 90.48633 54.48633
v 4 94 55.23486
v 0.85943 94 54.85942
v 12 90.54105 54.54105
v 8.73706 90.73706 54.73706
v 12 94 54.94536
v 9.06277 94 55.06277
v 20 88.75611 52.75611
v 15.80693 89.80693 53.80693
v 20 94 53.4426
v 16.22572 94 54.22572
v 22.02703 88.02703 52.02703
v 28 94 50.48808
v 22.62275 94 52.62275
v 28.33218 94 50.33218
v -12 96.34258 52.34258
v -12 102 52.79444
v -4 98.6824 54.6824
v -8.78618 97.21382 53.21383
v -4 102 54.92488
v -8.27685 102 53.72315
v 4 99.61841 55.6184
v 1.26786 99.26787 55.26786
v 4 102 55.78428
v 1.49049 102 55.49049
v 12 99.31059 55.31059
v 9.42128 99.42128 55.42128
v 12 102 55.50111
v 9.595 102 55.595
v 20 97.70725 53.70726
v 16.49125 98.49125 54.49125
v 20 102 54.03424
v 16.70378 102 54.70378
v 28 94.52837 50.52837
v 22.77419 96.77419 52.77419
v 28 102 51.15614
v 23.07788 102 53.07788
v 28.35027 94.35027 50.35027
v 28.78877 102 50.78877
v -12 104.86388 52.86388
v -12 110 52.99866
v -4 107.04115 55.04115
v -8.15347 105.84653 53.84653
v -4 110 55.11175
v -8.00838 110 53.99162
v 4 107.91793 55.91793
v 1.63461 107.63461 55.63461
v 4 110 55.96506
v 1.69752 110 55.69752
v 12 107.62912 55.62912
v 9.7202 107.7202 55.7202
v 12 110 55.6838
v 9.77012 110 55.77012
v 20 106.13159 54.13159
v 16.79775 106.79774 54.79775
v 20 110 54.2281
v 16.86091 110 54.86091
v 28 103.18594 51.18594
v 23.13452 105.13452 53.13452
v 28 110 51.37453
v 23.22717 110 53.22717
v 28.80248 102.80248 50.80248
v 28.93849 110 50.9385
v -12 112.92781 52.92781
v -12 118 52.79444
v -4 114.9966 54.9966
v -8.13209 113.86791 53.86791
v -4 118 54.92488
v -8.27685 118 53.72315
v 4 115.83333 55.83332
v 1.55556 115.55556 55.55556
v 4 118 55.78428
v 1.49049 118 55.49049
v 12 115.55746 55.55746
v 9.64653 115.64654 55.64653
v 12 118 55.50111
v 9.595 118 55.595
v 20 114.13091 54.13091
v 16.76755 114.76755 54.76755
v 20 118 54.03424
v 16.70378 118 54.70378
v 28 111.34093 51.34093
v 23.16995 113.16994 53.16994
v 28 118 51.15614
v 23.07788 118 53.07788
v 28.92276 110.92276 50.92276
v 28.78877 118 50.78877
v -12 120.60424 52.60424
v -12 126 52.17031
v -4 122.60458 54.60458
v -8.60527 121.39473 53.39473
v -4 126 54.35554
v -9.10013 126 52.89987
v 4 123.41516 55.41516
v 1.09699 123.09698 55.09699
v 4 126 55.23486
v 0.85943 126 54.85942
v 12 123.14786 55.14786
v 9.24839 123.24838 55.24839
v 12 126 54.94536
v 9.06277 126 55.06277
v 20 121.76672 53.76673
v 16.4416 122.4416 54.4416
v 20 126 53.4426
v 16.22572 126 54.22572
v 28 119.07486 51.07486
v 22.91913 120.91913 52.91913
v 28 126 50.48808
v 22.62275 126 52.62275
v 28.75026 118.75026 50.75026
v 28.33218 126 50.33218
v -12 127.93183 51.93183
v -12 134 51.0891
v -4 129.89764 53.89764
v -9.50956 128.49043 52.49044
v -4 134 53.37381
v -10.53724 134 51.46276
v 4 130.69476 54.69477
v 0.29786 130.29787 54.29786
v 4 134 54.29108
v -0.23033 134 53.76967
v 12 130.43195 54.43195
v 8.55534 130.55534 54.55534
v 12 134 53.98932
v 8.14859 134 54.14859
v 20 129.07376 53.07375
v 15.84373 129.84373 53.84373
v 20 134 52.41984
v 15.40381 134 53.40381
v 28 126.43275 50.43275
v 22.40285 128.40285 52.40285
v 21.8384 134 51.83841
v 28.30577 126.30577 50.30577
v -12 134.92549 50.9255
v -4 136.88838 52.88838
v -10.81796 135.18204 51.18204
v -4 142 51.91878
v 4 137.68521 53.68521
v -0.82559 137.17441 53.17441
v 4 142 52.89726
v -1.85084 142 52.14915
v 12 137.4225 53.4225
v 7.57934 137.57935 53.57934
v 12 142 52.57549
v 6.79934 142 52.79934
v 20 136.06508 52.06507
v 14.98187 136.98187 52.98187
v 20 142 50.90041
v 14.19169 142 52.19169
v 21.63127 135.63127 51.63127
v 20.68311 142 50.68311
v -4 143.59433 51.59433
v -4 150 50.02053
v 4 144.40828 52.40827
v -2.25671 143.7433 51.74329
v 4 150 51.04936
v -3.97702 150 50.02298
v 12 144.14331 52.14331
v 6.34584 144.34584 52.34584
v 12 150 50.72406
v 5.01576 150 51.01576
v 20 142.75221 50.75222
v 13.88748 143.88748 51.88748
v 12.61971 150 50.61971
v 20.60403 142.60403 50.60403
v -4 150.01703 50.01703
v 4 150.86961 50.86961
v -3.98142 150.01857 50.01858
v 12 150.60127 50.60127
v 4.84928 150.84927 50.84927
v 12.53315 150.53314 50.53315
v -12 22 59.50961
v -4 22 62.02949
v -9.9104 22 60.0896
v 4 22 62.02949
v 0.02949 22 62.02949
v 12 22 59.50961
v 7.20284 22 61.20284
v 12.99946 22 58.99946
v -12 24.23322 60.23322
v -12 30 62.29583
v -4 27.88839 63.88839
v -8.05791 25.94209 61.94209
v -4 30 64.63715
v -6.04643 30 63.95357
v 4 27.88839 63.88839
v 1.88839 27.88839 63.88839
v 4 30 64.63715
v 2.63714 30 64.63715
v 12 24.23322 60.23322
v 8.21145 26.21145 62.21144
v 12 30 62.29583
v 9.28017 30 63.28017
v 13.24661 23.24661 59.24661
v 14.848 30 60.848
v -20 38 58.46123
v -12 34.96506 62.96506
v -12 38 63.4307
v -18.90904 38 59.09096
v -4 37.6339 65.6339
v -4.59451 37.40549 65.40549
v -4 38 65.68951
v -4.468 38 65.532
v 4 37.6339 65.6339
v 3.6339 37.6339 65.6339
v 4 38 65.68951
v 3.68951 38 65.68951
v 12 34.96506 62.96506
v 9.86015 35.86015 63.86015
v 12 38 63.4307
v 10.11881 38 64.11881
v 15.10364 33.10365 61.10365
v 20 38 58.46123
v 15.6019 38 61.6019
v 20.26266 38 58.26266
v -20 38.44085 58.44085
v -20 46 58.044
v -12 43.2011 63.2011
v -19.02481 38.97519 58.97519
v -12 46 63.05634
v -19.89604 46 58.10395
v -4 45.375 65.375
v -4.92292 45.07708 65.07708
v -4 46 65.34296
v -4.98911 46 65.01089
v 4 45.375 65.375
v 3.375 45.375 65.375
v 4 46 65.34296
v 3.34296 46 65.34296
v 12 43.2011 63.2011
v 9.92723 43.92723 63.92723
v 12 46 63.05634
v 9.84269 46 63.84269
v 20 38.44534 58.44534
v 15.52846 41.52846 61.52846
v 20 46 58.12349
v 15.37413 46 61.37413
v 20.26352 38.26352 58.26352
v 20.07182 46 58.07182
v -20 46.03631 58.03631
v -12 50.16628 62.16628
v -19.93391 46.06609 58.06609
v -12 54 61.16141
v -4 52.07531 64.07531
v -6.66492 51.33508 63.33508
v -4 54 63.56782
v -7.63039 54 62.36961
v 4 52.09646 64.09646
v 2.09646 52.09646 64.09646
v 4 54 63.59999
v 1.59233 54 63.59233
v 12 50.24177 62.24177
v 9.12186 51.12186 63.12186
v 12 54 61.34747
v 8.51645 54 62.51645
v 20 46.10674 58.10674
v 15.08931 49.08931 61.08931
v 14.28994 54 60.28994
v 20.06818 46.06818 58.06818
v -12 56.4035 60.4035
v -12 62 58.23792
v -4 58.2431 62.2431
v -9.01938 56.98062 60.98062
v -4 62 60.72356
v -11.67473 62 58.32527
v 4 58.30927 62.30927
v 0.30021 58.30021 62.30021
v 4 62 60.89317
v -1.22468 62 60.77532
v 12 56.62731 60.62731
v 7.74737 57.74737 61.74737
v 12 62 58.89127
v 6.39604 62 60.39603
v 14.00656 56.00656 60.00656
v 12.63241 62 58.63241
v -12 62.17588 58.17588
v -4 64.01625 60.01625
v -11.78463 62.21537 58.21537
v 4 64.16991 60.16991
v -1.93042 64.06958 60.06958
v 12 62.68667 58.68667
v 5.94027 63.94027 59.94027
v 12.54503 62.54503 58.54503
f 1 2 3
f 1 4 2
f 1 5 4
f 1 6 5
f 1 7 6
f 1 3 7
f 8 9 10
f 8 11 9
f 8 12 11
f 2 4 12
f 2 12 8
f 2 13 3
f 2 8 13
f 8 10 13
f 14 15 16
f 14 17 15
f 14 18 17
f 9 11 18
f 9 18 14
f 9 19 10
f 9 14 19
f 14 16 19
f 20 21 22
f 20 23 21
f 20 24 23
f 15 17 24
f 15 24 20
f 15 25 16
f 15 20 25
f 20 22 25
f 21 23 26
f 21 26 22
f 5 27 4
f 5 28 27
f 28 29 27
f 28 30 29
f 28 31 30
f 28 32 31
f 5 6 32
f 5 32 28
f 12 33 11
f 12 34 33
f 34 35 33
f 34 36 35
f 27 29 36
f 27 36 34
f 27 34 4
f 4 34 12
f 18 37 17
f 18 38 37
f 38 39 37
f 38 40 39
f 33 35 40
f 33 40 38
f 33 38 11
f 11 38 18
f 24 41 23
f 24 42 41
f 42 43 41
f 42 44 43
f 37 39 44
f 37 44 42
f 37 42 17
f 17 42 24
f 41 43 45
f 41 45 46
f 41 46 23
f 23 46 26
f 30 47 29
f 30 48 47
f 48 49 47
f 48 50 49
f 48 51 50
f 48 52 51
f 30 31 52
f 30 52 48
f 36 53 35
f 36 54 53
f 54 55 53
f 54 56 55
f 47 49 56
f 47 56 54
f 47 54 29
f 29 54 36
f 40 57 39
f 40 58 57
f 58 59 57
f 58 60 59
f 53 55 60
f 53 60 58
f 53 58 35
f 35 58 40
f 44 61 43
f 44 62 61
f 62 63 61
f 62 64 63
f 57 59 64
f 57 64 62
f 57 62 39
f 39 62 44
f 61 63 65
f 61 65 66
f 61 66 43
f 43 66 45
f 50 67 49
f 50 68 67
f 68 69 67
f 68 70 69
f 68 71 70
f 68 72 71
f 50 51 72
f 50 72 68
f 56 73 55
f 56 74 73
f 74 75 73
f 74 76 75
f 67 69 76
f 67 76 74
f 67 74 49
f 49 74 56
f 60 77 59
f 60 78 77
f 78 79 77
f 78 80 79
f 73 75 80
f 73 80 78
f 73 78 55
f 55 78 60
f 64 81 63
f 64 82 81
f 82 83 81
f 82 84 83
f 77 79 84
f 77 84 82
f 77 82 59
f 59 82 64
f 81 83 85
f 81 85 86
f 81 86 63
f 63 86 65
f 70 87 69
f 70 71 87
f 76 88 75
f 76 89 88
f 89 90 88
f 89 91 90
f 89 92 91
f 69 87 92
f 69 92 89
f 69 89 76
f 80 93 79
f 80 94 93
f 94 95 93
f 94 96 95
f 88 90 96
f 88 96 94
f 88 94 75
f 75 94 80
f 84 97 83
f 93 95 98
f 93 98 99
f 93 99 79
f 79 99 97
f 79 97 84
f 83 97 100
f 83 100 85
f 91 101 90
f 91 92 101
f 96 102 95
f 96 103 102
f 103 104 102
f 103 105 104
f 103 106 105
f 90 101 106
f 90 106 103
f 90 103 96
f 102 104 107
f 102 107 108
f 102 108 95
f 95 108 98
f 105 109 104
f 105 106 109
f 104 109 110
f 104 110 107
f 111 112 113
f 111 114 112
f 111 115 114
f 111 116 115
f 111 117 116
f 111 113 117
f 112 114 118
f 112 118 113
f 119 120 121
f 119 122 120
f 119 123 122
f 119 124 123
f 119 125 124
f 119 121 125
f 115 126 114
f 115 127 126
f 127 128 126
f 127 129 128
f 120 122 129
f 120 129 127
f 120 130 121
f 120 127 130
f 115 116 130
f 115 130 127
f 131 132 133
f 131 134 132
f 131 135 134
f 126 128 135
f 126 135 131
f 126 131 114
f 114 133 118
f 114 131 133
f 132 134 136
f 132 136 133
f 123 137 122
f 123 138 137
f 138 139 137
f 138 140 139
f 138 141 140
f 138 142 141
f 123 124 142
f 123 142 138
f 129 143 128
f 129 144 143
f 144 145 143
f 144 146 145
f 137 139 146
f 137 146 144
f 137 144 122
f 122 144 129
f 135 147 134
f 135 148 147
f 148 149 147
f 148 150 149
f 143 145 150
f 143 150 148
f 143 148 128
f 128 148 135
f 147 149 151
f 147 151 152
f 147 152 134
f 134 152 136
f 140 153 139
f 140 154 153
f 154 155 153
f 154 156 155
f 154 157 156
f 154 158 157
f 140 141 158
f 140 158 154
f 146 159 145
f 146 160 159
f 160 161 159
f 160 162 161
f 153 155 162
f 153 162 160
f 153 160 139
f 139 160 146
f 150 163 149
f 150 164 163
f 164 165 163
f 164 166 165
f 159 161 166
f 159 166 164
f 159 164 145
f 145 164 150
f 167 168 169
f 167 170 168
f 167 171 170
f 163 165 171
f 163 171 167
f 163 167 149
f 149 169 151
f 149 167 169
f 168 170 172
f 168 172 169
f 156 173 155
f 156 174 173
f 174 175 173
f 174 176 175
f 174 177 176
f 174 178 177
f 156 157 178
f 156 178 174
f 162 179 161
f 162 180 179
f 180 181 179
f 180 182 181
f 173 175 182
f 173 182 180
f 173 180 155
f 155 180 162
f 166 183 165
f 166 184 183
f 184 185 183
f 184 186 185
f 179 181 186
f 179 186 184
f 179 184 161
f 161 184 166
f 171 187 170
f 183 185 188
f 183 188 189
f 183 189 165
f 165 189 187
f 165 187 171
f 170 187 190
f 170 190 172
f 176 191 175
f 176 192 191
f 192 193 191
f 192 194 193
f 192 195 194
f 192 196 195
f 176 177 196
f 176 196 192
f 182 197 181
f 182 198 197
f 198 199 197
f 198 200 199
f 191 193 200
f 191 200 198
f 191 198 175
f 175 198 182
f 186 201 185
f 186 202 201
f 202 203 201
f 202 204 203
f 197 199 204
f 197 204 202
f 197 202 181
f 181 202 186
f 201 203 205
f 201 205 206
f 201 206 185
f 185 206 188
f 194 207 193
f 194 195 207
f 200 208 199
f 200 209 208
f 209 210 208
f 209 211 210
f 209 212 211
f 193 207 212
f 193 212 209
f 193 209 200
f 204 213 203
f 204 214 213
f 214 215 213
f 214 216 215
f 208 210 216
f 208 216 214
f 208 214 199
f 199 214 204
f 213 215 217
f 213 217 218
f 213 218 203
f 203 218 205
f 211 219 210
f 211 220 219
f 220 221 219
f 220 222 221
f 220 223 222
f 220 224 223
f 211 212 224
f 211 224 220
f 216 225 215
f 216 226 225
f 226 227 225
f 226 228 227
f 219 221 228
f 219 228 226
f 219 226 210
f 210 226 216
f 225 227 229
f 225 229 230
f 225 230 215
f 215 230 217
f 231 232 233
f 231 234 232
f 231 235 234
f 231 236 235
f 231 237 236
f 231 233 237
f 222 238 221
f 222 239 238
f 239 240 238
f 239 241 240
f 232 234 241
f 232 241 239
f 232 242 233
f 232 239 242
f 222 223 242
f 222 242 239
f 228 243 227
f 228 244 243
f 244 245 243
f 244 246 245
f 238 240 246
f 238 246 244
f 238 244 221
f 221 244 228
f 243 245 247
f 243 247 248
f 243 248 227
f 227 248 229
f 235 249 234
f 235 250 249
f 250 251 249
f 250 252 251
f 250 253 252
f 250 254 253
f 235 236 254
f 235 254 250
f 241 255 240
f 241 256 255
f 256 257 255
f 256 258 257
f 249 251 258
f 249 258 256
f 249 256 234
f 234 256 241
f 246 259 245
f 246 260 259
f 260 261 259
f 260 262 261
f 255 257 262
f 255 262 260
f 255 260 240
f 240 260 246
f 263 264 265
f 263 266 264
f 263 267 266
f 259 261 267
f 259 267 263
f 259 263 245
f 245 265 247
f 245 263 265
f 264 266 268
f 264 268 265
f 252 269 251
f 252 270 269
f 270 271 269
f 270 272 271
f 270 273 272
f 270 274 273
f 252 253 274
f 252 274 270
f 258 275 257
f 258 276 275
f 276 277 275
f 276 278 277
f 269 271 278
f 269 278 276
f 269 276 251
f 251 276 258
f 262 279 261
f 262 280 279
f 280 281 279
f 280 282 281
f 275 277 282
f 275 282 280
f 275 280 257
f 257 280 262
f 267 283 266
f 267 284 283
f 284 285 283
f 284 286 285
f 279 281 286
f 279 286 284
f 279 284 261
f 261 284 267
f 283 285 287
f 283 287 288
f 283 288 266
f 266 288 268
f 289 290 291
f 289 292 290
f 289 293 292
f 289 294 293
f 289 295 294
f 289 291 295
f 272 296 271
f 272 297 296
f 297 298 296
f 297 299 298
f 290 292 299
f 290 299 297
f 290 300 291
f 290 297 300
f 272 273 300
f 272 300 297
f 278 301 277
f 278 302 301
f 302 303 301
f 302 304 303
f 296 298 304
f 296 304 302
f 296 302 271
f 271 302 278
f 282 305 281
f 282 306 305
f 306 307 305
f 306 308 307
f 301 303 308
f 301 308 306
f 301 306 277
f 277 306 282
f 286 309 285
f 286 310 309
f 310 311 309
f 310 312 311
f 305 307 312
f 305 312 310
f 305 310 281
f 281 310 286
f 313 314 315
f 313 316 314
f 313 317 316
f 309 311 317
f 309 317 313
f 309 313 285
f 285 315 287
f 285 313 315
f 314 316 318
f 314 318 315
f 293 319 292
f 293 320 319
f 320 321 319
f 320 322 321
f 320 323 322
f 320 324 323
f 293 294 324
f 293 324 320
f 299 325 298
f 299 326 325
f 326 327 325
f 326 328 327
f 319 321 328
f 319 328 326
f 319 326 292
f 292 326 299
f 304 329 303
f 304 330 329
f 330 331 329
f 330 332 331
f 325 327 332
f 325 332 330
f 325 330 298
f 298 330 304
f 308 333 307
f 308 334 333
f 334 335 333
f 334 336 335
f 329 331 336
f 329 336 334
f 329 334 303
f 303 334 308
f 312 337 311
f 312 338 337
f 338 339 337
f 338 340 339
f 333 335 340
f 333 340 338
f 333 338 307
f 307 338 312
f 317 341 316
f 317 342 341
f 342 343 341
f 342 344 343
f 337 339 344
f 337 344 342
f 337 342 311
f 311 342 317
f 341 343 345
f 341 345 346
f 341 346 316
f 316 346 318
f 322 347 321
f 322 348 347
f 348 349 347
f 348 350 349
f 348 351 350
f 348 352 351
f 322 323 352
f 322 352 348
f 328 353 327
f 328 354 353
f 354 355 353
f 354 356 355
f 347 349 356
f 347 356 354
f 347 354 321
f 321 354 328
f 332 357 331
f 332 358 357
f 358 359 357
f 358 360 359
f 353 355 360
f 353 360 358
f 353 358 327
f 327 358 332
f 336 361 335
f 336 362 361
f 362 363 361
f 362 364 363
f 357 359 364
f 357 364 362
f 357 362 331
f 331 362 336
f 340 365 339
f 340 366 365
f 366 367 365
f 366 368 367
f 361 363 368
f 361 368 366
f 361 366 335
f 335 366 340
f 344 369 343
f 344 370 369
f 370 371 369
f 370 372 371
f 365 367 372
f 365 372 370
f 365 370 339
f 339 370 344
f 369 371 373
f 369 373 374
f 369 374 343
f 343 374 345
f 350 375 349
f 350 376 375
f 376 377 375
f 376 378 377
f 376 379 378
f 376 380 379
f 350 351 380
f 350 380 376
f 356 381 355
f 356 382 381
f 382 383 381
f 382 384 383
f 375 377 384
f 375 384 382
f 375 382 349
f 349 382 356
f 360 385 359
f 360 386 385
f 386 387 385
f 386 388 387
f 381 383 388
f 381 388 386
f 381 386 355
f 355 386 360
f 364 389 363
f 364 390 389
f 390 391 389
f 390 392 391
f 385 387 392
f 385 392 390
f 385 390 359
f 359 390 364
f 368 393 367
f 368 394 393
f 394 395 393
f 394 396 395
f 389 391 396
f 389 396 394
f 389 394 363
f 363 394 368
f 372 397 371
f 372 398 397
f 398 399 397
f 398 400 399
f 393 395 400
f 393 400 398
f 393 398 367
f 367 398 372
f 397 399 401
f 397 401 402
f 397 402 371
f 371 402 373
f 378 403 377
f 378 404 403
f 404 405 403
f 404 406 405
f 404 407 406
f 404 408 407
f 378 379 408
f 378 408 404
f 384 409 383
f 384 410 409
f 410 411 409
f 410 412 411
f 403 405 412
f 403 412 410
f 403 410 377
f 377 410 384
f 388 413 387
f 388 414 413
f 414 415 413
f 414 416 415
f 409 411 416
f 409 416 414
f 409 414 383
f 383 414 388
f 392 417 391
f 392 418 417
f 418 419 417
f 418 420 419
f 413 415 420
f 413 420 418
f 413 418 387
f 387 418 392
f 396 421 395
f 396 422 421
f 422 423 421
f 422 424 423
f 417 419 424
f 417 424 422
f 417 422 391
f 391 422 396
f 400 425 399
f 421 423 426
f 421 426 427
f 421 427 395
f 395 427 425
f 395 425 400
f 399 425 428
f 399 428 401
f 406 429 405
f 406 430 429
f 430 431 429
f 430 432 431
f 430 433 432
f 430 434 433
f 406 407 434
f 406 434 430
f 412 435 411
f 412 436 435
f 436 437 435
f 436 438 437
f 429 431 438
f 429 438 436
f 429 436 405
f 405 436 412
f 416 439 415
f 416 440 439
f 440 441 439
f 440 442 441
f 435 437 442
f 435 442 440
f 435 440 411
f 411 440 416
f 420 443 419
f 420 444 443
f 444 445 443
f 444 446 445
f 439 441 446
f 439 446 444
f 439 444 415
f 415 444 420
f 424 447 423
f 424 448 447
f 448 449 447
f 448 450 449
f 443 445 450
f 443 450 448
f 443 448 419
f 419 448 424
f 447 449 451
f 447 451 452
f 447 452 423
f 423 452 426
f 432 453 431
f 432 454 453
f 454 455 453
f 454 456 455
f 454 457 456
f 454 458 457
f 432 433 458
f 432 458 454
f 438 459 437
f 438 460 459
f 460 461 459
f 460 462 461
f 453 455 462
f 453 462 460
f 453 460 431
f 431 460 438
f 442 463 441
f 442 464 463
f 464 465 463
f 464 466 465
f 459 461 466
f 459 466 464
f 459 464 437
f 437 464 442
f 446 467 445
f 446 468 467
f 468 469 467
f 468 470 469
f 463 465 470
f 463 470 468
f 463 468 441
f 441 468 446
f 450 471 449
f 450 472 471
f 472 473 471
f 472 474 473
f 467 469 474
f 467 474 472
f 467 472 445
f 445 472 450
f 471 473 475
f 471 475 476
f 471 476 449
f 449 476 451
f 456 477 455
f 456 478 477
f 478 479 477
f 478 480 479
f 478 481 480
f 478 482 481
f 456 457 482
f 456 482 478
f 462 483 461
f 462 484 483
f 484 485 483
f 484 486 485
f 477 479 486
f 477 486 484
f 477 484 455
f 455 484 462
f 466 487 465
f 466 488 487
f 488 489 487
f 488 490 489
f 483 485 490
f 483 490 488
f 483 488 461
f 461 488 466
f 470 491 469
f 470 492 491
f 492 493 491
f 492 494 493
f 487 489 494
f 487 494 492
f 487 492 465
f 465 492 470
f 474 495 473
f 474 496 495
f 496 497 495
f 496 498 497
f 491 493 498
f 491 498 496
f 491 496 469
f 469 496 474
f 495 497 499
f 495 499 500
f 495 500 473
f 473 500 475
f 480 501 479
f 480 502 501
f 502 503 501
f 502 504 503
f 502 505 504
f 502 506 505
f 480 481 506
f 480 506 502
f 486 507 485
f 486 508 507
f 508 509 507
f 508 510 509
f 501 503 510
f 501 510 508
f 501 508 479
f 479 508 486
f 490 511 489
f 490 512 511
f 512 513 511
f 512 514 513
f 507 509 514
f 507 514 512
f 507 512 485
f 485 512 490
f 494 515 493
f 494 516 515
f 516 517 515
f 516 518 517
f 511 513 518
f 511 518 516
f 511 516 489
f 489 516 494
f 498 519 497
f 515 517 520
f 515 520 521
f 515 521 493
f 493 521 519
f 493 519 498
f 497 519 522
f 497 522 499
f 504 523 503
f 504 505 523
f 510 524 509
f 503 523 525
f 503 525 524
f 503 524 510
f 514 526 513
f 509 524 527
f 509 527 526
f 509 526 514
f 518 528 517
f 513 526 529
f 513 529 528
f 513 528 518
f 517 528 530
f 517 530 520
f 531 532 533
f 531 534 532
f 531 535 534
f 531 536 535
f 531 537 536
f 531 533 537
f 538 539 540
f 538 541 539
f 538 542 541
f 532 534 542
f 532 542 538
f 532 543 533
f 532 538 543
f 538 540 543
f 544 545 546
f 544 547 545
f 544 548 547
f 539 541 548
f 539 548 544
f 539 549 540
f 539 544 549
f 544 546 549
f 550 551 552
f 550 553 551
f 550 554 553
f 545 547 554
f 545 554 550
f 545 555 546
f 545 550 555
f 550 552 555
f 551 553 556
f 551 556 552
f 535 557 534
f 535 558 557
f 558 559 557
f 558 560 559
f 558 561 560
f 558 562 561
f 535 536 562
f 535 562 558
f 542 563 541
f 542 564 563
f 564 565 563
f 564 566 565
f 557 559 566
f 557 566 564
f 557 564 534
f 534 564 542
f 548 567 547
f 548 568 567
f 568 569 567
f 568 570 569
f 563 565 570
f 563 570 568
f 563 568 541
f 541 568 548
f 554 571 553
f 554 572 571
f 572 573 571
f 572 574 573
f 567 569 574
f 567 574 572
f 567 572 547
f 547 572 554
f 571 573 575
f 571 575 576
f 571 576 553
f 553 576 556
f 577 578 579
f 577 580 578
f 577 581 580
f 577 582 581
f 577 583 582
f 577 579 583
f 560 584 559
f 560 585 584
f 7 3 584
f 7 584 585
f 7 586 6
f 7 585 586
f 578 580 586
f 578 586 585
f 578 587 579
f 578 585 587
f 560 561 587
f 560 587 585
f 566 588 565
f 566 589 588
f 13 10 588
f 13 588 589
f 13 589 3
f 3 589 584
f 584 589 559
f 559 589 566
f 570 590 569
f 570 591 590
f 19 16 590
f 19 590 591
f 19 591 10
f 10 591 588
f 588 591 565
f 565 591 570
f 574 592 573
f 574 593 592
f 25 22 592
f 25 592 593
f 25 593 16
f 16 593 590
f 590 593 569
f 569 593 574
f 594 595 596
f 594 597 595
f 22 26 597
f 22 597 594
f 22 594 592
f 592 594 573
f 573 596 575
f 573 594 596
f 595 597 598
f 595 598 596
f 581 599 580
f 581 600 599
f 600 601 599
f 600 602 601
f 600 603 602
f 600 604 603
f 581 582 604
f 581 604 600
f 586 605 6
f 6 605 32
f 32 606 31
f 32 605 606
f 599 601 606
f 599 606 605
f 599 605 580
f 580 605 586
f 26 607 597
f 26 46 608
f 26 608 607
f 46 45 608
f 607 608 609
f 607 609 610
f 607 610 597
f 597 610 598
f 602 611 601
f 602 612 611
f 612 613 611
f 612 614 613
f 612 615 614
f 612 616 615
f 602 603 616
f 602 616 612
f 606 617 31
f 31 617 52
f 52 618 51
f 52 617 618
f 611 613 618
f 611 618 617
f 611 617 601
f 601 617 606
f 45 619 608
f 45 66 620
f 45 620 619
f 66 65 620
f 619 620 621
f 619 621 622
f 619 622 608
f 608 622 609
f 614 623 613
f 614 624 623
f 624 625 623
f 624 626 625
f 624 627 626
f 624 628 627
f 614 615 628
f 614 628 624
f 618 629 51
f 51 629 72
f 72 630 71
f 72 629 630
f 623 625 630
f 623 630 629
f 623 629 613
f 613 629 618
f 65 631 620
f 65 86 632
f 65 632 631
f 86 85 632
f 631 632 633
f 631 633 634
f 631 634 620
f 620 634 621
f 626 635 625
f 626 636 635
f 636 637 635
f 636 638 637
f 636 639 638
f 636 640 639
f 626 627 640
f 626 640 636
f 630 641 71
f 71 642 87
f 71 641 642
f 641 643 642
f 635 637 643
f 635 643 641
f 635 641 625
f 625 641 630
f 87 644 92
f 87 642 644
f 99 645 97
f 99 98 645
f 85 646 632
f 85 100 647
f 85 647 646
f 100 97 648
f 100 648 647
f 97 645 648
f 646 647 649
f 646 649 650
f 646 650 632
f 632 650 633
f 638 651 637
f 638 652 651
f 652 653 651
f 652 654 653
f 652 655 654
f 652 656 655
f 638 639 656
f 638 656 652
f 643 657 642
f 643 658 657
f 658 659 657
f 658 660 659
f 651 653 660
f 651 660 658
f 651 658 637
f 637 658 643
f 644 661 92
f 92 662 101
f 92 661 662
f 661 663 662
f 657 659 663
f 657 663 661
f 657 661 642
f 642 661 644
f 101 664 106
f 101 662 664
f 98 665 645
f 98 108 666
f 98 666 665
f 108 107 666
f 648 667 647
f 648 668 667
f 668 669 667
f 668 670 669
f 665 666 670
f 665 670 668
f 665 668 645
f 645 668 648
f 671 672 673
f 671 674 672
f 671 675 674
f 667 669 675
f 667 675 671
f 667 671 647
f 647 673 649
f 647 671 673
f 672 674 676
f 672 676 673
f 654 677 653
f 654 655 677
f 660 678 659
f 660 679 678
f 679 680 678
f 679 681 680
f 679 682 681
f 653 677 682
f 653 682 679
f 653 679 660
f 663 683 662
f 663 684 683
f 684 685 683
f 684 686 685
f 678 680 686
f 678 686 684
f 678 684 659
f 659 684 663
f 664 687 106
f 106 688 109
f 106 687 688
f 687 689 688
f 683 685 689
f 683 689 687
f 683 687 662
f 662 687 664
f 107 690 666
f 107 110 691
f 107 691 690
f 110 109 692
f 110 692 691
f 109 688 692
f 670 693 669
f 670 694 693
f 694 695 693
f 694 696 695
f 690 691 696
f 690 696 694
f 690 694 666
f 666 694 670
f 675 697 674
f 675 698 697
f 698 699 697
f 698 700 699
f 693 695 700
f 693 700 698
f 693 698 669
f 669 698 675
f 697 699 701
f 697 701 702
f 697 702 674
f 674 702 676
f 681 703 680
f 681 704 703
f 704 705 703
f 704 706 705
f 704 707 706
f 704 708 707
f 681 682 708
f 681 708 704
f 686 709 685
f 686 710 709
f 710 711 709
f 710 712 711
f 703 705 712
f 703 712 710
f 703 710 680
f 680 710 686
f 689 713 688
f 689 714 713
f 117 113 713
f 117 713 714
f 117 715 116
f 117 714 715
f 709 711 715
f 709 715 714
f 709 714 685
f 685 714 689
f 692 716 691
f 692 717 716
f 717 718 716
f 113 118 718
f 113 718 717
f 113 717 713
f 713 717 688
f 688 717 692
f 696 719 695
f 696 720 719
f 720 721 719
f 720 722 721
f 716 718 722
f 716 722 720
f 716 720 691
f 691 720 696
f 700 723 699
f 700 724 723
f 724 725 723
f 724 726 725
f 719 721 726
f 719 726 724
f 719 724 695
f 695 724 700
f 723 725 727
f 723 727 728
f 723 728 699
f 699 728 701
f 729 730 731
f 729 732 730
f 729 733 732
f 729 734 733
f 729 735 734
f 729 731 735
f 706 736 705
f 706 737 736
f 737 738 736
f 737 739 738
f 730 732 739
f 730 739 737
f 730 740 731
f 730 737 740
f 706 707 740
f 706 740 737
f 712 741 711
f 712 742 741
f 125 121 741
f 125 741 742
f 125 743 124
f 125 742 743
f 736 738 743
f 736 743 742
f 736 742 705
f 705 742 712
f 715 744 116
f 116 744 130
f 130 744 121
f 121 744 741
f 741 744 711
f 711 744 715
f 118 745 718
f 118 133 745
f 722 746 721
f 722 747 746
f 747 748 746
f 133 136 748
f 133 748 747
f 133 747 745
f 745 747 718
f 718 747 722
f 726 749 725
f 726 750 749
f 750 751 749
f 750 752 751
f 746 748 752
f 746 752 750
f 746 750 721
f 721 750 726
f 749 751 753
f 749 753 754
f 749 754 725
f 725 754 727
f 733 755 732
f 733 734 755
f 739 756 738
f 739 757 756
f 757 758 756
f 757 759 758
f 757 760 759
f 732 755 760
f 732 760 757
f 732 757 739
f 743 761 124
f 124 761 142
f 142 762 141
f 142 761 762
f 756 758 762
f 756 762 761
f 756 761 738
f 738 761 743
f 136 763 748
f 136 152 764
f 136 764 763
f 152 151 764
f 752 765 751
f 752 766 765
f 766 767 765
f 766 768 767
f 763 764 768
f 763 768 766
f 763 766 748
f 748 766 752
f 769 770 771
f 769 772 770
f 769 773 772
f 765 767 773
f 765 773 769
f 765 769 751
f 751 771 753
f 751 769 771
f 770 772 774
f 770 774 771
f 759 775 758
f 759 776 775
f 776 777 775
f 776 778 777
f 776 779 778
f 776 780 779
f 759 760 780
f 759 780 776
f 762 781 141
f 141 781 158
f 158 782 157
f 158 781 782
f 775 777 782
f 775 782 781
f 775 781 758
f 758 781 762
f 151 783 764
f 151 169 783
f 768 784 767
f 768 785 784
f 785 786 784
f 169 172 786
f 169 786 785
f 169 785 783
f 783 785 764
f 764 785 768
f 773 787 772
f 773 788 787
f 788 789 787
f 788 790 789
f 784 786 790
f 784 790 788
f 784 788 767
f 767 788 773
f 787 789 791
f 787 791 792
f 787 792 772
f 772 792 774
f 778 793 777
f 778 794 793
f 794 795 793
f 794 796 795
f 794 797 796
f 794 798 797
f 778 779 798
f 778 798 794
f 782 799 157
f 157 799 178
f 178 800 177
f 178 799 800
f 793 795 800
f 793 800 799
f 793 799 777
f 777 799 782
f 189 801 187
f 189 188 801
f 172 802 786
f 172 190 803
f 172 803 802
f 190 187 804
f 190 804 803
f 187 801 804
f 790 805 789
f 790 806 805
f 806 807 805
f 806 808 807
f 802 803 808
f 802 808 806
f 802 806 786
f 786 806 790
f 805 807 809
f 805 809 810
f 805 810 789
f 789 810 791
f 796 811 795
f 796 812 811
f 812 813 811
f 812 814 813
f 812 815 814
f 812 816 815
f 796 797 816
f 796 816 812
f 800 817 177
f 177 817 196
f 196 818 195
f 196 817 818
f 811 813 818
f 811 818 817
f 811 817 795
f 795 817 800
f 188 819 801
f 188 206 820
f 188 820 819
f 206 205 820
f 804 821 803
f 804 822 821
f 822 823 821
f 822 824 823
f 819 820 824
f 819 824 822
f 819 822 801
f 801 822 804
f 808 825 807
f 821 823 826
f 821 826 827
f 821 827 803
f 803 827 825
f 803 825 808
f 807 825 828
f 807 828 809
f 814 829 813
f 814 830 829
f 830 831 829
f 830 832 831
f 830 833 832
f 830 834 833
f 814 815 834
f 814 834 830
f 818 835 195
f 195 836 207
f 195 835 836
f 835 837 836
f 829 831 837
f 829 837 835
f 829 835 813
f 813 835 818
f 207 838 212
f 207 836 838
f 205 839 820
f 205 218 840
f 205 840 839
f 218 217 840
f 824 841 823
f 824 842 841
f 842 843 841
f 842 844 843
f 839 840 844
f 839 844 842
f 839 842 820
f 820 842 824
f 841 843 845
f 841 845 846
f 841 846 823
f 823 846 826
f 847 848 849
f 847 850 848
f 847 851 850
f 847 852 851
f 847 853 852
f 847 849 853
f 832 854 831
f 832 855 854
f 855 856 854
f 855 857 856
f 848 850 857
f 848 857 855
f 848 858 849
f 848 855 858
f 832 833 858
f 832 858 855
f 837 859 836
f 837 860 859
f 860 861 859
f 860 862 861
f 854 856 862
f 854 862 860
f 854 860 831
f 831 860 837
f 838 863 212
f 212 863 224
f 224 864 223
f 224 863 864
f 859 861 864
f 859 864 863
f 859 863 836
f 836 863 838
f 217 865 840
f 217 230 866
f 217 866 865
f 230 229 866
f 844 867 843
f 844 868 867
f 868 869 867
f 868 870 869
f 865 866 870
f 865 870 868
f 865 868 840
f 840 868 844
f 867 869 871
f 867 871 872
f 867 872 843
f 843 872 845
f 851 873 850
f 851 874 873
f 874 875 873
f 874 876 875
f 874 877 876
f 874 878 877
f 851 852 878
f 851 878 874
f 857 879 856
f 857 880 879
f 880 881 879
f 880 882 881
f 873 875 882
f 873 882 880
f 873 880 850
f 850 880 857
f 862 883 861
f 862 884 883
f 237 233 883
f 237 883 884
f 237 885 236
f 237 884 885
f 879 881 885
f 879 885 884
f 879 884 856
f 856 884 862
f 864 886 223
f 223 886 242
f 242 886 233
f 233 886 883
f 883 886 861
f 861 886 864
f 229 887 866
f 229 248 888
f 229 888 887
f 248 247 888
f 870 889 869
f 870 890 889
f 890 891 889
f 890 892 891
f 887 888 892
f 887 892 890
f 887 890 866
f 866 890 870
f 893 894 895
f 893 896 894
f 893 897 896
f 889 891 897
f 889 897 893
f 889 893 869
f 869 895 871
f 869 893 895
f 894 896 898
f 894 898 895
f 876 899 875
f 876 900 899
f 900 901 899
f 900 902 901
f 900 903 902
f 900 904 903
f 876 877 904
f 876 904 900
f 882 905 881
f 882 906 905
f 906 907 905
f 906 908 907
f 899 901 908
f 899 908 906
f 899 906 875
f 875 906 882
f 885 909 236
f 236 909 254
f 254 910 253
f 254 909 910
f 905 907 910
f 905 910 909
f 905 909 881
f 881 909 885
f 247 911 888
f 247 265 911
f 892 912 891
f 892 913 912
f 913 914 912
f 265 268 914
f 265 914 913
f 265 913 911
f 911 913 888
f 888 913 892
f 897 915 896
f 897 916 915
f 916 917 915
f 916 918 917
f 912 914 918
f 912 918 916
f 912 916 891
f 891 916 897
f 915 917 919
f 915 919 920
f 915 920 896
f 896 920 898
f 921 922 923
f 921 924 922
f 921 925 924
f 921 926 925
f 921 927 926
f 921 923 927
f 902 928 901
f 902 929 928
f 929 930 928
f 929 931 930
f 922 924 931
f 922 931 929
f 922 932 923
f 922 929 932
f 902 903 932
f 902 932 929
f 908 933 907
f 908 934 933
f 934 935 933
f 934 936 935
f 928 930 936
f 928 936 934
f 928 934 901
f 901 934 908
f 910 937 253
f 253 937 274
f 274 938 273
f 274 937 938
f 933 935 938
f 933 938 937
f 933 937 907
f 907 937 910
f 268 939 914
f 268 288 940
f 268 940 939
f 288 287 940
f 918 941 917
f 918 942 941
f 942 943 941
f 942 944 943
f 939 940 944
f 939 944 942
f 939 942 914
f 914 942 918
f 945 946 947
f 945 948 946
f 945 949 948
f 941 943 949
f 941 949 945
f 941 945 917
f 917 947 919
f 917 945 947
f 946 948 950
f 946 950 947
f 925 951 924
f 925 952 951
f 952 953 951
f 952 954 953
f 952 955 954
f 952 956 955
f 925 926 956
f 925 956 952
f 931 957 930
f 931 958 957
f 958 959 957
f 958 960 959
f 951 953 960
f 951 960 958
f 951 958 924
f 924 958 931
f 936 961 935
f 936 962 961
f 295 291 961
f 295 961 962
f 295 963 294
f 295 962 963
f 957 959 963
f 957 963 962
f 957 962 930
f 930 962 936
f 938 964 273
f 273 964 300
f 300 964 291
f 291 964 961
f 961 964 935
f 935 964 938
f 287 965 940
f 287 315 965
f 944 966 943
f 944 967 966
f 967 968 966
f 315 318 968
f 315 968 967
f 315 967 965
f 965 967 940
f 940 967 944
f 949 969 948
f 949 970 969
f 970 971 969
f 970 972 971
f 966 968 972
f 966 972 970
f 966 970 943
f 943 970 949
f 969 971 973
f 969 973 974
f 969 974 948
f 948 974 950
f 954 975 953
f 954 976 975
f 976 977 975
f 976 978 977
f 976 979 978
f 976 980 979
f 954 955 980
f 954 980 976
f 960 981 959
f 960 982 981
f 982 983 981
f 982 984 983
f 975 977 984
f 975 984 982
f 975 982 953
f 953 982 960
f 963 985 294
f 294 985 324
f 324 986 323
f 324 985 986
f 981 983 986
f 981 986 985
f 981 985 959
f 959 985 963
f 318 987 968
f 318 346 988
f 318 988 987
f 346 345 988
f 972 989 971
f 972 990 989
f 990 991 989
f 990 992 991
f 987 988 992
f 987 992 990
f 987 990 968
f 968 990 972
f 989 991 993
f 989 993 994
f 989 994 971
f 971 994 973
f 978 995 977
f 978 996 995
f 996 997 995
f 996 998 997
f 996 999 998
f 996 1000 999
f 978 979 1000
f 978 1000 996
f 984 1001 983
f 984 1002 1001
f 1002 1003 1001
f 1002 1004 1003
f 995 997 1004
f 995 1004 1002
f 995 1002 977
f 977 1002 984
f 986 1005 323
f 323 1005 352
f 352 1006 351
f 352 1005 1006
f 1001 1003 1006
f 1001 1006 1005
f 1001 1005 983
f 983 1005 986
f 345 1007 988
f 345 374 1008
f 345 1008 1007
f 374 373 1008
f 992 1009 991
f 992 1010 1009
f 1010 1011 1009
f 1010 1012 1011
f 1007 1008 1012
f 1007 1012 1010
f 1007 1010 988
f 988 1010 992
f 1009 1011 1013
f 1009 1013 1014
f 1009 1014 991
f 991 1014 993
f 998 1015 997
f 998 1016 1015
f 1016 1017 1015
f 1016 1018 1017
f 1016 1019 1018
f 1016 1020 1019
f 998 999 1020
f 998 1020 1016
f 1004 1021 1003
f 1004 1022 1021
f 1022 1023 1021
f 1022 1024 1023
f 1015 1017 1024
f 1015 1024 1022
f 1015 1022 997
f 997 1022 1004
f 1006 1025 351
f 351 1025 380
f 380 1026 379
f 380 1025 1026
f 1021 1023 1026
f 1021 1026 1025
f 1021 1025 1003
f 1003 1025 1006
f 373 1027 1008
f 373 402 1028
f 373 1028 1027
f 402 401 1028
f 1012 1029 1011
f 1012 1030 1029
f 1030 1031 1029
f 1030 1032 1031
f 1027 1028 1032
f 1027 1032 1030
f 1027 1030 1008
f 1008 1030 1012
f 1029 1031 1033
f 1029 1033 1034
f 1029 1034 1011
f 1011 1034 1013
f 1018 1035 1017
f 1018 1036 1035
f 1036 1037 1035
f 1036 1038 1037
f 1036 1039 1038
f 1036 1040 1039
f 1018 1019 1040
f 1018 1040 1036
f 1024 1041 1023
f 1024 1042 1041
f 1042 1043 1041
f 1042 1044 1043
f 1035 1037 1044
f 1035 1044 1042
f 1035 1042 1017
f 1017 1042 1024
f 1026 1045 379
f 379 1045 408
f 408 1046 407
f 408 1045 1046
f 1041 1043 1046
f 1041 1046 1045
f 1041 1045 1023
f 1023 1045 1026
f 427 1047 425
f 427 426 1047
f 401 1048 1028
f 401 428 1049
f 401 1049 1048
f 428 425 1050
f 428 1050 1049
f 425 1047 1050
f 1032 1051 1031
f 1048 1049 1052
f 1048 1052 1053
f 1048 1053 1028
f 1028 1053 1051
f 1028 1051 1032
f 1031 1051 1054
f 1031 1054 1033
f 1038 1055 1037
f 1038 1056 1055
f 1056 1057 1055
f 1056 1058 1057
f 1056 1059 1058
f 1056 1060 1059
f 1038 1039 1060
f 1038 1060 1056
f 1044 1061 1043
f 1044 1062 1061
f 1062 1063 1061
f 1062 1064 1063
f 1055 1057 1064
f 1055 1064 1062
f 1055 1062 1037
f 1037 1062 1044
f 1046 1065 407
f 407 1065 434
f 434 1066 433
f 434 1065 1066
f 1061 1063 1066
f 1061 1066 1065
f 1061 1065 1043
f 1043 1065 1046
f 426 1067 1047
f 426 452 1068
f 426 1068 1067
f 452 451 1068
f 1050 1069 1049
f 1050 1070 1069
f 1070 1071 1069
f 1070 1072 1071
f 1067 1068 1072
f 1067 1072 1070
f 1067 1070 1047
f 1047 1070 1050
f 1069 1071 1073
f 1069 1073 1074
f 1069 1074 1049
f 1049 1074 1052
f 1075 1076 1077
f 1075 1078 1076
f 1075 1079 1078
f 1075 1080 1079
f 1075 1081 1080
f 1075 1077 1081
f 1058 1082 1057
f 1058 1083 1082
f 1083 1084 1082
f 1083 1085 1084
f 1076 1078 1085
f 1076 1085 1083
f 1076 1086 1077
f 1076 1083 1086
f 1058 1059 1086
f 1058 1086 1083
f 1064 1087 1063
f 1064 1088 1087
f 1088 1089 1087
f 1088 1090 1089
f 1082 1084 1090
f 1082 1090 1088
f 1082 1088 1057
f 1057 1088 1064
f 1066 1091 433
f 433 1091 458
f 458 1092 457
f 458 1091 1092
f 1087 1089 1092
f 1087 1092 1091
f 1087 1091 1063
f 1063 1091 1066
f 451 1093 1068
f 451 476 1094
f 451 1094 1093
f 476 475 1094
f 1072 1095 1071
f 1072 1096 1095
f 1096 1097 1095
f 1096 1098 1097
f 1093 1094 1098
f 1093 1098 1096
f 1093 1096 1068
f 1068 1096 1072
f 1095 1097 1099
f 1095 1099 1100
f 1095 1100 1071
f 1071 1100 1073
f 1079 1101 1078
f 1079 1102 1101
f 1102 1103 1101
f 1102 1104 1103
f 1102 1105 1104
f 1102 1106 1105
f 1079 1080 1106
f 1079 1106 1102
f 1085 1107 1084
f 1085 1108 1107
f 1108 1109 1107
f 1108 1110 1109
f 1101 1103 1110
f 1101 1110 1108
f 1101 1108 1078
f 1078 1108 1085
f 1090 1111 1089
f 1090 1112 1111
f 1112 1113 1111
f 1112 1114 1113
f 1107 1109 1114
f 1107 1114 1112
f 1107 1112 1084
f 1084 1112 1090
f 1092 1115 457
f 457 1115 482
f 482 1116 481
f 482 1115 1116
f 1111 1113 1116
f 1111 1116 1115
f 1111 1115 1089
f 1089 1115 1092
f 475 1117 1094
f 475 500 1118
f 475 1118 1117
f 500 499 1118
f 1098 1119 1097
f 1098 1120 1119
f 1120 1121 1119
f 1120 1122 1121
f 1117 1118 1122
f 1117 1122 1120
f 1117 1120 1094
f 1094 1120 1098
f 1119 1121 1123
f 1119 1123 1124
f 1119 1124 1097
f 1097 1124 1099
f 1104 1125 1103
f 1104 1105 1125
f 1110 1126 1109
f 1110 1127 1126
f 1127 1128 1126
f 1127 1129 1128
f 1127 1130 1129
f 1103 1125 1130
f 1103 1130 1127
f 1103 1127 1110
f 1114 1131 1113
f 1114 1132 1131
f 1132 1133 1131
f 1132 1134 1133
f 1126 1128 1134
f 1126 1134 1132
f 1126 1132 1109
f 1109 1132 1114
f 1116 1135 481
f 481 1135 506
f 506 1136 505
f 506 1135 1136
f 1131 1133 1136
f 1131 1136 1135
f 1131 1135 1113
f 1113 1135 1116
f 521 1137 519
f 521 520 1137
f 499 1138 1118
f 499 522 1139
f 499 1139 1138
f 522 519 1140
f 522 1140 1139
f 519 1137 1140
f 1122 1141 1121
f 1122 1142 1141
f 1142 1143 1141
f 1142 1144 1143
f 1138 1139 1144
f 1138 1144 1142
f 1138 1142 1118
f 1118 1142 1122
f 1141 1143 1145
f 1141 1145 1146
f 1141 1146 1121
f 1121 1146 1123
f 1129 1147 1128
f 1129 1130 1147
f 1134 1148 1133
f 1134 1149 1148
f 1149 1150 1148
f 1149 1151 1150
f 1149 1152 1151
f 1128 1147 1152
f 1128 1152 1149
f 1128 1149 1134
f 1136 1153 505
f 505 1154 523
f 505 1153 1154
f 1153 1155 1154
f 1148 1150 1155
f 1148 1155 1153
f 1148 1153 1133
f 1133 1153 1136
f 525 1156 524
f 525 523 1157
f 525 1157 1156
f 523 1154 1157
f 527 1158 526
f 527 524 1159
f 527 1159 1158
f 524 1156 1159
f 529 1160 528
f 529 526 1161
f 529 1161 1160
f 526 1158 1161
f 520 1162 1137
f 520 530 1163
f 520 1163 1162
f 530 528 1164
f 530 1164 1163
f 528 1160 1164
f 1140 1165 1139
f 1140 1166 1165
f 1166 1167 1165
f 1166 1168 1167
f 1162 1163 1168
f 1162 1168 1166
f 1162 1166 1137
f 1137 1166 1140
f 1144 1169 1143
f 1165 1167 1170
f 1165 1170 1171
f 1165 1171 1139
f 1139 1171 1169
f 1139 1169 1144
f 1143 1169 1172
f 1143 1172 1145
f 1151 1173 1150
f 1151 1152 1173
f 1155 1174 1154
f 1150 1173 1175
f 1150 1175 1174
f 1150 1174 1155
f 1157 1176 1156
f 1154 1174 1177
f 1154 1177 1176
f 1154 1176 1157
f 1159 1178 1158
f 1156 1176 1179
f 1156 1179 1178
f 1156 1178 1159
f 1161 1180 1160
f 1158 1178 1181
f 1158 1181 1180
f 1158 1180 1161
f 1164 1182 1163
f 1160 1180 1183
f 1160 1183 1182
f 1160 1182 1164
f 1168 1184 1167
f 1163 1182 1185
f 1163 1185 1184
f 1163 1184 1168
f 1167 1184 1186
f 1167 1186 1170
f 1187 1188 1189
f 1187 1190 1188
f 1187 1191 1190
f 1187 1192 1191
f 1187 1193 1192
f 1187 1189 1193
f 1194 1195 1196
f 1194 1197 1195
f 1194 1198 1197
f 1188 1190 1198
f 1188 1198 1194
f 1188 1199 1189
f 1188 1194 1199
f 1194 1196 1199
f 1195 1197 1200
f 1195 1200 1196
f 1201 1202 1203
f 1201 1204 1202
f 1201 1205 1204
f 1201 1206 1205
f 1201 1207 1206
f 1201 1203 1207
f 1208 1209 1210
f 537 533 1209
f 537 1209 1208
f 537 1211 536
f 537 1208 1211
f 1202 1204 1211
f 1202 1211 1208
f 1202 1212 1203
f 1202 1208 1212
f 1208 1210 1212
f 1191 1213 1190
f 1191 1214 1213
f 543 540 1213
f 543 1213 1214
f 543 1214 533
f 533 1214 1209
f 1209 1215 1210
f 1209 1214 1215
f 1191 1192 1215
f 1191 1215 1214
f 1198 1216 1197
f 1198 1217 1216
f 549 546 1216
f 549 1216 1217
f 549 1217 540
f 540 1217 1213
f 1213 1217 1190
f 1190 1217 1198
f 1218 1219 1220
f 555 552 1219
f 555 1219 1218
f 555 1218 546
f 546 1218 1216
f 1216 1218 1197
f 1197 1220 1200
f 1197 1218 1220
f 1221 1222 1223
f 1221 1224 1222
f 552 556 1224
f 552 1224 1221
f 552 1221 1219
f 1219 1225 1220
f 1219 1221 1225
f 1221 1223 1225
f 1222 1224 1226
f 1222 1226 1223
f 1205 1227 1204
f 1205 1228 1227
f 1228 1229 1227
f 1228 1230 1229
f 1228 1231 1230
f 1228 1232 1231
f 1205 1206 1232
f 1205 1232 1228
f 1211 1233 536
f 536 1233 562
f 562 1234 561
f 562 1233 1234
f 1227 1229 1234
f 1227 1234 1233
f 1227 1233 1204
f 1204 1233 1211
f 556 1235 1224
f 556 576 1236
f 556 1236 1235
f 576 575 1236
f 1235 1236 1237
f 1235 1237 1238
f 1235 1238 1224
f 1224 1238 1226
f 1239 1240 1241
f 1239 1242 1240
f 1239 1243 1242
f 1239 1244 1243
f 1239 1245 1244
f 1239 1241 1245
f 1230 1246 1229
f 1230 1247 1246
f 583 579 1246
f 583 1246 1247
f 583 1248 582
f 583 1247 1248
f 1240 1242 1248
f 1240 1248 1247
f 1240 1249 1241
f 1240 1247 1249
f 1230 1231 1249
f 1230 1249 1247
f 1234 1250 561
f 561 1250 587
f 587 1250 579
f 579 1250 1246
f 1246 1250 1229
f 1229 1250 1234
f 575 1251 1236
f 575 596 1251
f 1252 1253 1254
f 1252 1255 1253
f 596 598 1255
f 596 1255 1252
f 596 1252 1251
f 1251 1252 1236
f 1236 1254 1237
f 1236 1252 1254
f 1253 1255 1256
f 1253 1256 1254
f 1243 1257 1242
f 1243 1258 1257
f 1258 1259 1257
f 1258 1260 1259
f 1258 1261 1260
f 1258 1262 1261
f 1243 1244 1262
f 1243 1262 1258
f 1248 1263 582
f 582 1263 604
f 604 1264 603
f 604 1263 1264
f 1257 1259 1264
f 1257 1264 1263
f 1257 1263 1242
f 1242 1263 1248
f 598 1265 1255
f 598 610 1266
f 598 1266 1265
f 610 609 1266
f 1265 1266 1267
f 1265 1267 1268
f 1265 1268 1255
f 1255 1268 1256
f 1260 1269 1259
f 1260 1270 1269
f 1270 1271 1269
f 1270 1272 1271
f 1270 1273 1272
f 1270 1274 1273
f 1260 1261 1274
f 1260 1274 1270
f 1264 1275 603
f 603 1275 616
f 616 1276 615
f 616 1275 1276
f 1269 1271 1276
f 1269 1276 1275
f 1269 1275 1259
f 1259 1275 1264
f 609 1277 1266
f 609 622 1278
f 609 1278 1277
f 622 621 1278
f 1277 1278 1279
f 1277 1279 1280
f 1277 1280 1266
f 1266 1280 1267
f 1272 1281 1271
f 1272 1282 1281
f 1282 1283 1281
f 1282 1284 1283
f 1282 1285 1284
f 1282 1286 1285
f 1272 1273 1286
f 1272 1286 1282
f 1276 1287 615
f 615 1287 628
f 628 1288 627
f 628 1287 1288
f 1281 1283 1288
f 1281 1288 1287
f 1281 1287 1271
f 1271 1287 1276
f 621 1289 1278
f 621 634 1290
f 621 1290 1289
f 634 633 1290
f 1289 1290 1291
f 1289 1291 1292
f 1289 1292 1278
f 1278 1292 1279
f 1284 1293 1283
f 1284 1285 1293
f 1288 1294 627
f 627 1294 640
f 640 1295 639
f 640 1294 1295
f 1294 1296 1295
f 1283 1293 1296
f 1283 1296 1294
f 1283 1294 1288
f 633 1297 1290
f 633 650 1298
f 633 1298 1297
f 650 649 1298
f 1297 1298 1299
f 1297 1299 1300
f 1297 1300 1290
f 1290 1300 1291
f 1295 1301 639
f 639 1301 656
f 656 1302 655
f 656 1301 1302
f 1301 1303 1302
f 1301 1304 1303
f 1295 1296 1304
f 1295 1304 1301
f 649 1305 1298
f 649 673 1305
f 673 676 1306
f 673 1306 1307
f 673 1307 1305
f 1305 1307 1308
f 1305 1308 1298
f 1298 1308 1299
f 1302 1309 655
f 655 1310 677
f 655 1309 1310
f 1309 1311 1310
f 1309 1312 1311
f 1309 1313 1312
f 1302 1303 1313
f 1302 1313 1309
f 677 1314 682
f 677 1310 1314
f 1306 676 1315
f 1306 1315 1316
f 676 702 1317
f 676 1317 1315
f 702 701 1317
f 1306 1316 1307
f 1315 1317 1318
f 1315 1318 1316
f 1319 1320 1321
f 1319 1322 1320
f 1319 1323 1322
f 1319 1324 1323
f 1319 1325 1324
f 1319 1321 1325
f 1311 1326 1310
f 1311 1327 1326
f 1327 1328 1326
f 1327 1329 1328
f 1320 1322 1329
f 1320 1329 1327
f 1320 1330 1321
f 1320 1327 1330
f 1311 1312 1330
f 1311 1330 1327
f 1314 1331 682
f 682 1331 708
f 708 1332 707
f 708 1331 1332
f 1326 1328 1332
f 1326 1332 1331
f 1326 1331 1310
f 1310 1331 1314
f 701 1333 1317
f 701 728 1334
f 701 1334 1333
f 728 727 1334
f 1333 1334 1335
f 1333 1335 1336
f 1333 1336 1317
f 1317 1336 1318
f 1323 1337 1322
f 1323 1338 1337
f 1338 1339 1337
f 1338 1340 1339
f 1338 1341 1340
f 1338 1342 1341
f 1323 1324 1342
f 1323 1342 1338
f 1329 1343 1328
f 1329 1344 1343
f 735 731 1343
f 735 1343 1344
f 735 1345 734
f 735 1344 1345
f 1337 1339 1345
f 1337 1345 1344
f 1337 1344 1322
f 1322 1344 1329
f 1332 1346 707
f 707 1346 740
f 740 1346 731
f 731 1346 1343
f 1343 1346 1328
f 1328 1346 1332
f 727 1347 1334
f 727 754 1348
f 727 1348 1347
f 754 753 1348
f 1347 1348 1349
f 1347 1349 1350
f 1347 1350 1334
f 1334 1350 1335
f 1340 1351 1339
f 1340 1352 1351
f 1352 1353 1351
f 1352 1354 1353
f 1352 1355 1354
f 1352 1356 1355
f 1340 1341 1356
f 1340 1356 1352
f 1345 1357 734
f 734 1358 755
f 734 1357 1358
f 1357 1359 1358
f 1351 1353 1359
f 1351 1359 1357
f 1351 1357 1339
f 1339 1357 1345
f 755 1360 760
f 755 1358 1360
f 753 1361 1348
f 753 771 1361
f 771 774 1362
f 771 1362 1363
f 771 1363 1361
f 1361 1363 1364
f 1361 1364 1348
f 1348 1364 1349
f 1354 1365 1353
f 1354 1366 1365
f 1366 1367 1365
f 1366 1368 1367
f 1366 1369 1368
f 1366 1370 1369
f 1354 1355 1370
f 1354 1370 1366
f 1359 1371 1358
f 1359 1372 1371
f 1372 1373 1371
f 1372 1374 1373
f 1365 1367 1374
f 1365 1374 1372
f 1365 1372 1353
f 1353 1372 1359
f 1360 1375 760
f 760 1375 780
f 780 1376 779
f 780 1375 1376
f 1371 1373 1376
f 1371 1376 1375
f 1371 1375 1358
f 1358 1375 1360
f 1362 774 1377
f 774 792 1377
f 792 1378 1377
f 792 791 1378
f 1377 1378 1379
f 1377 1379 1380
f 1362 1377 1380
f 1362 1380 1363
f 1368 1381 1367
f 1368 1382 1381
f 1382 1383 1381
f 1382 1384 1383
f 1382 1385 1384
f 1382 1386 1385
f 1368 1369 1386
f 1368 1386 1382
f 1374 1387 1373
f 1374 1388 1387
f 1388 1389 1387
f 1388 1390 1389
f 1381 1383 1390
f 1381 1390 1388
f 1381 1388 1367
f 1367 1388 1374
f 1376 1391 779
f 779 1391 798
f 798 1392 797
f 798 1391 1392
f 1387 1389 1392
f 1387 1392 1391
f 1387 1391 1373
f 1373 1391 1376
f 1378 791 1393
f 791 810 1393
f 810 1394 1393
f 810 809 1394
f 1393 1394 1395
f 1393 1395 1396
f 1378 1393 1396
f 1378 1396 1379
f 1384 1397 1383
f 1384 1398 1397
f 1398 1399 1397
f 1398 1400 1399
f 1398 1401 1400
f 1398 1402 1401
f 1384 1385 1402
f 1384 1402 1398
f 1390 1403 1389
f 1390 1404 1403
f 1404 1405 1403
f 1404 1406 1405
f 1397 1399 1406
f 1397 1406 1404
f 1397 1404 1383
f 1383 1404 1390
f 1392 1407 797
f 797 1407 816
f 816 1408 815
f 816 1407 1408
f 1403 1405 1408
f 1403 1408 1407
f 1403 1407 1389
f 1389 1407 1392
f 827 1409 825
f 827 826 1409
f 1394 809 1410
f 809 828 1410
f 828 825 1410
f 825 1411 1410
f 825 1409 1411
f 1410 1411 1412
f 1394 1410 1412
f 1394 1412 1395
f 1400 1413 1399
f 1400 1414 1413
f 1414 1415 1413
f 1414 1416 1415
f 1414 1417 1416
f 1414 1418 1417
f 1400 1401 1418
f 1400 1418 1414
f 1406 1419 1405
f 1406 1420 1419
f 1420 1421 1419
f 1420 1422 1421
f 1413 1415 1422
f 1413 1422 1420
f 1413 1420 1399
f 1399 1420 1406
f 1408 1423 815
f 815 1423 834
f 834 1424 833
f 834 1423 1424
f 1419 1421 1424
f 1419 1424 1423
f 1419 1423 1405
f 1405 1423 1408
f 826 1425 1409
f 826 846 1426
f 826 1426 1425
f 846 845 1426
f 1425 1426 1427
f 1425 1427 1428
f 1425 1428 1409
f 1409 1428 1411
f 1416 1429 1415
f 1416 1430 1429
f 1430 1431 1429
f 1430 1432 1431
f 1430 1433 1432
f 1430 1434 1433
f 1416 1417 1434
f 1416 1434 1430
f 1422 1435 1421
f 1422 1436 1435
f 853 849 1435
f 853 1435 1436
f 853 1437 852
f 853 1436 1437
f 1429 1431 1437
f 1429 1437 1436
f 1429 1436 1415
f 1415 1436 1422
f 1424 1438 833
f 833 1438 858
f 858 1438 849
f 849 1438 1435
f 1435 1438 1421
f 1421 1438 1424
f 845 1439 1426
f 845 872 1440
f 845 1440 1439
f 872 871 1440
f 1439 1440 1441
f 1439 1441 1442
f 1439 1442 1426
f 1426 1442 1427
f 1432 1443 1431
f 1432 1444 1443
f 1444 1445 1443
f 1444 1446 1445
f 1444 1447 1446
f 1444 1448 1447
f 1432 1433 1448
f 1432 1448 1444
f 1437 1449 852
f 852 1449 878
f 878 1450 877
f 878 1449 1450
f 1443 1445 1450
f 1443 1450 1449
f 1443 1449 1431
f 1431 1449 1437
f 871 1451 1440
f 871 895 1451
f 895 898 1452
f 895 1452 1453
f 895 1453 1451
f 1451 1453 1454
f 1451 1454 1440
f 1440 1454 1441
f 1446 1455 1445
f 1446 1456 1455
f 1456 1457 1455
f 1456 1458 1457
f 1456 1459 1458
f 1456 1460 1459
f 1446 1447 1460
f 1446 1460 1456
f 1450 1461 877
f 877 1461 904
f 904 1462 903
f 904 1461 1462
f 1455 1457 1462
f 1455 1462 1461
f 1455 1461 1445
f 1445 1461 1450
f 1452 898 1463
f 1452 1463 1464
f 898 920 1465
f 898 1465 1463
f 920 919 1465
f 1452 1464 1453
f 1463 1465 1466
f 1463 1466 1464
f 1458 1467 1457
f 1458 1468 1467
f 927 923 1467
f 927 1467 1468
f 927 1469 926
f 927 1468 1469
f 1468 1470 1469
f 1468 1471 1470
f 1458 1459 1471
f 1458 1471 1468
f 1462 1472 903
f 903 1472 932
f 932 1472 923
f 923 1472 1467
f 1467 1472 1457
f 1457 1472 1462
f 919 1473 1465
f 919 947 1473
f 947 950 1474
f 947 1474 1475
f 947 1475 1473
f 1473 1475 1476
f 1473 1476 1465
f 1465 1476 1466
f 1477 1478 1479
f 1477 1480 1478
f 1477 1481 1480
f 1477 1482 1481
f 1477 1483 1482
f 1477 1479 1483
f 1469 1484 926
f 926 1484 956
f 956 1485 955
f 956 1484 1485
f 1478 1480 1485
f 1478 1485 1484
f 1478 1486 1479
f 1478 1484 1486
f 1469 1470 1486
f 1469 1486 1484
f 1474 950 1487
f 1474 1487 1488
f 950 974 1489
f 950 1489 1487
f 974 973 1489
f 1474 1488 1475
f 1487 1489 1490
f 1487 1490 1488
f 1481 1491 1480
f 1481 1492 1491
f 1492 1493 1491
f 1492 1494 1493
f 1492 1495 1494
f 1492 1496 1495
f 1481 1482 1496
f 1481 1496 1492
f 1485 1497 955
f 955 1497 980
f 980 1498 979
f 980 1497 1498
f 1491 1493 1498
f 1491 1498 1497
f 1491 1497 1480
f 1480 1497 1485
f 973 1499 1489
f 973 994 1500
f 973 1500 1499
f 994 993 1500
f 1499 1500 1501
f 1499 1501 1502
f 1499 1502 1489
f 1489 1502 1490
f 1494 1503 1493
f 1494 1504 1503
f 1504 1505 1503
f 1504 1506 1505
f 1504 1507 1506
f 1504 1508 1507
f 1494 1495 1508
f 1494 1508 1504
f 1498 1509 979
f 979 1509 1000
f 1000 1510 999
f 1000 1509 1510
f 1503 1505 1510
f 1503 1510 1509
f 1503 1509 1493
f 1493 1509 1498
f 993 1511 1500
f 993 1014 1512
f 993 1512 1511
f 1014 1013 1512
f 1511 1512 1513
f 1511 1513 1514
f 1511 1514 1500
f 1500 1514 1501
f 1506 1515 1505
f 1506 1516 1515
f 1516 1517 1515
f 1516 1518 1517
f 1516 1519 1518
f 1516 1520 1519
f 1506 1507 1520
f 1506 1520 1516
f 1510 1521 999
f 999 1521 1020
f 1020 1522 1019
f 1020 1521 1522
f 1515 1517 1522
f 1515 1522 1521
f 1515 1521 1505
f 1505 1521 1510
f 1013 1523 1512
f 1013 1034 1524
f 1013 1524 1523
f 1034 1033 1524
f 1523 1524 1525
f 1523 1525 1526
f 1523 1526 1512
f 1512 1526 1513
f 1518 1527 1517
f 1518 1519 1527
f 1522 1528 1019
f 1019 1528 1040
f 1040 1529 1039
f 1040 1528 1529
f 1528 1530 1529
f 1517 1527 1530
f 1517 1530 1528
f 1517 1528 1522
f 1053 1531 1051
f 1053 1052 1531
f 1033 1532 1533
f 1033 1533 1524
f 1033 1054 1532
f 1054 1051 1532
f 1051 1534 1532
f 1051 1531 1534
f 1532 1534 1535
f 1532 1535 1533
f 1524 1533 1536
f 1524 1536 1525
f 1529 1537 1039
f 1039 1537 1060
f 1060 1538 1059
f 1060 1537 1538
f 1537 1539 1538
f 1537 1540 1539
f 1529 1530 1540
f 1529 1540 1537
f 1052 1541 1531
f 1052 1074 1542
f 1052 1542 1541
f 1074 1073 1542
f 1541 1542 1543
f 1541 1543 1544
f 1541 1544 1531
f 1531 1544 1534
f 1081 1077 1545
f 1081 1545 1080
f 1538 1546 1059
f 1059 1546 1086
f 1086 1546 1077
f 1077 1547 1545
f 1077 1546 1547
f 1546 1548 1547
f 1538 1539 1548
f 1538 1548 1546
f 1073 1549 1550
f 1073 1550 1542
f 1073 1100 1549
f 1100 1551 1549
f 1100 1099 1551
f 1549 1551 1552
f 1549 1552 1553
f 1549 1553 1550
f 1542 1550 1554
f 1542 1554 1543
f 1080 1545 1555
f 1080 1555 1556
f 1080 1556 1106
f 1106 1556 1105
f 1555 1557 1556
f 1555 1545 1558
f 1555 1558 1557
f 1545 1547 1558
f 1551 1099 1559
f 1099 1124 1559
f 1124 1560 1559
f 1124 1123 1560
f 1559 1560 1561
f 1559 1561 1562
f 1551 1559 1562
f 1551 1562 1552
f 1105 1556 1563
f 1105 1563 1125
f 1125 1564 1130
f 1125 1563 1565
f 1125 1565 1564
f 1563 1556 1566
f 1563 1566 1565
f 1556 1557 1566
f 1567 1568 1569
f 1567 1569 1570
f 1567 1570 1571
f 1567 1571 1572
f 1567 1572 1573
f 1567 1573 1568
f 1560 1123 1574
f 1123 1146 1574
f 1146 1575 1574
f 1146 1145 1575
f 1569 1574 1575
f 1569 1575 1570
f 1569 1576 1574
f 1569 1568 1576
f 1560 1574 1576
f 1560 1576 1561
f 1564 1577 1578
f 1564 1578 1130
f 1130 1578 1147
f 1564 1565 1577
f 1579 1580 1581
f 1579 1581 1582
f 1147 1579 1582
f 1147 1582 1152
f 1147 1578 1579
f 1578 1583 1579
f 1578 1577 1583
f 1579 1583 1580
f 1581 1584 1582
f 1581 1580 1584
f 1585 1586 1587
f 1585 1587 1588
f 1585 1588 1589
f 1585 1589 1590
f 1585 1590 1591
f 1585 1591 1586
f 1571 1592 1593
f 1571 1570 1592
f 1171 1593 1592
f 1171 1592 1169
f 1171 1594 1593
f 1171 1170 1594
f 1587 1593 1594
f 1587 1594 1588
f 1587 1595 1593
f 1587 1586 1595
f 1571 1593 1595
f 1571 1595 1572
f 1575 1145 1596
f 1145 1172 1596
f 1172 1169 1596
f 1169 1592 1596
f 1592 1570 1596
f 1570 1575 1596
f 1152 1582 1597
f 1152 1597 1173
f 1598 1599 1600
f 1175 1598 1600
f 1175 1600 1174
f 1175 1173 1598
f 1173 1597 1598
f 1597 1582 1598
f 1582 1599 1598
f 1582 1584 1599
f 1601 1602 1603
f 1177 1601 1603
f 1177 1603 1176
f 1177 1174 1601
f 1174 1600 1601
f 1600 1604 1601
f 1600 1599 1604
f 1601 1604 1602
f 1605 1606 1607
f 1179 1605 1607
f 1179 1607 1178
f 1179 1176 1605
f 1176 1603 1605
f 1603 1608 1605
f 1603 1602 1608
f 1605 1608 1606
f 1609 1610 1611
f 1181 1609 1611
f 1181 1611 1180
f 1181 1178 1609
f 1178 1607 1609
f 1607 1612 1609
f 1607 1606 1612
f 1609 1612 1610
f 1613 1614 1615
f 1183 1613 1615
f 1183 1615 1182
f 1183 1180 1613
f 1180 1611 1613
f 1611 1616 1613
f 1611 1610 1616
f 1613 1616 1614
f 1589 1617 1618
f 1589 1588 1617
f 1185 1618 1617
f 1185 1617 1184
f 1185 1182 1618
f 1182 1615 1618
f 1615 1619 1618
f 1615 1614 1619
f 1589 1618 1619
f 1589 1619 1590
f 1594 1170 1620
f 1170 1186 1620
f 1186 1184 1620
f 1184 1617 1620
f 1617 1588 1620
f 1588 1594 1620
f 1621 1622 1623
f 1621 1624 1622
f 1621 1625 1624
f 1621 1626 1625
f 1621 1627 1626
f 1621 1623 1627
f 1628 1629 1630
f 1193 1189 1629
f 1193 1629 1628
f 1193 1631 1192
f 1193 1628 1631
f 1622 1624 1631
f 1622 1631 1628
f 1622 1632 1623
f 1622 1628 1632
f 1628 1630 1632
f 1633 1634 1635
f 1199 1196 1634
f 1199 1634 1633
f 1199 1633 1189
f 1189 1633 1629
f 1629 1636 1630
f 1629 1633 1636
f 1633 1635 1636
f 1637 1638 1639
f 1637 1640 1638
f 1196 1200 1640
f 1196 1640 1637
f 1196 1637 1634
f 1634 1641 1635
f 1634 1637 1641
f 1637 1639 1641
f 1638 1640 1642
f 1638 1642 1639
f 1643 1644 1645
f 1207 1203 1644
f 1207 1644 1643
f 1207 1646 1206
f 1207 1643 1646
f 1643 1647 1646
f 1643 1648 1647
f 1643 1645 1648
f 1625 1649 1624
f 1625 1650 1649
f 1212 1210 1649
f 1212 1649 1650
f 1212 1650 1203
f 1203 1650 1644
f 1644 1651 1645
f 1644 1650 1651
f 1625 1626 1651
f 1625 1651 1650
f 1631 1652 1192
f 1192 1652 1215
f 1215 1652 1210
f 1210 1652 1649
f 1649 1652 1624
f 1624 1652 1631
f 1200 1653 1640
f 1200 1220 1653
f 1654 1655 1656
f 1225 1223 1655
f 1225 1655 1654
f 1225 1654 1220
f 1220 1654 1653
f 1653 1654 1640
f 1640 1656 1642
f 1640 1654 1656
f 1223 1226 1657
f 1223 1657 1658
f 1223 1658 1655
f 1655 1658 1656
f 1659 1660 1661
f 1659 1662 1660
f 1659 1663 1662
f 1659 1664 1663
f 1659 1665 1664
f 1659 1661 1665
f 1646 1666 1206
f 1206 1666 1232
f 1232 1667 1231
f 1232 1666 1667
f 1660 1662 1667
f 1660 1667 1666
f 1660 1668 1661
f 1660 1666 1668
f 1646 1647 1668
f 1646 1668 1666
f 1657 1226 1669
f 1657 1669 1670
f 1226 1238 1671
f 1226 1671 1669
f 1238 1237 1671
f 1657 1670 1658
f 1669 1671 1672
f 1669 1672 1670
f 1663 1673 1662
f 1663 1674 1673
f 1245 1241 1673
f 1245 1673 1674
f 1245 1675 1244
f 1245 1674 1675
f 1674 1676 1675
f 1674 1677 1676
f 1663 1664 1677
f 1663 1677 1674
f 1667 1678 1231
f 1231 1678 1249
f 1249 1678 1241
f 1241 1678 1673
f 1673 1678 1662
f 1662 1678 1667
f 1237 1679 1671
f 1237 1254 1679
f 1254 1256 1680
f 1254 1680 1681
f 1254 1681 1679
f 1679 1681 1682
f 1679 1682 1671
f 1671 1682 1672
f 1675 1683 1244
f 1244 1683 1262
f 1262 1684 1261
f 1262 1683 1684
f 1683 1685 1684
f 1683 1686 1685
f 1675 1676 1686
f 1675 1686 1683
f 1680 1256 1687
f 1256 1268 1687
f 1268 1688 1687
f 1268 1267 1688
f 1687 1688 1689
f 1687 1689 1690
f 1680 1687 1690
f 1680 1690 1681
f 1684 1691 1261
f 1261 1691 1274
f 1274 1692 1273
f 1274 1691 1692
f 1691 1693 1692
f 1691 1694 1693
f 1684 1685 1694
f 1684 1694 1691
f 1688 1267 1695
f 1267 1280 1695
f 1280 1696 1695
f 1280 1279 1696
f 1695 1696 1697
f 1695 1697 1698
f 1688 1695 1698
f 1688 1698 1689
f 1692 1699 1273
f 1273 1699 1286
f 1286 1700 1285
f 1286 1699 1700
f 1699 1701 1700
f 1699 1702 1701
f 1692 1693 1702
f 1692 1702 1699
f 1696 1279 1703
f 1279 1292 1703
f 1292 1704 1703
f 1292 1291 1704
f 1703 1704 1705
f 1703 1705 1706
f 1696 1703 1706
f 1696 1706 1697
f 1700 1707 1285
f 1285 1708 1293
f 1285 1707 1708
f 1707 1709 1708
f 1707 1710 1709
f 1707 1711 1710
f 1700 1701 1711
f 1700 1711 1707
f 1293 1712 1296
f 1293 1708 1712
f 1704 1291 1713
f 1704 1713 1714
f 1291 1300 1715
f 1291 1715 1713
f 1300 1299 1715
f 1704 1714 1705
f 1713 1715 1716
f 1713 1716 1714
f 1709 1717 1708
f 1709 1718 1717
f 1718 1719 1717
f 1718 1720 1719
f 1718 1721 1720
f 1718 1722 1721
f 1709 1710 1722
f 1709 1722 1718
f 1712 1723 1296
f 1296 1723 1304
f 1304 1724 1303
f 1304 1723 1724
f 1717 1719 1724
f 1717 1724 1723
f 1717 1723 1708
f 1708 1723 1712
f 1299 1725 1715
f 1299 1308 1726
f 1299 1726 1725
f 1308 1307 1726
f 1725 1726 1727
f 1725 1727 1728
f 1725 1728 1715
f 1715 1728 1716
f 1720 1729 1719
f 1720 1730 1729
f 1730 1731 1729
f 1730 1732 1731
f 1730 1733 1732
f 1730 1734 1733
f 1720 1721 1734
f 1720 1734 1730
f 1724 1735 1303
f 1303 1735 1313
f 1313 1736 1312
f 1313 1735 1736
f 1729 1731 1736
f 1729 1736 1735
f 1729 1735 1719
f 1719 1735 1724
f 1307 1737 1726
f 1307 1316 1737
f 1316 1318 1738
f 1316 1738 1739
f 1316 1739 1737
f 1737 1739 1740
f 1737 1740 1726
f 1726 1740 1727
f 1732 1741 1731
f 1732 1742 1741
f 1325 1321 1741
f 1325 1741 1742
f 1325 1743 1324
f 1325 1742 1743
f 1742 1744 1743
f 1742 1745 1744
f 1732 1733 1745
f 1732 1745 1742
f 1736 1746 1312
f 1312 1746 1330
f 1330 1746 1321
f 1321 1746 1741
f 1741 1746 1731
f 1731 1746 1736
f 1738 1318 1747
f 1318 1336 1747
f 1336 1748 1747
f 1336 1335 1748
f 1747 1748 1749
f 1747 1749 1750
f 1738 1747 1750
f 1738 1750 1739
f 1743 1751 1324
f 1324 1751 1342
f 1342 1752 1341
f 1342 1751 1752
f 1751 1753 1752
f 1751 1754 1753
f 1743 1744 1754
f 1743 1754 1751
f 1748 1335 1755
f 1748 1755 1756
f 1335 1350 1757
f 1335 1757 1755
f 1350 1349 1757
f 1748 1756 1749
f 1755 1757 1758
f 1755 1758 1756
f 1752 1759 1341
f 1341 1759 1356
f 1356 1760 1355
f 1356 1759 1760
f 1759 1761 1760
f 1759 1762 1761
f 1752 1753 1762
f 1752 1762 1759
f 1349 1763 1757
f 1349 1364 1764
f 1349 1764 1763
f 1364 1363 1764
f 1763 1764 1765
f 1763 1765 1766
f 1763 1766 1757
f 1757 1766 1758
f 1760 1767 1355
f 1355 1767 1370
f 1370 1768 1369
f 1370 1767 1768
f 1767 1769 1768
f 1767 1770 1769
f 1760 1761 1770
f 1760 1770 1767
f 1363 1771 1764
f 1363 1380 1772
f 1363 1772 1771
f 1380 1379 1772
f 1771 1772 1773
f 1771 1773 1774
f 1771 1774 1764
f 1764 1774 1765
f 1768 1775 1369
f 1369 1775 1386
f 1386 1776 1385
f 1386 1775 1776
f 1775 1777 1776
f 1775 1778 1777
f 1768 1769 1778
f 1768 1778 1775
f 1379 1779 1772
f 1379 1396 1780
f 1379 1780 1779
f 1396 1395 1780
f 1779 1780 1781
f 1779 1781 1782
f 1779 1782 1772
f 1772 1782 1773
f 1776 1783 1385
f 1385 1783 1402
f 1402 1784 1401
f 1402 1783 1784
f 1783 1785 1784
f 1783 1786 1785
f 1776 1777 1786
f 1776 1786 1783
f 1395 1787 1780
f 1395 1412 1788
f 1395 1788 1787
f 1412 1411 1788
f 1787 1788 1789
f 1787 1789 1790
f 1787 1790 1780
f 1780 1790 1781
f 1784 1791 1401
f 1401 1791 1418
f 1418 1792 1417
f 1418 1791 1792
f 1791 1793 1792
f 1791 1794 1793
f 1784 1785 1794
f 1784 1794 1791
f 1411 1795 1796
f 1411 1796 1788
f 1411 1428 1795
f 1428 1797 1795
f 1428 1427 1797
f 1795 1797 1798
f 1795 1798 1799
f 1795 1799 1796
f 1788 1796 1800
f 1788 1800 1789
f 1792 1801 1417
f 1417 1801 1434
f 1434 1802 1433
f 1434 1801 1802
f 1801 1803 1802
f 1801 1804 1803
f 1792 1793 1804
f 1792 1804 1801
f 1797 1427 1805
f 1427 1442 1805
f 1442 1806 1805
f 1442 1441 1806
f 1805 1806 1807
f 1805 1807 1808
f 1797 1805 1808
f 1797 1808 1798
f 1802 1809 1433
f 1433 1809 1448
f 1448 1810 1447
f 1448 1809 1810
f 1809 1811 1810
f 1809 1812 1811
f 1802 1803 1812
f 1802 1812 1809
f 1806 1441 1813
f 1441 1454 1813
f 1454 1814 1813
f 1454 1453 1814
f 1813 1814 1815
f 1813 1815 1816
f 1806 1813 1816
f 1806 1816 1807
f 1810 1817 1447
f 1447 1817 1460
f 1460 1818 1459
f 1460 1817 1818
f 1817 1819 1818
f 1817 1820 1819
f 1810 1811 1820
f 1810 1820 1817
f 1814 1453 1821
f 1814 1821 1822
f 1453 1464 1821
f 1814 1822 1815
f 1464 1466 1823
f 1464 1823 1824
f 1464 1824 1821
f 1821 1824 1822
f 1818 1825 1459
f 1459 1825 1471
f 1471 1826 1470
f 1471 1825 1826
f 1825 1827 1826
f 1825 1828 1827
f 1818 1819 1828
f 1818 1828 1825
f 1823 1466 1829
f 1466 1476 1829
f 1476 1830 1829
f 1476 1475 1830
f 1829 1830 1831
f 1829 1831 1832
f 1823 1829 1832
f 1823 1832 1824
f 1833 1834 1835
f 1483 1479 1834
f 1483 1834 1833
f 1483 1836 1482
f 1483 1833 1836
f 1833 1837 1836
f 1833 1838 1837
f 1833 1835 1838
f 1826 1839 1470
f 1470 1839 1486
f 1486 1839 1479
f 1479 1839 1834
f 1834 1840 1835
f 1834 1839 1840
f 1826 1827 1840
f 1826 1840 1839
f 1830 1475 1841
f 1830 1841 1842
f 1475 1488 1841
f 1830 1842 1831
f 1488 1490 1843
f 1488 1843 1844
f 1488 1844 1841
f 1841 1844 1842
f 1836 1845 1482
f 1482 1845 1496
f 1496 1846 1495
f 1496 1845 1846
f 1845 1847 1846
f 1845 1848 1847
f 1836 1837 1848
f 1836 1848 1845
f 1843 1490 1849
f 1490 1502 1849
f 1502 1850 1849
f 1502 1501 1850
f 1849 1850 1851
f 1849 1851 1852
f 1843 1849 1852
f 1843 1852 1844
f 1846 1853 1495
f 1495 1853 1508
f 1508 1854 1507
f 1508 1853 1854
f 1853 1855 1854
f 1853 1856 1855
f 1846 1847 1856
f 1846 1856 1853
f 1850 1501 1857
f 1501 1514 1857
f 1514 1858 1857
f 1514 1513 1858
f 1857 1858 1859
f 1857 1859 1860
f 1850 1857 1860
f 1850 1860 1851
f 1854 1861 1862
f 1854 1862 1507
f 1507 1862 1863
f 1507 1863 1520
f 1520 1863 1519
f 1854 1855 1861
f 1862 1864 1863
f 1862 1861 1864
f 1865 1866 1867
f 1865 1867 1868
f 1865 1868 1869
f 1865 1869 1870
f 1865 1870 1871
f 1865 1871 1866
f 1858 1513 1872
f 1513 1526 1872
f 1526 1873 1872
f 1526 1525 1873
f 1867 1872 1873
f 1867 1873 1868
f 1867 1874 1872
f 1867 1866 1874
f 1858 1872 1874
f 1858 1874 1859
f 1519 1863 1875
f 1519 1875 1527
f 1527 1876 1530
f 1527 1875 1877
f 1527 1877 1876
f 1875 1863 1878
f 1875 1878 1877
f 1863 1864 1878
f 1869 1879 1880
f 1869 1868 1879
f 1535 1880 1879
f 1535 1879 1533
f 1535 1881 1880
f 1535 1534 1881
f 1880 1881 1882
f 1880 1882 1883
f 1869 1880 1883
f 1869 1883 1870
f 1873 1525 1884
f 1525 1536 1884
f 1536 1533 1884
f 1533 1879 1884
f 1879 1868 1884
f 1868 1873 1884
f 1876 1885 1886
f 1876 1886 1530
f 1530 1886 1887
f 1530 1887 1540
f 1540 1887 1539
f 1876 1877 1885
f 1886 1888 1887
f 1886 1885 1888
f 1889 1890 1891
f 1889 1891 1892
f 1889 1892 1893
f 1889 1893 1894
f 1889 1894 1895
f 1889 1895 1890
f 1881 1534 1896
f 1534 1544 1896
f 1544 1897 1896
f 1544 1543 1897
f 1891 1896 1897
f 1891 1897 1892
f 1891 1898 1896
f 1891 1890 1898
f 1881 1896 1898
f 1881 1898 1882
f 1539 1887 1899
f 1539 1899 1900
f 1539 1900 1548
f 1548 1900 1547
f 1899 1901 1900
f 1899 1887 1902
f 1899 1902 1901
f 1887 1888 1902
f 1903 1904 1905
f 1903 1905 1906
f 1903 1906 1907
f 1903 1907 1908
f 1903 1908 1909
f 1903 1909 1904
f 1893 1910 1911
f 1893 1892 1910
f 1553 1911 1910
f 1553 1910 1550
f 1553 1912 1911
f 1553 1552 1912
f 1905 1911 1912
f 1905 1912 1906
f 1905 1913 1911
f 1905 1904 1913
f 1893 1911 1913
f 1893 1913 1894
f 1897 1543 1914
f 1543 1554 1914
f 1554 1550 1914
f 1550 1910 1914
f 1910 1892 1914
f 1892 1897 1914
f 1547 1900 1915
f 1547 1915 1916
f 1547 1916 1558
f 1558 1916 1557
f 1917 1918 1919
f 1917 1919 1920
f 1917 1920 1921
f 1915 1917 1921
f 1915 1921 1916
f 1915 1900 1917
f 1900 1918 1917
f 1900 1901 1918
f 1922 1923 1924
f 1922 1924 1925
f 1922 1925 1926
f 1919 1922 1926
f 1919 1926 1920
f 1919 1927 1922
f 1919 1918 1927
f 1922 1927 1923
f 1924 1928 1925
f 1924 1923 1928
f 1929 1930 1931
f 1929 1931 1932
f 1929 1932 1933
f 1929 1933 1934
f 1929 1934 1935
f 1929 1935 1930
f 1936 1937 1938
f 1936 1938 1939
f 1936 1939 1940
f 1931 1936 1940
f 1931 1940 1932
f 1931 1941 1936
f 1931 1930 1941
f 1936 1941 1937
f 1907 1942 1943
f 1907 1906 1942
f 1943 1942 1944
f 1943 1944 1945
f 1938 1943 1945
f 1938 1945 1939
f 1938 1946 1943
f 1938 1937 1946
f 1907 1943 1946
f 1907 1946 1908
f 1912 1552 1947
f 1552 1562 1947
f 1562 1948 1947
f 1562 1561 1948
f 1942 1947 1948
f 1942 1948 1944
f 1942 1906 1947
f 1906 1912 1947
f 1557 1916 1949
f 1557 1949 1950
f 1557 1950 1566
f 1566 1950 1565
f 1921 1951 1952
f 1921 1920 1951
f 1952 1951 1953
f 1952 1953 1954
f 1949 1952 1954
f 1949 1954 1950
f 1949 1916 1952
f 1916 1921 1952
f 1926 1955 1956
f 1926 1925 1955
f 1956 1955 1957
f 1956 1957 1958
f 1951 1956 1958
f 1951 1958 1953
f 1951 1920 1956
f 1920 1926 1956
f 1959 1960 1961
f 1959 1961 1962
f 1959 1962 1963
f 1955 1959 1963
f 1955 1963 1957
f 1955 1925 1959
f 1925 1960 1959
f 1925 1928 1960
f 1964 1965 1966
f 1964 1966 1967
f 1964 1967 1968
f 1961 1964 1968
f 1961 1968 1962
f 1961 1969 1964
f 1961 1960 1969
f 1964 1969 1965
f 1970 1971 1972
f 1970 1972 1973
f 1970 1973 1974
f 1966 1970 1974
f 1966 1974 1967
f 1966 1975 1970
f 1966 1965 1975
f 1970 1975 1971
f 1933 1976 1977
f 1933 1932 1976
f 1977 1976 1978
f 1977 1978 1979
f 1972 1977 1979
f 1972 1979 1973
f 1972 1980 1977
f 1972 1971 1980
f 1933 1977 1980
f 1933 1980 1934
f 1940 1981 1982
f 1940 1939 1981
f 1982 1981 1983
f 1982 1983 1984
f 1976 1982 1984
f 1976 1984 1978
f 1976 1932 1982
f 1932 1940 1982
f 1945 1985 1986
f 1945 1944 1985
f 1573 1986 1985
f 1573 1985 1568
f 1573 1987 1986
f 1573 1572 1987
f 1981 1986 1987
f 1981 1987 1983
f 1981 1939 1986
f 1939 1945 1986
f 1948 1561 1988
f 1561 1576 1988
f 1576 1568 1988
f 1568 1985 1988
f 1985 1944 1988
f 1944 1948 1988
f 1565 1950 1989
f 1565 1989 1577
f 1954 1990 1991
f 1954 1953 1990
f 1583 1991 1990
f 1583 1990 1580
f 1583 1577 1991
f 1577 1989 1991
f 1989 1950 1991
f 1950 1954 1991
f 1958 1992 1993
f 1958 1957 1992
f 1993 1992 1994
f 1580 1993 1994
f 1580 1994 1584
f 1580 1990 1993
f 1990 1953 1993
f 1953 1958 1993
f 1963 1995 1996
f 1963 1962 1995
f 1996 1995 1997
f 1996 1997 1998
f 1992 1996 1998
f 1992 1998 1994
f 1992 1957 1996
f 1957 1963 1996
f 1968 1999 2000
f 1968 1967 1999
f 2000 1999 2001
f 2000 2001 2002
f 1995 2000 2002
f 1995 2002 1997
f 1995 1962 2000
f 1962 1968 2000
f 1974 2003 2004
f 1974 1973 2003
f 2004 2003 2005
f 2004 2005 2006
f 1999 2004 2006
f 1999 2006 2001
f 1999 1967 2004
f 1967 1974 2004
f 1979 2007 2008
f 1979 1978 2007
f 2008 2007 2009
f 2008 2009 2010
f 2003 2008 2010
f 2003 2010 2005
f 2003 1973 2008
f 1973 1979 2008
f 1984 2011 2012
f 1984 1983 2011
f 1591 2012 2011
f 1591 2011 1586
f 1591 2013 2012
f 1591 1590 2013
f 2007 2012 2013
f 2007 2013 2009
f 2007 1978 2012
f 1978 1984 2012
f 1987 1572 2014
f 1572 1595 2014
f 1595 1586 2014
f 1586 2011 2014
f 2011 1983 2014
f 1983 1987 2014
f 1584 1994 2015
f 1584 2015 1599
f 1998 2016 2017
f 1998 1997 2016
f 1604 2017 2016
f 1604 2016 1602
f 1604 1599 2017
f 1599 2015 2017
f 2015 1994 2017
f 1994 1998 2017
f 2002 2018 2019
f 2002 2001 2018
f 1608 2019 2018
f 1608 2018 1606
f 1608 1602 2019
f 1602 2016 2019
f 2016 1997 2019
f 1997 2002 2019
f 2006 2020 2021
f 2006 2005 2020
f 1612 2021 2020
f 1612 2020 1610
f 1612 1606 2021
f 1606 2018 2021
f 2018 2001 2021
f 2001 2006 2021
f 2010 2022 2023
f 2010 2009 2022
f 1616 2023 2022
f 1616 2022 1614
f 1616 1610 2023
f 1610 2020 2023
f 2020 2005 2023
f 2005 2010 2023
f 2013 1590 2024
f 1590 1619 2024
f 1619 1614 2024
f 1614 2022 2024
f 2022 2009 2024
f 2009 2013 2024
f 2025 2026 2027
f 1627 1623 2026
f 1627 2026 2025
f 1627 2028 1626
f 1627 2025 2028
f 2025 2029 2028
f 2025 2030 2029
f 2025 2027 2030
f 2031 2032 2033
f 1632 1630 2032
f 1632 2032 2031
f 1632 2031 1623
f 1623 2031 2026
f 2026 2034 2027
f 2026 2031 2034
f 2031 2033 2034
f 2035 2036 2037
f 1636 1635 2036
f 1636 2036 2035
f 1636 2035 1630
f 1630 2035 2032
f 2032 2038 2033
f 2032 2035 2038
f 2035 2037 2038
f 2039 2040 2041
f 1641 1639 2040
f 1641 2040 2039
f 1641 2039 1635
f 1635 2039 2036
f 2036 2042 2037
f 2036 2039 2042
f 2039 2041 2042
f 1639 1642 2043
f 1639 2043 2044
f 1639 2044 2040
f 2040 2044 2041
f 2045 2046 2047
f 1648 1645 2046
f 1648 2046 2045
f 1648 2048 1647
f 1648 2045 2048
f 2045 2049 2048
f 2045 2050 2049
f 2045 2047 2050
f 2028 2051 1626
f 1626 2051 1651
f 1651 2051 1645
f 1645 2051 2046
f 2046 2052 2047
f 2046 2051 2052
f 2028 2029 2052
f 2028 2052 2051
f 2043 1642 2053
f 2043 2053 2054
f 1642 1656 2053
f 2043 2054 2044
f 1656 1658 2055
f 1656 2055 2056
f 1656 2056 2053
f 2053 2056 2054
f 2057 2058 2059
f 1665 1661 2058
f 1665 2058 2057
f 1665 2060 1664
f 1665 2057 2060
f 2057 2061 2060
f 2057 2062 2061
f 2057 2059 2062
f 2048 2063 1647
f 1647 2063 1668
f 1668 2063 1661
f 1661 2063 2058
f 2058 2064 2059
f 2058 2063 2064
f 2048 2049 2064
f 2048 2064 2063
f 2055 1658 2065
f 2055 2065 2066
f 1658 1670 2065
f 2055 2066 2056
f 1670 1672 2067
f 1670 2067 2068
f 1670 2068 2065
f 2065 2068 2066
f 2060 2069 1664
f 1664 2069 1677
f 1677 2070 1676
f 1677 2069 2070
f 2069 2071 2070
f 2069 2072 2071
f 2060 2061 2072
f 2060 2072 2069
f 2067 1672 2073
f 1672 1682 2073
f 1682 2074 2073
f 1682 1681 2074
f 2073 2074 2075
f 2073 2075 2076
f 2067 2073 2076
f 2067 2076 2068
f 2070 2077 1676
f 1676 2077 1686
f 1686 2078 1685
f 1686 2077 2078
f 2077 2079 2078
f 2077 2080 2079
f 2070 2071 2080
f 2070 2080 2077
f 2074 1681 2081
f 1681 1690 2081
f 1690 2082 2081
f 1690 1689 2082
f 2081 2082 2083
f 2081 2083 2084
f 2074 2081 2084
f 2074 2084 2075
f 2078 2085 1685
f 1685 2085 1694
f 1694 2086 1693
f 1694 2085 2086
f 2085 2087 2086
f 2085 2088 2087
f 2078 2079 2088
f 2078 2088 2085
f 2082 1689 2089
f 1689 1698 2089
f 1698 2090 2089
f 1698 1697 2090
f 2089 2090 2091
f 2089 2091 2092
f 2082 2089 2092
f 2082 2092 2083
f 2086 2093 1693
f 1693 2093 1702
f 1702 2094 1701
f 1702 2093 2094
f 2093 2095 2094
f 2093 2096 2095
f 2086 2087 2096
f 2086 2096 2093
f 2090 1697 2097
f 1697 1706 2097
f 1706 2098 2097
f 1706 1705 2098
f 2097 2098 2099
f 2097 2099 2100
f 2090 2097 2100
f 2090 2100 2091
f 2094 2101 1701
f 1701 2101 1711
f 1711 2102 1710
f 1711 2101 2102
f 2101 2103 2102
f 2101 2104 2103
f 2094 2095 2104
f 2094 2104 2101
f 2098 1705 2105
f 2098 2105 2106
f 1705 1714 2105
f 2098 2106 2099
f 1714 1716 2107
f 1714 2107 2108
f 1714 2108 2105
f 2105 2108 2106
f 2102 2109 1710
f 1710 2109 1722
f 1722 2110 1721
f 1722 2109 2110
f 2109 2111 2110
f 2109 2112 2111
f 2102 2103 2112
f 2102 2112 2109
f 2107 1716 2113
f 1716 1728 2113
f 1728 2114 2113
f 1728 1727 2114
f 2113 2114 2115
f 2113 2115 2116
f 2107 2113 2116
f 2107 2116 2108
f 2110 2117 1721
f 1721 2117 1734
f 1734 2118 1733
f 1734 2117 2118
f 2117 2119 2118
f 2117 2120 2119
f 2110 2111 2120
f 2110 2120 2117
f 2114 1727 2121
f 1727 1740 2121
f 1740 2122 2121
f 1740 1739 2122
f 2121 2122 2123
f 2121 2123 2124
f 2114 2121 2124
f 2114 2124 2115
f 2118 2125 1733
f 1733 2125 1745
f 1745 2126 1744
f 1745 2125 2126
f 2125 2127 2126
f 2125 2128 2127
f 2118 2119 2128
f 2118 2128 2125
f 2122 1739 2129
f 1739 1750 2129
f 1750 2130 2129
f 1750 1749 2130
f 2129 2130 2131
f 2129 2131 2132
f 2122 2129 2132
f 2122 2132 2123
f 2126 2133 1744
f 1744 2133 1754
f 1754 2134 1753
f 1754 2133 2134
f 2133 2135 2134
f 2133 2136 2135
f 2126 2127 2136
f 2126 2136 2133
f 2130 1749 2137
f 1749 2138 2137
f 1749 1756 2138
f 2137 2138 2139
f 2137 2139 2140
f 2137 2140 2141
f 2130 2137 2141
f 2130 2141 2131
f 1756 1758 2142
f 1756 2142 2138
f 2134 2143 1753
f 1753 2143 1762
f 1762 2144 1761
f 1762 2143 2144
f 2143 2145 2144
f 2143 2146 2145
f 2134 2135 2146
f 2134 2146 2143
f 2139 2138 2147
f 2139 2147 2140
f 2142 1758 2148
f 1758 1766 2148
f 1766 2149 2148
f 1766 1765 2149
f 2148 2149 2150
f 2138 2148 2150
f 2138 2150 2147
f 2138 2142 2148
f 2144 2151 1761
f 1761 2151 1770
f 1770 2152 1769
f 1770 2151 2152
f 2151 2153 2152
f 2151 2154 2153
f 2144 2145 2154
f 2144 2154 2151
f 2149 1765 2155
f 1765 1774 2155
f 1774 2156 2155
f 1774 1773 2156
f 2155 2156 2157
f 2155 2157 2158
f 2149 2155 2158
f 2149 2158 2150
f 2152 2159 1769
f 1769 2159 1778
f 1778 2160 1777
f 1778 2159 2160
f 2159 2161 2160
f 2159 2162 2161
f 2152 2153 2162
f 2152 2162 2159
f 2156 1773 2163
f 1773 1782 2163
f 1782 2164 2163
f 1782 1781 2164
f 2163 2164 2165
f 2163 2165 2166
f 2156 2163 2166
f 2156 2166 2157
f 2160 2167 1777
f 1777 2167 1786
f 1786 2168 1785
f 1786 2167 2168
f 2167 2169 2168
f 2167 2170 2169
f 2160 2161 2170
f 2160 2170 2167
f 2171 2172 2173
f 2171 2173 2174
f 2171 2174 2175
f 2171 2175 2176
f 2171 2176 2177
f 2171 2177 2172
f 2164 1781 2178
f 1781 1790 2178
f 1790 2179 2178
f 1790 1789 2179
f 2173 2178 2179
f 2173 2179 2174
f 2173 2180 2178
f 2173 2172 2180
f 2164 2178 2180
f 2164 2180 2165
f 2168 2181 1785
f 1785 2181 1794
f 1794 2182 1793
f 1794 2181 2182
f 2181 2183 2182
f 2181 2184 2183
f 2168 2169 2184
f 2168 2184 2181
f 2175 2185 2186
f 2175 2174 2185
f 1799 2186 2185
f 1799 2185 1796
f 1799 2187 2186
f 1799 1798 2187
f 2186 2187 2188
f 2186 2188 2189
f 2175 2186 2189
f 2175 2189 2176
f 2179 1789 2190
f 1789 1800 2190
f 1800 1796 2190
f 1796 2185 2190
f 2185 2174 2190
f 2174 2179 2190
f 2182 2191 1793
f 1793 2191 1804
f 1804 2192 1803
f 1804 2191 2192
f 2191 2193 2192
f 2191 2194 2193
f 2182 2183 2194
f 2182 2194 2191
f 2187 1798 2195
f 1798 1808 2195
f 1808 2196 2195
f 1808 1807 2196
f 2195 2196 2197
f 2195 2197 2198
f 2187 2195 2198
f 2187 2198 2188
f 2192 2199 2200
f 2192 2200 1803
f 1803 2200 2201
f 1803 2201 1812
f 1812 2201 1811
f 2192 2193 2199
f 2200 2202 2201
f 2200 2199 2202
f 2196 1807 2203
f 1807 1816 2203
f 1816 2204 2203
f 1816 1815 2204
f 2203 2204 2205
f 2203 2205 2206
f 2196 2203 2206
f 2196 2206 2197
f 1811 2201 2207
f 1811 2207 2208
f 1811 2208 1820
f 1820 2208 1819
f 2207 2209 2208
f 2207 2201 2210
f 2207 2210 2209
f 2201 2202 2210
f 2204 1815 2211
f 1815 2212 2211
f 1815 1822 2212
f 2211 2212 2213
f 2211 2213 2214
f 2211 2214 2215
f 2204 2211 2215
f 2204 2215 2205
f 1822 1824 2216
f 1822 2216 2212
f 1819 2208 2217
f 1819 2217 2218
f 1819 2218 1828
f 1828 2218 1827
f 2217 2219 2218
f 2217 2208 2220
f 2217 2220 2219
f 2208 2209 2220
f 2213 2221 2222
f 2213 2212 2221
f 2222 2221 2223
f 2222 2223 2224
f 2222 2224 2225
f 2222 2225 2226
f 2213 2222 2226
f 2213 2226 2214
f 2216 1824 2227
f 1824 1832 2227
f 1832 2228 2227
f 1832 1831 2228
f 2221 2227 2228
f 2221 2228 2223
f 2221 2212 2227
f 2212 2216 2227
f 1838 1835 2229
f 1838 2229 1837
f 1827 2218 2230
f 1827 2230 2231
f 1827 2231 1840
f 1840 2231 2232
f 1840 2232 1835
f 1835 2232 2229
f 2230 2233 2231
f 2230 2218 2234
f 2230 2234 2233
f 2218 2219 2234
f 2224 2235 2236
f 2224 2223 2235
f 2236 2235 2237
f 2236 2237 2238
f 2236 2238 2239
f 2236 2239 2240
f 2224 2236 2240
f 2224 2240 2225
f 2228 1831 2241
f 1831 2242 2241
f 1831 1842 2242
f 2241 2242 2243
f 2235 2241 2243
f 2235 2243 2237
f 2235 2223 2241
f 2223 2228 2241
f 1842 1844 2244
f 1842 2244 2242
f 1837 2229 2245
f 1837 2245 2246
f 1837 2246 1848
f 1848 2246 1847
f 2232 2247 2248
f 2232 2231 2247
f 2248 2247 2249
f 2248 2249 2250
f 2245 2248 2250
f 2245 2250 2246
f 2245 2229 2248
f 2229 2232 2248
f 2247 2251 2249
f 2247 2231 2252
f 2247 2252 2251
f 2231 2233 2252
f 2238 2253 2254
f 2238 2237 2253
f 2254 2253 2255
f 2254 2255 2256
f 2254 2256 2257
f 2254 2257 2258
f 2238 2254 2258
f 2238 2258 2239
f 2243 2259 2260
f 2243 2242 2259
f 2260 2259 2261
f 2260 2261 2262
f 2253 2260 2262
f 2253 2262 2255
f 2253 2237 2260
f 2237 2243 2260
f 2244 1844 2263
f 1844 1852 2263
f 1852 2264 2263
f 1852 1851 2264
f 2259 2263 2264
f 2259 2264 2261
f 2259 2242 2263
f 2242 2244 2263
f 1847 2246 2265
f 1847 2265 2266
f 1847 2266 1856
f 1856 2266 1855
f 2250 2267 2268
f 2250 2249 2267
f 2268 2267 2269
f 2268 2269 2270
f 2265 2268 2270
f 2265 2270 2266
f 2265 2246 2268
f 2246 2250 2268
f 2267 2271 2269
f 2267 2249 2272
f 2267 2272 2271
f 2249 2251 2272
f 2256 2273 2274
f 2256 2255 2273
f 2274 2273 2275
f 2274 2275 2276
f 2274 2276 2277
f 2274 2277 2278
f 2256 2274 2278
f 2256 2278 2257
f 2262 2279 2280
f 2262 2261 2279
f 2280 2279 2281
f 2280 2281 2282
f 2273 2280 2282
f 2273 2282 2275
f 2273 2255 2280
f 2255 2262 2280
f 2264 1851 2283
f 1851 1860 2283
f 1860 2284 2283
f 1860 1859 2284
f 2279 2283 2284
f 2279 2284 2281
f 2279 2261 2283
f 2261 2264 2283
f 1855 2266 2285
f 1855 2285 1861
f 2270 2286 2287
f 2270 2269 2286
f 2287 2286 2288
f 1861 2287 2288
f 1861 2288 1864
f 1861 2285 2287
f 2285 2266 2287
f 2266 2270 2287
f 2286 2289 2288
f 2286 2269 2290
f 2286 2290 2289
f 2269 2271 2290
f 2276 2291 2292
f 2276 2275 2291
f 2292 2291 2293
f 2292 2293 2294
f 2292 2294 2295
f 2292 2295 2296
f 2276 2292 2296
f 2276 2296 2277
f 2282 2297 2298
f 2282 2281 2297
f 1871 2298 2297
f 1871 2297 1866
f 1871 2299 2298
f 1871 1870 2299
f 2291 2298 2299
f 2291 2299 2293
f 2291 2275 2298
f 2275 2282 2298
f 2284 1859 2300
f 1859 1874 2300
f 1874 1866 2300
f 1866 2297 2300
f 2297 2281 2300
f 2281 2284 2300
f 1864 2288 2301
f 1864 2301 2302
f 1864 2302 1878
f 1878 2302 1877
f 2303 2304 2305
f 2303 2305 2306
f 2303 2306 2307
f 2301 2303 2307
f 2301 2307 2302
f 2301 2288 2303
f 2288 2304 2303
f 2288 2289 2304
f 2305 2308 2306
f 2305 2304 2308
f 2309 2310 2311
f 2309 2311 2312
f 2309 2312 2313
f 2309 2313 2314
f 2309 2314 2315
f 2309 2315 2310
f 2294 2316 2317
f 2294 2293 2316
f 2317 2316 2318
f 2317 2318 2319
f 2311 2317 2319
f 2311 2319 2312
f 2311 2320 2317
f 2311 2310 2320
f 2294 2317 2320
f 2294 2320 2295
f 2299 1870 2321
f 1870 1883 2321
f 1883 2322 2321
f 1883 1882 2322
f 2316 2321 2322
f 2316 2322 2318
f 2316 2293 2321
f 2293 2299 2321
f 1877 2302 2323
f 1877 2323 1885
f 2307 2324 2325
f 2307 2306 2324
f 2325 2324 2326
f 1885 2325 2326
f 1885 2326 1888
f 1885 2323 2325
f 2323 2302 2325
f 2302 2307 2325
f 2327 2328 2329
f 2327 2329 2330
f 2327 2330 2331
f 2324 2327 2331
f 2324 2331 2326
f 2324 2306 2327
f 2306 2328 2327
f 2306 2308 2328
f 2329 2332 2330
f 2329 2328 2332
f 2333 2334 2335
f 2333 2335 2336
f 2333 2336 2337
f 2333 2337 2338
f 2333 2338 2339
f 2333 2339 2334
f 2313 2340 2341
f 2313 2312 2340
f 2341 2340 2342
f 2341 2342 2343
f 2335 2341 2343
f 2335 2343 2336
f 2335 2344 2341
f 2335 2334 2344
f 2313 2341 2344
f 2313 2344 2314
f 2319 2345 2346
f 2319 2318 2345
f 1895 2346 2345
f 1895 2345 1890
f 1895 2347 2346
f 1895 1894 2347
f 2340 2346 2347
f 2340 2347 2342
f 2340 2312 2346
f 2312 2319 2346
f 2322 1882 2348
f 1882 1898 2348
f 1898 1890 2348
f 1890 2345 2348
f 2345 2318 2348
f 2318 2322 2348
f 1888 2326 2349
f 1888 2349 2350
f 1888 2350 1902
f 1902 2350 1901
f 2331 2351 2352
f 2331 2330 2351
f 2352 2351 2353
f 2352 2353 2354
f 2349 2352 2354
f 2349 2354 2350
f 2349 2326 2352
f 2326 2331 2352
f 2355 2356 2357
f 2355 2357 2358
f 2355 2358 2359
f 2351 2355 2359
f 2351 2359 2353
f 2351 2330 2355
f 2330 2356 2355
f 2330 2332 2356
f 2360 2361 2362
f 2360 2362 2363
f 2360 2363 2364
f 2357 2360 2364
f 2357 2364 2358
f 2357 2365 2360
f 2357 2356 2365
f 2360 2365 2361
f 2366 2367 2368
f 2366 2368 2369
f 2366 2369 2370
f 2362 2366 2370
f 2362 2370 2363
f 2362 2371 2366
f 2362 2361 2371
f 2366 2371 2367
f 2372 2373 2374
f 2372 2374 2375
f 2372 2375 2376
f 2368 2372 2376
f 2368 2376 2369
f 2368 2377 2372
f 2368 2367 2377
f 2372 2377 2373
f 2337 2378 2379
f 2337 2336 2378
f 2379 2378 2380
f 2379 2380 2381
f 2374 2379 2381
f 2374 2381 2375
f 2374 2382 2379
f 2374 2373 2382
f 2337 2379 2382
f 2337 2382 2338
f 2343 2383 2384
f 2343 2342 2383
f 1909 2384 2383
f 1909 2383 1904
f 1909 2385 2384
f 1909 1908 2385
f 2378 2384 2385
f 2378 2385 2380
f 2378 2336 2384
f 2336 2343 2384
f 2347 1894 2386
f 1894 1913 2386
f 1913 1904 2386
f 1904 2383 2386
f 2383 2342 2386
f 2342 2347 2386
f 1901 2350 2387
f 1901 2387 1918
f 2354 2388 2389
f 2354 2353 2388
f 1927 2389 2388
f 1927 2388 1923
f 1927 1918 2389
f 1918 2387 2389
f 2387 2350 2389
f 2350 2354 2389
f 2359 2390 2391
f 2359 2358 2390
f 2391 2390 2392
f 1923 2391 2392
f 1923 2392 1928
f 1923 2388 2391
f 2388 2353 2391
f 2353 2359 2391
f 2364 2393 2394
f 2364 2363 2393
f 2394 2393 2395
f 2394 2395 2396
f 2390 2394 2396
f 2390 2396 2392
f 2390 2358 2394
f 2358 2364 2394
f 2370 2397 2398
f 2370 2369 2397
f 2398 2397 2399
f 2398 2399 2400
f 2393 2398 2400
f 2393 2400 2395
f 2393 2363 2398
f 2363 2370 2398
f 2376 2401 2402
f 2376 2375 2401
f 1935 2402 2401
f 1935 2401 1930
f 1935 2403 2402
f 1935 1934 2403
f 2397 2402 2403
f 2397 2403 2399
f 2397 2369 2402
f 2369 2376 2402
f 2381 2404 2405
f 2381 2380 2404
f 1941 2405 2404
f 1941 2404 1937
f 1941 1930 2405
f 1930 2401 2405
f 2401 2375 2405
f 2375 2381 2405
f 2385 1908 2406
f 1908 1946 2406
f 1946 1937 2406
f 1937 2404 2406
f 2404 2380 2406
f 2380 2385 2406
f 1928 2392 2407
f 1928 2407 1960
f 2396 2408 2409
f 2396 2395 2408
f 1969 2409 2408
f 1969 2408 1965
f 1969 1960 2409
f 1960 2407 2409
f 2407 2392 2409
f 2392 2396 2409
f 2400 2410 2411
f 2400 2399 2410
f 1975 2411 2410
f 1975 2410 1971
f 1975 1965 2411
f 1965 2408 2411
f 2408 2395 2411
f 2395 2400 2411
f 2403 1934 2412
f 1934 1980 2412
f 1980 1971 2412
f 1971 2410 2412
f 2410 2399 2412
f 2399 2403 2412
f 2413 2414 2415
f 2030 2027 2414
f 2030 2414 2413
f 2030 2416 2029
f 2030 2413 2416
f 2413 2417 2416
f 2413 2418 2417
f 2413 2415 2418
f 2419 2420 2421
f 2034 2033 2420
f 2034 2420 2419
f 2034 2419 2027
f 2027 2419 2414
f 2414 2422 2415
f 2414 2419 2422
f 2419 2421 2422
f 2423 2424 2425
f 2038 2037 2424
f 2038 2424 2423
f 2038 2423 2033
f 2033 2423 2420
f 2420 2426 2421
f 2420 2423 2426
f 2423 2425 2426
f 2427 2428 2429
f 2042 2041 2428
f 2042 2428 2427
f 2042 2427 2037
f 2037 2427 2424
f 2424 2430 2425
f 2424 2427 2430
f 2427 2429 2430
f 2041 2044 2431
f 2041 2431 2432
f 2041 2432 2428
f 2428 2432 2429
f 2433 2434 2435
f 2050 2047 2434
f 2050 2434 2433
f 2050 2436 2049
f 2050 2433 2436
f 2433 2437 2436
f 2433 2438 2437
f 2433 2435 2438
f 2416 2439 2029
f 2029 2439 2052
f 2052 2439 2047
f 2047 2439 2434
f 2434 2440 2435
f 2434 2439 2440
f 2416 2417 2440
f 2416 2440 2439
f 2431 2044 2441
f 2431 2441 2442
f 2044 2054 2441
f 2431 2442 2432
f 2054 2056 2443
f 2054 2443 2444
f 2054 2444 2441
f 2441 2444 2442
f 2062 2059 2445
f 2062 2445 2061
f 2436 2446 2049
f 2049 2446 2064
f 2064 2446 2059
f 2059 2447 2445
f 2059 2446 2447
f 2446 2448 2447
f 2436 2437 2448
f 2436 2448 2446
f 2443 2056 2449
f 2056 2450 2449
f 2056 2066 2450
f 2449 2450 2451
f 2449 2451 2452
f 2449 2452 2453
f 2443 2449 2453
f 2443 2453 2444
f 2066 2068 2454
f 2066 2454 2450
f 2061 2445 2455
f 2061 2455 2456
f 2061 2456 2072
f 2072 2457 2071
f 2072 2456 2457
f 2456 2458 2457
f 2456 2459 2458
f 2456 2455 2459
f 2445 2460 2455
f 2445 2447 2460
f 2451 2450 2461
f 2451 2461 2452
f 2454 2068 2462
f 2068 2076 2462
f 2076 2463 2462
f 2076 2075 2463
f 2462 2463 2464
f 2450 2462 2464
f 2450 2464 2461
f 2450 2454 2462
f 2457 2465 2071
f 2071 2465 2080
f 2080 2466 2079
f 2080 2465 2466
f 2465 2467 2466
f 2465 2468 2467
f 2457 2458 2468
f 2457 2468 2465
f 2463 2075 2469
f 2075 2084 2469
f 2084 2470 2469
f 2084 2083 2470
f 2469 2470 2471
f 2469 2471 2472
f 2463 2469 2472
f 2463 2472 2464
f 2466 2473 2079
f 2079 2473 2088
f 2088 2474 2087
f 2088 2473 2474
f 2473 2475 2474
f 2473 2476 2475
f 2466 2467 2476
f 2466 2476 2473
f 2470 2083 2477
f 2083 2092 2477
f 2092 2478 2477
f 2092 2091 2478
f 2477 2478 2479
f 2477 2479 2480
f 2470 2477 2480
f 2470 2480 2471
f 2474 2481 2087
f 2087 2481 2096
f 2096 2482 2095
f 2096 2481 2482
f 2481 2483 2482
f 2481 2484 2483
f 2474 2475 2484
f 2474 2484 2481
f 2478 2091 2485
f 2091 2100 2485
f 2100 2486 2485
f 2100 2099 2486
f 2485 2486 2487
f 2485 2487 2488
f 2478 2485 2488
f 2478 2488 2479
f 2482 2489 2490
f 2482 2490 2095
f 2095 2490 2491
f 2095 2491 2104
f 2104 2491 2103
f 2482 2483 2489
f 2490 2492 2491
f 2490 2489 2492
f 2486 2099 2493
f 2099 2494 2493
f 2099 2106 2494
f 2493 2494 2495
f 2493 2495 2496
f 2493 2496 2497
f 2486 2493 2497
f 2486 2497 2487
f 2106 2108 2498
f 2106 2498 2494
f 2103 2491 2499
f 2103 2499 2500
f 2103 2500 2112
f 2112 2500 2111
f 2499 2501 2500
f 2499 2491 2502
f 2499 2502 2501
f 2491 2492 2502
f 2495 2503 2504
f 2495 2494 2503
f 2504 2503 2505
f 2504 2505 2506
f 2504 2506 2507
f 2504 2507 2508
f 2495 2504 2508
f 2495 2508 2496
f 2498 2108 2509
f 2108 2116 2509
f 2116 2510 2509
f 2116 2115 2510
f 2503 2509 2510
f 2503 2510 2505
f 2503 2494 2509
f 2494 2498 2509
f 2111 2500 2511
f 2111 2511 2512
f 2111 2512 2120
f 2120 2512 2119
f 2511 2513 2512
f 2511 2500 2514
f 2511 2514 2513
f 2500 2501 2514
f 2506 2515 2516
f 2506 2505 2515
f 2516 2515 2517
f 2516 2517 2518
f 2516 2518 2519
f 2516 2519 2520
f 2506 2516 2520
f 2506 2520 2507
f 2510 2115 2521
f 2115 2124 2521
f 2124 2522 2521
f 2124 2123 2522
f 2515 2521 2522
f 2515 2522 2517
f 2515 2505 2521
f 2505 2510 2521
f 2119 2512 2523
f 2119 2523 2524
f 2119 2524 2128
f 2128 2524 2127
f 2523 2525 2524
f 2523 2512 2526
f 2523 2526 2525
f 2512 2513 2526
f 2518 2517 2527
f 2518 2527 2519
f 2522 2123 2528
f 2123 2132 2528
f 2132 2529 2528
f 2132 2131 2529
f 2528 2529 2530
f 2517 2528 2530
f 2517 2530 2527
f 2517 2522 2528
f 2127 2524 2531
f 2127 2531 2532
f 2127 2532 2136
f 2136 2532 2135
f 2531 2533 2532
f 2531 2524 2534
f 2531 2534 2533
f 2524 2525 2534
f 2529 2131 2535
f 2131 2141 2535
f 2141 2536 2535
f 2141 2140 2536
f 2535 2536 2537
f 2535 2537 2538
f 2529 2535 2538
f 2529 2538 2530
f 2135 2532 2539
f 2135 2539 2540
f 2135 2540 2146
f 2146 2541 2145
f 2146 2540 2541
f 2540 2542 2541
f 2540 2543 2542
f 2540 2539 2543
f 2532 2544 2539
f 2532 2533 2544
f 2536 2140 2545
f 2140 2546 2545
f 2140 2147 2546
f 2545 2546 2547
f 2545 2547 2548
f 2545 2548 2549
f 2536 2545 2549
f 2536 2549 2537
f 2147 2150 2550
f 2147 2550 2546
f 2541 2551 2145
f 2145 2551 2154
f 2154 2552 2153
f 2154 2551 2552
f 2551 2553 2552
f 2551 2554 2553
f 2541 2542 2554
f 2541 2554 2551
f 2547 2555 2556
f 2547 2546 2555
f 2556 2555 2557
f 2556 2557 2558
f 2556 2558 2559
f 2556 2559 2560
f 2547 2556 2560
f 2547 2560 2548
f 2550 2150 2561
f 2150 2158 2561
f 2158 2562 2561
f 2158 2157 2562
f 2555 2561 2562
f 2555 2562 2557
f 2555 2546 2561
f 2546 2550 2561
f 2552 2563 2153
f 2153 2563 2162
f 2162 2564 2161
f 2162 2563 2564
f 2563 2565 2564
f 2563 2566 2565
f 2552 2553 2566
f 2552 2566 2563
f 2558 2567 2568
f 2558 2557 2567
f 2568 2567 2569
f 2568 2569 2570
f 2568 2570 2571
f 2568 2571 2572
f 2558 2568 2572
f 2558 2572 2559
f 2562 2157 2573
f 2157 2166 2573
f 2166 2574 2573
f 2166 2165 2574
f 2567 2573 2574
f 2567 2574 2569
f 2567 2557 2573
f 2557 2562 2573
f 2564 2575 2576
f 2564 2576 2161
f 2161 2576 2577
f 2161 2577 2170
f 2170 2577 2169
f 2564 2565 2575
f 2576 2578 2577
f 2576 2575 2578
f 2570 2579 2580
f 2570 2569 2579
f 2177 2580 2579
f 2177 2579 2172
f 2177 2581 2580
f 2177 2176 2581
f 2580 2581 2582
f 2580 2582 2583
f 2570 2580 2583
f 2570 2583 2571
f 2574 2165 2584
f 2165 2180 2584
f 2180 2172 2584
f 2172 2579 2584
f 2579 2569 2584
f 2569 2574 2584
f 2169 2577 2585
f 2169 2585 2586
f 2169 2586 2184
f 2184 2586 2183
f 2585 2587 2586
f 2585 2577 2588
f 2585 2588 2587
f 2577 2578 2588
f 2581 2176 2589
f 2176 2189 2589
f 2189 2590 2589
f 2189 2188 2590
f 2589 2590 2591
f 2589 2591 2592
f 2581 2589 2592
f 2581 2592 2582
f 2183 2586 2593
f 2183 2593 2594
f 2183 2594 2194
f 2194 2594 2193
f 2593 2595 2594
f 2593 2586 2596
f 2593 2596 2595
f 2586 2587 2596
f 2597 2598 2599
f 2597 2599 2600
f 2597 2600 2601
f 2597 2601 2602
f 2597 2602 2603
f 2597 2603 2598
f 2590 2188 2604
f 2188 2198 2604
f 2198 2605 2604
f 2198 2197 2605
f 2599 2604 2605
f 2599 2605 2600
f 2599 2606 2604
f 2599 2598 2606
f 2590 2604 2606
f 2590 2606 2591
f 2193 2594 2607
f 2193 2607 2199
f 2199 2608 2202
f 2199 2607 2609
f 2199 2609 2608
f 2607 2594 2610
f 2607 2610 2609
f 2594 2595 2610
f 2601 2611 2612
f 2601 2600 2611
f 2612 2611 2613
f 2612 2613 2614
f 2612 2614 2615
f 2612 2615 2616
f 2601 2612 2616
f 2601 2616 2602
f 2605 2197 2617
f 2197 2206 2617
f 2206 2618 2617
f 2206 2205 2618
f 2611 2617 2618
f 2611 2618 2613
f 2611 2600 2617
f 2600 2605 2617
f 2608 2619 2620
f 2608 2620 2202
f 2202 2620 2621
f 2202 2621 2210
f 2210 2621 2209
f 2608 2609 2619
f 2620 2622 2621
f 2620 2619 2622
f 2614 2623 2624
f 2614 2613 2623
f 2624 2623 2625
f 2624 2625 2626
f 2624 2626 2627
f 2624 2627 2628
f 2614 2624 2628
f 2614 2628 2615
f 2618 2205 2629
f 2205 2215 2629
f 2215 2630 2629
f 2215 2214 2630
f 2623 2629 2630
f 2623 2630 2625
f 2623 2613 2629
f 2613 2618 2629
f 2209 2621 2631
f 2209 2631 2632
f 2209 2632 2220
f 2220 2632 2219
f 2631 2633 2632
f 2631 2621 2634
f 2631 2634 2633
f 2621 2622 2634
f 2626 2635 2636
f 2626 2625 2635
f 2636 2635 2637
f 2636 2637 2638
f 2636 2638 2639
f 2636 2639 2640
f 2626 2636 2640
f 2626 2640 2627
f 2630 2214 2641
f 2214 2226 2641
f 2226 2642 2641
f 2226 2225 2642
f 2635 2641 2642
f 2635 2642 2637
f 2635 2625 2641
f 2625 2630 2641
f 2219 2632 2643
f 2219 2643 2644
f 2219 2644 2234
f 2234 2644 2233
f 2645 2646 2647
f 2645 2647 2648
f 2645 2648 2649
f 2643 2645 2649
f 2643 2649 2644
f 2643 2632 2645
f 2632 2646 2645
f 2632 2633 2646
f 2647 2650 2648
f 2647 2646 2650
f 2651 2652 2653
f 2651 2653 2654
f 2651 2654 2655
f 2651 2655 2656
f 2651 2656 2657
f 2651 2657 2652
f 2638 2658 2659
f 2638 2637 2658
f 2659 2658 2660
f 2659 2660 2661
f 2653 2659 2661
f 2653 2661 2654
f 2653 2662 2659
f 2653 2652 2662
f 2638 2659 2662
f 2638 2662 2639
f 2642 2225 2663
f 2225 2240 2663
f 2240 2664 2663
f 2240 2239 2664
f 2658 2663 2664
f 2658 2664 2660
f 2658 2637 2663
f 2637 2642 2663
f 2233 2644 2665
f 2233 2665 2666
f 2233 2666 2252
f 2252 2666 2251
f 2649 2667 2668
f 2649 2648 2667
f 2668 2667 2669
f 2668 2669 2670
f 2665 2668 2670
f 2665 2670 2666
f 2665 2644 2668
f 2644 2649 2668
f 2667 2671 2669
f 2667 2648 2672
f 2667 2672 2671
f 2648 2650 2672
f 2673 2674 2675
f 2673 2675 2676
f 2673 2676 2677
f 2673 2677 2678
f 2673 2678 2679
f 2673 2679 2674
f 2655 2680 2681
f 2655 2654 2680
f 2681 2680 2682
f 2681 2682 2683
f 2675 2681 2683
f 2675 2683 2676
f 2675 2684 2681
f 2675 2674 2684
f 2655 2681 2684
f 2655 2684 2656
f 2661 2685 2686
f 2661 2660 2685
f 2686 2685 2687
f 2686 2687 2688
f 2680 2686 2688
f 2680 2688 2682
f 2680 2654 2686
f 2654 2661 2686
f 2664 2239 2689
f 2239 2258 2689
f 2258 2690 2689
f 2258 2257 2690
f 2685 2689 2690
f 2685 2690 2687
f 2685 2660 2689
f 2660 2664 2689
f 2251 2666 2691
f 2251 2691 2692
f 2251 2692 2272
f 2272 2692 2271
f 2670 2693 2694
f 2670 2669 2693
f 2694 2693 2695
f 2694 2695 2696
f 2691 2694 2696
f 2691 2696 2692
f 2691 2666 2694
f 2666 2670 2694
f 2697 2698 2699
f 2697 2699 2700
f 2697 2700 2701
f 2693 2697 2701
f 2693 2701 2695
f 2693 2669 2697
f 2669 2698 2697
f 2669 2671 2698
f 2702 2703 2704
f 2702 2704 2705
f 2702 2705 2706
f 2699 2702 2706
f 2699 2706 2700
f 2699 2707 2702
f 2699 2698 2707
f 2702 2707 2703
f 2708 2709 2710
f 2708 2710 2711
f 2708 2711 2712
f 2704 2708 2712
f 2704 2712 2705
f 2704 2713 2708
f 2704 2703 2713
f 2708 2713 2709
f 2677 2714 2715
f 2677 2676 2714
f 2715 2714 2716
f 2715 2716 2717
f 2710 2715 2717
f 2710 2717 2711
f 2710 2718 2715
f 2710 2709 2718
f 2677 2715 2718
f 2677 2718 2678
f 2683 2719 2720
f 2683 2682 2719
f 2720 2719 2721
f 2720 2721 2722
f 2714 2720 2722
f 2714 2722 2716
f 2714 2676 2720
f 2676 2683 2720
f 2688 2723 2724
f 2688 2687 2723
f 2724 2723 2725
f 2724 2725 2726
f 2719 2724 2726
f 2719 2726 2721
f 2719 2682 2724
f 2682 2688 2724
f 2690 2257 2727
f 2257 2278 2727
f 2278 2728 2727
f 2278 2277 2728
f 2723 2727 2728
f 2723 2728 2725
f 2723 2687 2727
f 2687 2690 2727
f 2271 2692 2729
f 2271 2729 2730
f 2271 2730 2290
f 2290 2730 2289
f 2696 2731 2732
f 2696 2695 2731
f 2732 2731 2733
f 2732 2733 2734
f 2729 2732 2734
f 2729 2734 2730
f 2729 2692 2732
f 2692 2696 2732
f 2701 2735 2736
f 2701 2700 2735
f 2736 2735 2737
f 2736 2737 2738
f 2731 2736 2738
f 2731 2738 2733
f 2731 2695 2736
f 2695 2701 2736
f 2706 2739 2740
f 2706 2705 2739
f 2740 2739 2741
f 2740 2741 2742
f 2735 2740 2742
f 2735 2742 2737
f 2735 2700 2740
f 2700 2706 2740
f 2712 2743 2744
f 2712 2711 2743
f 2744 2743 2745
f 2744 2745 2746
f 2739 2744 2746
f 2739 2746 2741
f 2739 2705 2744
f 2705 2712 2744
f 2717 2747 2748
f 2717 2716 2747
f 2748 2747 2749
f 2748 2749 2750
f 2743 2748 2750
f 2743 2750 2745
f 2743 2711 2748
f 2711 2717 2748
f 2722 2751 2752
f 2722 2721 2751
f 2752 2751 2753
f 2752 2753 2754
f 2747 2752 2754
f 2747 2754 2749
f 2747 2716 2752
f 2716 2722 2752
f 2726 2755 2756
f 2726 2725 2755
f 2756 2755 2757
f 2756 2757 2758
f 2751 2756 2758
f 2751 2758 2753
f 2751 2721 2756
f 2721 2726 2756
f 2728 2277 2759
f 2277 2296 2759
f 2296 2760 2759
f 2296 2295 2760
f 2755 2759 2760
f 2755 2760 2757
f 2755 2725 2759
f 2725 2728 2759
f 2289 2730 2761
f 2289 2761 2304
f 2734 2762 2763
f 2734 2733 2762
f 2763 2762 2764
f 2304 2763 2764
f 2304 2764 2308
f 2304 2761 2763
f 2761 2730 2763
f 2730 2734 2763
f 2738 2765 2766
f 2738 2737 2765
f 2766 2765 2767
f 2766 2767 2768
f 2762 2766 2768
f 2762 2768 2764
f 2762 2733 2766
f 2733 2738 2766
f 2742 2769 2770
f 2742 2741 2769
f 2770 2769 2771
f 2770 2771 2772
f 2765 2770 2772
f 2765 2772 2767
f 2765 2737 2770
f 2737 2742 2770
f 2746 2773 2774
f 2746 2745 2773
f 2774 2773 2775
f 2774 2775 2776
f 2769 2774 2776
f 2769 2776 2771
f 2769 2741 2774
f 2741 2746 2774
f 2750 2777 2778
f 2750 2749 2777
f 2778 2777 2779
f 2778 2779 2780
f 2773 2778 2780
f 2773 2780 2775
f 2773 2745 2778
f 2745 2750 2778
f 2754 2781 2782
f 2754 2753 2781
f 2782 2781 2783
f 2782 2783 2784
f 2777 2782 2784
f 2777 2784 2779
f 2777 2749 2782
f 2749 2754 2782
f 2758 2785 2786
f 2758 2757 2785
f 2315 2786 2785
f 2315 2785 2310
f 2315 2787 2786
f 2315 2314 2787
f 2781 2786 2787
f 2781 2787 2783
f 2781 2753 2786
f 2753 2758 2786
f 2760 2295 2788
f 2295 2320 2788
f 2320 2310 2788
f 2310 2785 2788
f 2785 2757 2788
f 2757 2760 2788
f 2308 2764 2789
f 2308 2789 2328
f 2768 2790 2791
f 2768 2767 2790
f 2791 2790 2792
f 2328 2791 2792
f 2328 2792 2332
f 2328 2789 2791
f 2789 2764 2791
f 2764 2768 2791
f 2772 2793 2794
f 2772 2771 2793
f 2794 2793 2795
f 2794 2795 2796
f 2790 2794 2796
f 2790 2796 2792
f 2790 2767 2794
f 2767 2772 2794
f 2776 2797 2798
f 2776 2775 2797
f 2798 2797 2799
f 2798 2799 2800
f 2793 2798 2800
f 2793 2800 2795
f 2793 2771 2798
f 2771 2776 2798
f 2780 2801 2802
f 2780 2779 2801
f 2802 2801 2803
f 2802 2803 2804
f 2797 2802 2804
f 2797 2804 2799
f 2797 2775 2802
f 2775 2780 2802
f 2784 2805 2806
f 2784 2783 2805
f 2339 2806 2805
f 2339 2805 2334
f 2339 2807 2806
f 2339 2338 2807
f 2801 2806 2807
f 2801 2807 2803
f 2801 2779 2806
f 2779 2784 2806
f 2787 2314 2808
f 2314 2344 2808
f 2344 2334 2808
f 2334 2805 2808
f 2805 2783 2808
f 2783 2787 2808
f 2332 2792 2809
f 2332 2809 2356
f 2796 2810 2811
f 2796 2795 2810
f 2365 2811 2810
f 2365 2810 2361
f 2365 2356 2811
f 2356 2809 2811
f 2809 2792 2811
f 2792 2796 2811
f 2800 2812 2813
f 2800 2799 2812
f 2371 2813 2812
f 2371 2812 2367
f 2371 2361 2813
f 2361 2810 2813
f 2810 2795 2813
f 2795 2800 2813
f 2804 2814 2815
f 2804 2803 2814
f 2377 2815 2814
f 2377 2814 2373
f 2377 2367 2815
f 2367 2812 2815
f 2812 2799 2815
f 2799 2804 2815
f 2807 2338 2816
f 2338 2382 2816
f 2382 2373 2816
f 2373 2814 2816
f 2814 2803 2816
f 2803 2807 2816
f 2418 2415 2817
f 2418 2817 2417
f 2422 2421 2818
f 2422 2818 2819
f 2422 2819 2415
f 2415 2819 2817
f 2426 2425 2820
f 2426 2820 2821
f 2426 2821 2421
f 2421 2821 2818
f 2430 2429 2822
f 2430 2822 2823
f 2430 2823 2425
f 2425 2823 2820
f 2429 2432 2824
f 2429 2824 2822
f 2438 2435 2825
f 2438 2825 2437
f 2417 2817 2826
f 2417 2826 2827
f 2417 2827 2440
f 2440 2827 2435
f 2435 2828 2825
f 2435 2827 2828
f 2827 2829 2828
f 2827 2826 2829
f 2819 2818 2830
f 2817 2831 2826
f 2817 2819 2830
f 2817 2830 2831
f 2821 2820 2832
f 2818 2833 2830
f 2818 2821 2832
f 2818 2832 2833
f 2823 2822 2834
f 2820 2835 2832
f 2820 2823 2834
f 2820 2834 2835
f 2824 2432 2836
f 2432 2837 2836
f 2432 2442 2837
f 2836 2837 2838
f 2836 2838 2839
f 2822 2836 2839
f 2822 2839 2834
f 2822 2824 2836
f 2442 2444 2840
f 2442 2840 2837
f 2437 2825 2841
f 2437 2841 2842
f 2437 2842 2448
f 2448 2843 2447
f 2448 2842 2843
f 2842 2844 2843
f 2842 2845 2844
f 2842 2841 2845
f 2825 2846 2841
f 2825 2828 2846
f 2838 2837 2847
f 2838 2847 2839
f 2840 2444 2848
f 2444 2453 2848
f 2453 2849 2848
f 2453 2452 2849
f 2848 2849 2850
f 2837 2848 2850
f 2837 2850 2847
f 2837 2840 2848
f 2459 2455 2851
f 2459 2851 2458
f 2843 2852 2447
f 2447 2852 2460
f 2460 2852 2455
f 2455 2853 2851
f 2455 2852 2853
f 2852 2854 2853
f 2843 2844 2854
f 2843 2854 2852
f 2849 2452 2855
f 2452 2856 2855
f 2452 2461 2856
f 2855 2856 2857
f 2855 2857 2858
f 2855 2858 2859
f 2849 2855 2859
f 2849 2859 2850
f 2461 2464 2860
f 2461 2860 2856
f 2458 2851 2861
f 2458 2861 2862
f 2458 2862 2468
f 2468 2862 2467
f 2861 2863 2862
f 2861 2851 2864
f 2861 2864 2863
f 2851 2853 2864
f 2857 2865 2866
f 2857 2856 2865
f 2866 2865 2867
f 2866 2867 2868
f 2866 2868 2869
f 2866 2869 2870
f 2857 2866 2870
f 2857 2870 2858
f 2860 2464 2871
f 2464 2472 2871
f 2472 2872 2871
f 2472 2471 2872
f 2865 2871 2872
f 2865 2872 2867
f 2865 2856 2871
f 2856 2860 2871
f 2467 2862 2873
f 2467 2873 2874
f 2467 2874 2476
f 2476 2874 2475
f 2873 2875 2874
f 2873 2862 2876
f 2873 2876 2875
f 2862 2863 2876
f 2868 2877 2878
f 2868 2867 2877
f 2878 2877 2879
f 2878 2879 2880
f 2878 2880 2881
f 2878 2881 2882
f 2868 2878 2882
f 2868 2882 2869
f 2872 2471 2883
f 2471 2480 2883
f 2480 2884 2883
f 2480 2479 2884
f 2877 2883 2884
f 2877 2884 2879
f 2877 2867 2883
f 2867 2872 2883
f 2475 2874 2885
f 2475 2885 2886
f 2475 2886 2484
f 2484 2886 2483
f 2885 2887 2886
f 2885 2874 2888
f 2885 2888 2887
f 2874 2875 2888
f 2880 2889 2890
f 2880 2879 2889
f 2890 2889 2891
f 2890 2891 2892
f 2890 2892 2893
f 2890 2893 2894
f 2880 2890 2894
f 2880 2894 2881
f 2884 2479 2895
f 2479 2488 2895
f 2488 2896 2895
f 2488 2487 2896
f 2889 2895 2896
f 2889 2896 2891
f 2889 2879 2895
f 2879 2884 2895
f 2483 2886 2897
f 2483 2897 2489
f 2489 2898 2492
f 2489 2897 2899
f 2489 2899 2898
f 2897 2886 2900
f 2897 2900 2899
f 2886 2887 2900
f 2892 2901 2902
f 2892 2891 2901
f 2902 2901 2903
f 2902 2903 2904
f 2902 2904 2905
f 2902 2905 2906
f 2892 2902 2906
f 2892 2906 2893
f 2896 2487 2907
f 2487 2497 2907
f 2497 2908 2907
f 2497 2496 2908
f 2901 2907 2908
f 2901 2908 2903
f 2901 2891 2907
f 2891 2896 2907
f 2898 2909 2910
f 2898 2910 2492
f 2492 2910 2911
f 2492 2911 2502
f 2502 2911 2501
f 2898 2899 2909
f 2910 2912 2911
f 2910 2909 2912
f 2904 2913 2914
f 2904 2903 2913
f 2914 2913 2915
f 2914 2915 2916
f 2914 2916 2917
f 2914 2917 2918
f 2904 2914 2918
f 2904 2918 2905
f 2908 2496 2919
f 2496 2508 2919
f 2508 2920 2919
f 2508 2507 2920
f 2913 2919 2920
f 2913 2920 2915
f 2913 2903 2919
f 2903 2908 2919
f 2501 2911 2921
f 2501 2921 2922
f 2501 2922 2514
f 2514 2922 2513
f 2921 2923 2922
f 2921 2911 2924
f 2921 2924 2923
f 2911 2912 2924
f 2916 2925 2926
f 2916 2915 2925
f 2926 2925 2927
f 2926 2927 2928
f 2926 2928 2929
f 2926 2929 2930
f 2916 2926 2930
f 2916 2930 2917
f 2920 2507 2931
f 2507 2520 2931
f 2520 2932 2931
f 2520 2519 2932
f 2925 2931 2932
f 2925 2932 2927
f 2925 2915 2931
f 2915 2920 2931
f 2513 2922 2933
f 2513 2933 2934
f 2513 2934 2526
f 2526 2934 2525
f 2933 2935 2934
f 2933 2922 2936
f 2933 2936 2935
f 2922 2923 2936
f 2928 2937 2938
f 2928 2927 2937
f 2938 2937 2939
f 2938 2939 2940
f 2938 2940 2941
f 2938 2941 2942
f 2928 2938 2942
f 2928 2942 2929
f 2932 2519 2943
f 2519 2944 2943
f 2519 2527 2944
f 2943 2944 2945
f 2937 2943 2945
f 2937 2945 2939
f 2937 2927 2943
f 2927 2932 2943
f 2527 2530 2946
f 2527 2946 2944
f 2525 2934 2947
f 2525 2947 2948
f 2525 2948 2534
f 2534 2948 2533
f 2947 2949 2948
f 2947 2934 2950
f 2947 2950 2949
f 2934 2935 2950
f 2940 2939 2951
f 2940 2951 2941
f 2945 2952 2953
f 2945 2944 2952
f 2953 2952 2954
f 2953 2954 2955
f 2953 2955 2956
f 2939 2953 2956
f 2939 2956 2951
f 2939 2945 2953
f 2946 2530 2957
f 2530 2538 2957
f 2538 2958 2957
f 2538 2537 2958
f 2952 2957 2958
f 2952 2958 2954
f 2952 2944 2957
f 2944 2946 2957
f 2543 2539 2959
f 2543 2959 2542
f 2533 2948 2960
f 2533 2960 2961
f 2533 2961 2544
f 2544 2961 2962
f 2544 2962 2539
f 2539 2962 2959
f 2960 2963 2961
f 2960 2948 2964
f 2960 2964 2963
f 2948 2949 2964
f 2955 2965 2966
f 2955 2954 2965
f 2966 2965 2967
f 2966 2967 2968
f 2966 2968 2969
f 2966 2969 2970
f 2955 2966 2970
f 2955 2970 2956
f 2958 2537 2971
f 2537 2549 2971
f 2549 2972 2971
f 2549 2548 2972
f 2965 2971 2972
f 2965 2972 2967
f 2965 2954 2971
f 2954 2958 2971
f 2542 2959 2973
f 2542 2973 2974
f 2542 2974 2554
f 2554 2974 2553
f 2962 2975 2976
f 2962 2961 2975
f 2976 2975 2977
f 2976 2977 2978
f 2973 2976 2978
f 2973 2978 2974
f 2973 2959 2976
f 2959 2962 2976
f 2975 2979 2977
f 2975 2961 2980
f 2975 2980 2979
f 2961 2963 2980
f 2968 2981 2982
f 2968 2967 2981
f 2982 2981 2983
f 2982 2983 2984
f 2982 2984 2985
f 2982 2985 2986
f 2968 2982 2986
f 2968 2986 2969
f 2972 2548 2987
f 2548 2560 2987
f 2560 2988 2987
f 2560 2559 2988
f 2981 2987 2988
f 2981 2988 2983
f 2981 2967 2987
f 2967 2972 2987
f 2553 2974 2989
f 2553 2989 2990
f 2553 2990 2566
f 2566 2990 2565
f 2978 2991 2992
f 2978 2977 2991
f 2992 2991 2993
f 2992 2993 2994
f 2989 2992 2994
f 2989 2994 2990
f 2989 2974 2992
f 2974 2978 2992
f 2991 2995 2993
f 2991 2977 2996
f 2991 2996 2995
f 2977 2979 2996
f 2984 2997 2998
f 2984 2983 2997
f 2998 2997 2999
f 2998 2999 3000
f 2998 3000 3001
f 2998 3001 3002
f 2984 2998 3002
f 2984 3002 2985
f 2988 2559 3003
f 2559 2572 3003
f 2572 3004 3003
f 2572 2571 3004
f 2997 3003 3004
f 2997 3004 2999
f 2997 2983 3003
f 2983 2988 3003
f 2565 2990 3005
f 2565 3005 2575
f 2994 3006 3007
f 2994 2993 3006
f 3007 3006 3008
f 2575 3007 3008
f 2575 3008 2578
f 2575 3005 3007
f 3005 2990 3007
f 2990 2994 3007
f 3006 3009 3008
f 3006 2993 3010
f 3006 3010 3009
f 2993 2995 3010
f 3000 3011 3012
f 3000 2999 3011
f 3012 3011 3013
f 3012 3013 3014
f 3012 3014 3015
f 3012 3015 3016
f 3000 3012 3016
f 3000 3016 3001
f 3004 2571 3017
f 2571 2583 3017
f 2583 3018 3017
f 2583 2582 3018
f 3011 3017 3018
f 3011 3018 3013
f 3011 2999 3017
f 2999 3004 3017
f 2578 3008 3019
f 2578 3019 3020
f 2578 3020 2588
f 2588 3020 2587
f 3019 3021 3020
f 3019 3008 3022
f 3019 3022 3021
f 3008 3009 3022
f 3023 3024 3025
f 3023 3025 3026
f 3023 3026 3027
f 3023 3027 3028
f 3023 3028 3029
f 3023 3029 3024
f 3014 3030 3031
f 3014 3013 3030
f 3031 3030 3032
f 3031 3032 3033
f 3025 3031 3033
f 3025 3033 3026
f 3025 3034 3031
f 3025 3024 3034
f 3014 3031 3034
f 3014 3034 3015
f 3018 2582 3035
f 2582 2592 3035
f 2592 3036 3035
f 2592 2591 3036
f 3030 3035 3036
f 3030 3036 3032
f 3030 3013 3035
f 3013 3018 3035
f 2587 3020 3037
f 2587 3037 3038
f 2587 3038 2596
f 2596 3038 2595
f 3039 3040 3041
f 3039 3041 3042
f 3039 3042 3043
f 3037 3039 3043
f 3037 3043 3038
f 3037 3020 3039
f 3020 3040 3039
f 3020 3021 3040
f 3041 3044 3042
f 3041 3040 3044
f 3027 3045 3046
f 3027 3026 3045
f 3046 3045 3047
f 3046 3047 3048
f 3046 3048 3049
f 3046 3049 3050
f 3027 3046 3050
f 3027 3050 3028
f 3033 3051 3052
f 3033 3032 3051
f 2603 3052 3051
f 2603 3051 2598
f 2603 3053 3052
f 2603 2602 3053
f 3045 3052 3053
f 3045 3053 3047
f 3045 3026 3052
f 3026 3033 3052
f 3036 2591 3054
f 2591 2606 3054
f 2606 2598 3054
f 2598 3051 3054
f 3051 3032 3054
f 3032 3036 3054
f 2595 3038 3055
f 2595 3055 3056
f 2595 3056 2610
f 2610 3056 2609
f 3043 3057 3058
f 3043 3042 3057
f 3058 3057 3059
f 3058 3059 3060
f 3055 3058 3060
f 3055 3060 3056
f 3055 3038 3058
f 3038 3043 3058
f 3057 3061 3059
f 3057 3042 3062
f 3057 3062 3061
f 3042 3044 3062
f 3063 3064 3065
f 3063 3065 3066
f 3063 3066 3067
f 3063 3067 3068
f 3063 3068 3069
f 3063 3069 3064
f 3048 3070 3071
f 3048 3047 3070
f 3071 3070 3072
f 3071 3072 3073
f 3065 3071 3073
f 3065 3073 3066
f 3065 3074 3071
f 3065 3064 3074
f 3048 3071 3074
f 3048 3074 3049
f 3053 2602 3075
f 2602 2616 3075
f 2616 3076 3075
f 2616 2615 3076
f 3070 3075 3076
f 3070 3076 3072
f 3070 3047 3075
f 3047 3053 3075
f 2609 3056 3077
f 2609 3077 2619
f 3060 3078 3079
f 3060 3059 3078
f 3079 3078 3080
f 2619 3079 3080
f 2619 3080 2622
f 2619 3077 3079
f 3077 3056 3079
f 3056 3060 3079
f 3081 3082 3083
f 3081 3083 3084
f 3081 3084 3085
f 3078 3081 3085
f 3078 3085 3080
f 3078 3059 3081
f 3059 3082 3081
f 3059 3061 3082
f 3086 3087 3088
f 3086 3088 3089
f 3086 3089 3090
f 3083 3086 3090
f 3083 3090 3084
f 3083 3091 3086
f 3083 3082 3091
f 3086 3091 3087
f 3092 3093 3094
f 3092 3094 3095
f 3092 3095 3096
f 3088 3092 3096
f 3088 3096 3089
f 3088 3097 3092
f 3088 3087 3097
f 3092 3097 3093
f 3067 3098 3099
f 3067 3066 3098
f 3099 3098 3100
f 3099 3100 3101
f 3094 3099 3101
f 3094 3101 3095
f 3094 3102 3099
f 3094 3093 3102
f 3067 3099 3102
f 3067 3102 3068
f 3073 3103 3104
f 3073 3072 3103
f 3104 3103 3105
f 3104 3105 3106
f 3098 3104 3106
f 3098 3106 3100
f 3098 3066 3104
f 3066 3073 3104
f 3076 2615 3107
f 2615 2628 3107
f 2628 3108 3107
f 2628 2627 3108
f 3103 3107 3108
f 3103 3108 3105
f 3103 3072 3107
f 3072 3076 3107
f 2622 3080 3109
f 2622 3109 3110
f 2622 3110 2634
f 2634 3110 2633
f 3085 3111 3112
f 3085 3084 3111
f 3112 3111 3113
f 3112 3113 3114
f 3109 3112 3114
f 3109 3114 3110
f 3109 3080 3112
f 3080 3085 3112
f 3090 3115 3116
f 3090 3089 3115
f 3116 3115 3117
f 3116 3117 3118
f 3111 3116 3118
f 3111 3118 3113
f 3111 3084 3116
f 3084 3090 3116
f 3096 3119 3120
f 3096 3095 3119
f 3120 3119 3121
f 3120 3121 3122
f 3115 3120 3122
f 3115 3122 3117
f 3115 3089 3120
f 3089 3096 3120
f 3101 3123 3124
f 3101 3100 3123
f 3124 3123 3125
f 3124 3125 3126
f 3119 3124 3126
f 3119 3126 3121
f 3119 3095 3124
f 3095 3101 3124
f 3106 3127 3128
f 3106 3105 3127
f 3128 3127 3129
f 3128 3129 3130
f 3123 3128 3130
f 3123 3130 3125
f 3123 3100 3128
f 3100 3106 3128
f 3108 2627 3131
f 2627 2640 3131
f 2640 3132 3131
f 2640 2639 3132
f 3127 3131 3132
f 3127 3132 3129
f 3127 3105 3131
f 3105 3108 3131
f 2633 3110 3133
f 2633 3133 2646
f 3114 3134 3135
f 3114 3113 3134
f 3135 3134 3136
f 2646 3135 3136
f 2646 3136 2650
f 2646 3133 3135
f 3133 3110 3135
f 3110 3114 3135
f 3118 3137 3138
f 3118 3117 3137
f 3138 3137 3139
f 3138 3139 3140
f 3134 3138 3140
f 3134 3140 3136
f 3134 3113 3138
f 3113 3118 3138
f 3122 3141 3142
f 3122 3121 3141
f 3142 3141 3143
f 3142 3143 3144
f 3137 3142 3144
f 3137 3144 3139
f 3137 3117 3142
f 3117 3122 3142
f 3126 3145 3146
f 3126 3125 3145
f 3146 3145 3147
f 3146 3147 3148
f 3141 3146 3148
f 3141 3148 3143
f 3141 3121 3146
f 3121 3126 3146
f 3130 3149 3150
f 3130 3129 3149
f 2657 3150 3149
f 2657 3149 2652
f 2657 3151 3150
f 2657 2656 3151
f 3145 3150 3151
f 3145 3151 3147
f 3145 3125 3150
f 3125 3130 3150
f 3132 2639 3152
f 2639 2662 3152
f 2662 2652 3152
f 2652 3149 3152
f 3149 3129 3152
f 3129 3132 3152
f 2650 3136 3153
f 2650 3153 3154
f 2650 3154 2672
f 2672 3154 2671
f 3140 3155 3156
f 3140 3139 3155
f 3156 3155 3157
f 3156 3157 3158
f 3153 3156 3158
f 3153 3158 3154
f 3153 3136 3156
f 3136 3140 3156
f 3144 3159 3160
f 3144 3143 3159
f 3160 3159 3161
f 3160 3161 3162
f 3155 3160 3162
f 3155 3162 3157
f 3155 3139 3160
f 3139 3144 3160
f 3148 3163 3164
f 3148 3147 3163
f 2679 3164 3163
f 2679 3163 2674
f 2679 3165 3164
f 2679 2678 3165
f 3159 3164 3165
f 3159 3165 3161
f 3159 3143 3164
f 3143 3148 3164
f 3151 2656 3166
f 2656 2684 3166
f 2684 2674 3166
f 2674 3163 3166
f 3163 3147 3166
f 3147 3151 3166
f 2671 3154 3167
f 2671 3167 2698
f 3158 3168 3169
f 3158 3157 3168
f 2707 3169 3168
f 2707 3168 2703
f 2707 2698 3169
f 2698 3167 3169
f 3167 3154 3169
f 3154 3158 3169
f 3162 3170 3171
f 3162 3161 3170
f 2713 3171 3170
f 2713 3170 2709
f 2713 2703 3171
f 2703 3168 3171
f 3168 3157 3171
f 3157 3162 3171
f 3165 2678 3172
f 2678 2718 3172
f 2718 2709 3172
f 2709 3170 3172
f 3170 3161 3172
f 3161 3165 3172
f 2829 2826 3173
f 2829 3173 2828
f 2831 2830 3174
f 2831 3174 3175
f 2831 3175 2826
f 2826 3175 3173
f 2833 2832 3176
f 2833 3176 3177
f 2833 3177 2830
f 2830 3177 3174
f 2835 2834 3178
f 2835 3178 3179
f 2835 3179 2832
f 2832 3179 3176
f 2834 2839 3180
f 2834 3180 3178
f 2845 2841 3181
f 2845 3181 2844
f 2828 3173 3182
f 2828 3182 3183
f 2828 3183 2846
f 2846 3183 2841
f 2841 3184 3181
f 2841 3183 3184
f 3183 3185 3184
f 3183 3182 3185
f 3175 3174 3186
f 3173 3187 3182
f 3173 3175 3186
f 3173 3186 3187
f 3177 3176 3188
f 3174 3189 3186
f 3174 3177 3188
f 3174 3188 3189
f 3179 3178 3190
f 3176 3191 3188
f 3176 3179 3190
f 3176 3190 3191
f 3180 2839 3192
f 2839 3193 3192
f 2839 2847 3193
f 3192 3193 3194
f 3192 3194 3195
f 3178 3192 3195
f 3178 3195 3190
f 3178 3180 3192
f 2847 2850 3196
f 2847 3196 3193
f 2844 3181 3197
f 2844 3197 3198
f 2844 3198 2854
f 2854 3198 2853
f 3197 3199 3198
f 3197 3181 3200
f 3197 3200 3199
f 3181 3184 3200
f 3194 3201 3202
f 3194 3193 3201
f 3202 3201 3203
f 3202 3203 3204
f 3202 3204 3205
f 3202 3205 3206
f 3194 3202 3206
f 3194 3206 3195
f 3196 2850 3207
f 2850 2859 3207
f 2859 3208 3207
f 2859 2858 3208
f 3201 3207 3208
f 3201 3208 3203
f 3201 3193 3207
f 3193 3196 3207
f 2853 3198 3209
f 2853 3209 3210
f 2853 3210 2864
f 2864 3211 2863
f 2864 3210 3211
f 3210 3212 3211
f 3210 3213 3212
f 3210 3209 3213
f 3198 3214 3209
f 3198 3199 3214
f 3204 3203 3215
f 3204 3215 3205
f 3208 2858 3216
f 2858 2870 3216
f 2870 3217 3216
f 2870 2869 3217
f 3216 3217 3218
f 3203 3216 3218
f 3203 3218 3215
f 3203 3208 3216
f 3211 3219 2863
f 2863 3219 2876
f 2876 3220 2875
f 2876 3219 3220
f 3219 3221 3220
f 3219 3222 3221
f 3211 3212 3222
f 3211 3222 3219
f 3217 2869 3223
f 2869 2882 3223
f 2882 3224 3223
f 2882 2881 3224
f 3223 3224 3225
f 3223 3225 3226
f 3217 3223 3226
f 3217 3226 3218
f 3220 3227 3228
f 3220 3228 2875
f 2875 3228 3229
f 2875 3229 2888
f 2888 3229 2887
f 3220 3221 3227
f 3228 3230 3229
f 3228 3227 3230
f 3231 3232 3233
f 3231 3233 3234
f 3231 3234 3235
f 3231 3235 3236
f 3231 3236 3237
f 3231 3237 3232
f 3224 2881 3238
f 2881 2894 3238
f 2894 3239 3238
f 2894 2893 3239
f 3233 3238 3239
f 3233 3239 3234
f 3233 3240 3238
f 3233 3232 3240
f 3224 3238 3240
f 3224 3240 3225
f 2887 3229 3241
f 2887 3241 3242
f 2887 3242 2900
f 2900 3242 2899
f 3241 3243 3242
f 3241 3229 3244
f 3241 3244 3243
f 3229 3230 3244
f 3235 3245 3246
f 3235 3234 3245
f 3246 3245 3247
f 3246 3247 3248
f 3246 3248 3249
f 3246 3249 3250
f 3235 3246 3250
f 3235 3250 3236
f 3239 2893 3251
f 2893 2906 3251
f 2906 3252 3251
f 2906 2905 3252
f 3245 3251 3252
f 3245 3252 3247
f 3245 3234 3251
f 3234 3239 3251
f 2899 3242 3253
f 2899 3253 2909
f 3254 3255 3256
f 3254 3256 3257
f 2909 3254 3257
f 2909 3257 2912
f 2909 3253 3254
f 3253 3242 3254
f 3242 3255 3254
f 3242 3243 3255
f 3258 3259 3260
f 3258 3260 3261
f 3258 3261 3262
f 3256 3258 3262
f 3256 3262 3257
f 3256 3263 3258
f 3256 3255 3263
f 3258 3263 3259
f 3264 3265 3266
f 3264 3266 3267
f 3264 3267 3268
f 3260 3264 3268
f 3260 3268 3261
f 3260 3269 3264
f 3260 3259 3269
f 3264 3269 3265
f 3270 3271 3272
f 3270 3272 3273
f 3270 3273 3274
f 3266 3270 3274
f 3266 3274 3267
f 3266 3275 3270
f 3266 3265 3275
f 3270 3275 3271
f 3248 3276 3277
f 3248 3247 3276
f 3277 3276 3278
f 3277 3278 3279
f 3272 3277 3279
f 3272 3279 3273
f 3272 3280 3277
f 3272 3271 3280
f 3248 3277 3280
f 3248 3280 3249
f 3252 2905 3281
f 2905 2918 3281
f 2918 3282 3281
f 2918 2917 3282
f 3276 3281 3282
f 3276 3282 3278
f 3276 3247 3281
f 3247 3252 3281
f 2912 3257 3283
f 2912 3283 3284
f 2912 3284 2924
f 2924 3284 2923
f 3262 3285 3286
f 3262 3261 3285
f 3286 3285 3287
f 3286 3287 3288
f 3283 3286 3288
f 3283 3288 3284
f 3283 3257 3286
f 3257 3262 3286
f 3268 3289 3290
f 3268 3267 3289
f 3290 3289 3291
f 3290 3291 3292
f 3285 3290 3292
f 3285 3292 3287
f 3285 3261 3290
f 3261 3268 3290
f 3274 3293 3294
f 3274 3273 3293
f 3294 3293 3295
f 3294 3295 3296
f 3289 3294 3296
f 3289 3296 3291
f 3289 3267 3294
f 3267 3274 3294
f 3279 3297 3298
f 3279 3278 3297
f 3298 3297 3299
f 3298 3299 3300
f 3293 3298 3300
f 3293 3300 3295
f 3293 3273 3298
f 3273 3279 3298
f 3282 2917 3301
f 2917 2930 3301
f 2930 3302 3301
f 2930 2929 3302
f 3297 3301 3302
f 3297 3302 3299
f 3297 3278 3301
f 3278 3282 3301
f 2923 3284 3303
f 2923 3303 3304
f 2923 3304 2936
f 2936 3304 2935
f 3288 3305 3306
f 3288 3287 3305
f 3306 3305 3307
f 3306 3307 3308
f 3303 3306 3308
f 3303 3308 3304
f 3303 3284 3306
f 3284 3288 3306
f 3292 3309 3310
f 3292 3291 3309
f 3310 3309 3311
f 3310 3311 3312
f 3305 3310 3312
f 3305 3312 3307
f 3305 3287 3310
f 3287 3292 3310
f 3296 3313 3314
f 3296 3295 3313
f 3314 3313 3315
f 3314 3315 3316
f 3309 3314 3316
f 3309 3316 3311
f 3309 3291 3314
f 3291 3296 3314
f 3300 3317 3318
f 3300 3299 3317
f 3318 3317 3319
f 3318 3319 3320
f 3313 3318 3320
f 3313 3320 3315
f 3313 3295 3318
f 3295 3300 3318
f 3302 2929 3321
f 2929 2942 3321
f 2942 3322 3321
f 2942 2941 3322
f 3317 3321 3322
f 3317 3322 3319
f 3317 3299 3321
f 3299 3302 3321
f 2935 3304 3323
f 2935 3323 3324
f 2935 3324 2950
f 2950 3324 2949
f 3308 3325 3326
f 3308 3307 3325
f 3326 3325 3327
f 3326 3327 3328
f 3323 3326 3328
f 3323 3328 3324
f 3323 3304 3326
f 3304 3308 3326
f 3312 3329 3330
f 3312 3311 3329
f 3330 3329 3331
f 3330 3331 3332
f 3325 3330 3332
f 3325 3332 3327
f 3325 3307 3330
f 3307 3312 3330
f 3316 3333 3334
f 3316 3315 3333
f 3334 3333 3335
f 3334 3335 3336
f 3329 3334 3336
f 3329 3336 3331
f 3329 3311 3334
f 3311 3316 3334
f 3320 3337 3338
f 3320 3319 3337
f 3338 3337 3339
f 3338 3339 3340
f 3333 3338 3340
f 3333 3340 3335
f 3333 3315 3338
f 3315 3320 3338
f 3322 2941 3341
f 2941 3342 3341
f 2941 2951 3342
f 3341 3342 3343
f 3337 3341 3343
f 3337 3343 3339
f 3337 3319 3341
f 3319 3322 3341
f 2951 2956 3344
f 2951 3344 3342
f 2949 3324 3345
f 2949 3345 3346
f 2949 3346 2964
f 2964 3346 2963
f 3328 3347 3348
f 3328 3327 3347
f 3348 3347 3349
f 3348 3349 3350
f 3345 3348 3350
f 3345 3350 3346
f 3345 3324 3348
f 3324 3328 3348
f 3332 3351 3352
f 3332 3331 3351
f 3352 3351 3353
f 3352 3353 3354
f 3347 3352 3354
f 3347 3354 3349
f 3347 3327 3352
f 3327 3332 3352
f 3336 3355 3356
f 3336 3335 3355
f 3356 3355 3357
f 3356 3357 3358
f 3351 3356 3358
f 3351 3358 3353
f 3351 3331 3356
f 3331 3336 3356
f 3340 3359 3360
f 3340 3339 3359
f 3360 3359 3361
f 3360 3361 3362
f 3355 3360 3362
f 3355 3362 3357
f 3355 3335 3360
f 3335 3340 3360
f 3343 3363 3364
f 3343 3342 3363
f 3364 3363 3365
f 3364 3365 3366
f 3359 3364 3366
f 3359 3366 3361
f 3359 3339 3364
f 3339 3343 3364
f 3344 2956 3367
f 2956 2970 3367
f 2970 3368 3367
f 2970 2969 3368
f 3363 3367 3368
f 3363 3368 3365
f 3363 3342 3367
f 3342 3344 3367
f 2963 3346 3369
f 2963 3369 3370
f 2963 3370 2980
f 2980 3370 2979
f 3350 3371 3372
f 3350 3349 3371
f 3372 3371 3373
f 3372 3373 3374
f 3369 3372 3374
f 3369 3374 3370
f 3369 3346 3372
f 3346 3350 3372
f 3354 3375 3376
f 3354 3353 3375
f 3376 3375 3377
f 3376 3377 3378
f 3371 3376 3378
f 3371 3378 3373
f 3371 3349 3376
f 3349 3354 3376
f 3358 3379 3380
f 3358 3357 3379
f 3380 3379 3381
f 3380 3381 3382
f 3375 3380 3382
f 3375 3382 3377
f 3375 3353 3380
f 3353 3358 3380
f 3362 3383 3384
f 3362 3361 3383
f 3384 3383 3385
f 3384 3385 3386
f 3379 3384 3386
f 3379 3386 3381
f 3379 3357 3384
f 3357 3362 3384
f 3366 3387 3388
f 3366 3365 3387
f 3388 3387 3389
f 3388 3389 3390
f 3383 3388 3390
f 3383 3390 3385
f 3383 3361 3388
f 3361 3366 3388
f 3368 2969 3391
f 2969 2986 3391
f 2986 3392 3391
f 2986 2985 3392
f 3387 3391 3392
f 3387 3392 3389
f 3387 3365 3391
f 3365 3368 3391
f 2979 3370 3393
f 2979 3393 3394
f 2979 3394 2996
f 2996 3394 2995
f 3374 3395 3396
f 3374 3373 3395
f 3396 3395 3397
f 3396 3397 3398
f 3393 3396 3398
f 3393 3398 3394
f 3393 3370 3396
f 3370 3374 3396
f 3378 3399 3400
f 3378 3377 3399
f 3400 3399 3401
f 3400 3401 3402
f 3395 3400 3402
f 3395 3402 3397
f 3395 3373 3400
f 3373 3378 3400
f 3382 3403 3404
f 3382 3381 3403
f 3404 3403 3405
f 3404 3405 3406
f 3399 3404 3406
f 3399 3406 3401
f 3399 3377 3404
f 3377 3382 3404
f 3386 3407 3408
f 3386 3385 3407
f 3408 3407 3409
f 3408 3409 3410
f 3403 3408 3410
f 3403 3410 3405
f 3403 3381 3408
f 3381 3386 3408
f 3390 3411 3412
f 3390 3389 3411
f 3412 3411 3413
f 3412 3413 3414
f 3407 3412 3414
f 3407 3414 3409
f 3407 3385 3412
f 3385 3390 3412
f 3392 2985 3415
f 2985 3002 3415
f 3002 3416 3415
f 3002 3001 3416
f 3411 3415 3416
f 3411 3416 3413
f 3411 3389 3415
f 3389 3392 3415
f 2995 3394 3417
f 2995 3417 3418
f 2995 3418 3010
f 3010 3418 3009
f 3398 3419 3420
f 3398 3397 3419
f 3420 3419 3421
f 3420 3421 3422
f 3417 3420 3422
f 3417 3422 3418
f 3417 3394 3420
f 3394 3398 3420
f 3402 3423 3424
f 3402 3401 3423
f 3424 3423 3425
f 3424 3425 3426
f 3419 3424 3426
f 3419 3426 3421
f 3419 3397 3424
f 3397 3402 3424
f 3406 3427 3428
f 3406 3405 3427
f 3428 3427 3429
f 3428 3429 3430
f 3423 3428 3430
f 3423 3430 3425
f 3423 3401 3428
f 3401 3406 3428
f 3410 3431 3432
f 3410 3409 3431
f 3432 3431 3433
f 3432 3433 3434
f 3427 3432 3434
f 3427 3434 3429
f 3427 3405 3432
f 3405 3410 3432
f 3414 3435 3436
f 3414 3413 3435
f 3436 3435 3437
f 3436 3437 3438
f 3431 3436 3438
f 3431 3438 3433
f 3431 3409 3436
f 3409 3414 3436
f 3416 3001 3439
f 3001 3016 3439
f 3016 3440 3439
f 3016 3015 3440
f 3435 3439 3440
f 3435 3440 3437
f 3435 3413 3439
f 3413 3416 3439
f 3009 3418 3441
f 3009 3441 3442
f 3009 3442 3022
f 3022 3442 3021
f 3422 3443 3444
f 3422 3421 3443
f 3444 3443 3445
f 3444 3445 3446
f 3441 3444 3446
f 3441 3446 3442
f 3441 3418 3444
f 3418 3422 3444
f 3426 3447 3448
f 3426 3425 3447
f 3448 3447 3449
f 3448 3449 3450
f 3443 3448 3450
f 3443 3450 3445
f 3443 3421 3448
f 3421 3426 3448
f 3430 3451 3452
f 3430 3429 3451
f 3452 3451 3453
f 3452 3453 3454
f 3447 3452 3454
f 3447 3454 3449
f 3447 3425 3452
f 3425 3430 3452
f 3434 3455 3456
f 3434 3433 3455
f 3456 3455 3457
f 3456 3457 3458
f 3451 3456 3458
f 3451 3458 3453
f 3451 3429 3456
f 3429 3434 3456
f 3438 3459 3460
f 3438 3437 3459
f 3029 3460 3459
f 3029 3459 3024
f 3029 3461 3460
f 3029 3028 3461
f 3455 3460 3461
f 3455 3461 3457
f 3455 3433 3460
f 3433 3438 3460
f 3440 3015 3462
f 3015 3034 3462
f 3034 3024 3462
f 3024 3459 3462
f 3459 3437 3462
f 3437 3440 3462
f 3021 3442 3463
f 3021 3463 3040
f 3446 3464 3465
f 3446 3445 3464
f 3465 3464 3466
f 3040 3465 3466
f 3040 3466 3044
f 3040 3463 3465
f 3463 3442 3465
f 3442 3446 3465
f 3450 3467 3468
f 3450 3449 3467
f 3468 3467 3469
f 3468 3469 3470
f 3464 3468 3470
f 3464 3470 3466
f 3464 3445 3468
f 3445 3450 3468
f 3454 3471 3472
f 3454 3453 3471
f 3472 3471 3473
f 3472 3473 3474
f 3467 3472 3474
f 3467 3474 3469
f 3467 3449 3472
f 3449 3454 3472
f 3458 3475 3476
f 3458 3457 3475
f 3476 3475 3477
f 3476 3477 3478
f 3471 3476 3478
f 3471 3478 3473
f 3471 3453 3476
f 3453 3458 3476
f 3461 3028 3479
f 3028 3050 3479
f 3050 3480 3479
f 3050 3049 3480
f 3475 3479 3480
f 3475 3480 3477
f 3475 3457 3479
f 3457 3461 3479
f 3044 3466 3481
f 3044 3481 3482
f 3044 3482 3062
f 3062 3482 3061
f 3470 3483 3484
f 3470 3469 3483
f 3484 3483 3485
f 3484 3485 3486
f 3481 3484 3486
f 3481 3486 3482
f 3481 3466 3484
f 3466 3470 3484
f 3474 3487 3488
f 3474 3473 3487
f 3488 3487 3489
f 3488 3489 3490
f 3483 3488 3490
f 3483 3490 3485
f 3483 3469 3488
f 3469 3474 3488
f 3478 3491 3492
f 3478 3477 3491
f 3069 3492 3491
f 3069 3491 3064
f 3069 3493 3492
f 3069 3068 3493
f 3487 3492 3493
f 3487 3493 3489
f 3487 3473 3492
f 3473 3478 3492
f 3480 3049 3494
f 3049 3074 3494
f 3074 3064 3494
f 3064 3491 3494
f 3491 3477 3494
f 3477 3480 3494
f 3061 3482 3495
f 3061 3495 3082
f 3486 3496 3497
f 3486 3485 3496
f 3091 3497 3496
f 3091 3496 3087
f 3091 3082 3497
f 3082 3495 3497
f 3495 3482 3497
f 3482 3486 3497
f 3490 3498 3499
f 3490 3489 3498
f 3097 3499 3498
f 3097 3498 3093
f 3097 3087 3499
f 3087 3496 3499
f 3496 3485 3499
f 3485 3490 3499
f 3493 3068 3500
f 3068 3102 3500
f 3102 3093 3500
f 3093 3498 3500
f 3498 3489 3500
f 3489 3493 3500
f 3185 3182 3501
f 3185 3501 3184
f 3187 3186 3502
f 3187 3502 3503
f 3187 3503 3182
f 3182 3503 3501
f 3189 3188 3504
f 3189 3504 3505
f 3189 3505 3186
f 3186 3505 3502
f 3191 3190 3506
f 3191 3506 3507
f 3191 3507 3188
f 3188 3507 3504
f 3190 3195 3508
f 3190 3508 3506
f 3184 3501 3509
f 3184 3509 3510
f 3184 3510 3200
f 3200 3510 3199
f 3503 3511 3512
f 3503 3502 3511
f 3512 3511 3513
f 3512 3513 3514
f 3509 3512 3514
f 3509 3514 3510
f 3509 3501 3512
f 3501 3503 3512
f 3505 3515 3516
f 3505 3504 3515
f 3516 3515 3517
f 3516 3517 3518
f 3511 3516 3518
f 3511 3518 3513
f 3511 3502 3516
f 3502 3505 3516
f 3507 3519 3520
f 3507 3506 3519
f 3520 3519 3521
f 3520 3521 3522
f 3515 3520 3522
f 3515 3522 3517
f 3515 3504 3520
f 3504 3507 3520
f 3508 3195 3523
f 3195 3206 3523
f 3206 3524 3523
f 3206 3205 3524
f 3519 3523 3524
f 3519 3524 3521
f 3519 3506 3523
f 3506 3508 3523
f 3213 3209 3525
f 3213 3525 3212
f 3199 3510 3526
f 3199 3526 3527
f 3199 3527 3214
f 3214 3527 3528
f 3214 3528 3209
f 3209 3528 3525
f 3514 3529 3530
f 3514 3513 3529
f 3530 3529 3531
f 3530 3531 3532
f 3526 3530 3532
f 3526 3532 3527
f 3526 3510 3530
f 3510 3514 3530
f 3518 3533 3534
f 3518 3517 3533
f 3534 3533 3535
f 3534 3535 3536
f 3529 3534 3536
f 3529 3536 3531
f 3529 3513 3534
f 3513 3518 3534
f 3522 3537 3538
f 3522 3521 3537
f 3538 3537 3539
f 3538 3539 3540
f 3533 3538 3540
f 3533 3540 3535
f 3533 3517 3538
f 3517 3522 3538
f 3524 3205 3541
f 3205 3542 3541
f 3205 3215 3542
f 3541 3542 3543
f 3537 3541 3543
f 3537 3543 3539
f 3537 3521 3541
f 3521 3524 3541
f 3215 3218 3544
f 3215 3544 3542
f 3212 3525 3545
f 3212 3545 3546
f 3212 3546 3222
f 3222 3546 3221
f 3528 3547 3548
f 3528 3527 3547
f 3548 3547 3549
f 3548 3549 3550
f 3545 3548 3550
f 3545 3550 3546
f 3545 3525 3548
f 3525 3528 3548
f 3532 3551 3552
f 3532 3531 3551
f 3552 3551 3553
f 3552 3553 3554
f 3547 3552 3554
f 3547 3554 3549
f 3547 3527 3552
f 3527 3532 3552
f 3536 3555 3556
f 3536 3535 3555
f 3556 3555 3557
f 3556 3557 3558
f 3551 3556 3558
f 3551 3558 3553
f 3551 3531 3556
f 3531 3536 3556
f 3540 3559 3560
f 3540 3539 3559
f 3560 3559 3561
f 3560 3561 3562
f 3555 3560 3562
f 3555 3562 3557
f 3555 3535 3560
f 3535 3540 3560
f 3543 3563 3564
f 3543 3542 3563
f 3564 3563 3565
f 3564 3565 3566
f 3559 3564 3566
f 3559 3566 3561
f 3559 3539 3564
f 3539 3543 3564
f 3544 3218 3567
f 3218 3226 3567
f 3226 3568 3567
f 3226 3225 3568
f 3563 3567 3568
f 3563 3568 3565
f 3563 3542 3567
f 3542 3544 3567
f 3221 3546 3569
f 3221 3569 3227
f 3550 3570 3571
f 3550 3549 3570
f 3571 3570 3572
f 3227 3571 3572
f 3227 3572 3230
f 3227 3569 3571
f 3569 3546 3571
f 3546 3550 3571
f 3554 3573 3574
f 3554 3553 3573
f 3574 3573 3575
f 3574 3575 3576
f 3570 3574 3576
f 3570 3576 3572
f 3570 3549 3574
f 3549 3554 3574
f 3558 3577 3578
f 3558 3557 3577
f 3578 3577 3579
f 3578 3579 3580
f 3573 3578 3580
f 3573 3580 3575
f 3573 3553 3578
f 3553 3558 3578
f 3562 3581 3582
f 3562 3561 3581
f 3582 3581 3583
f 3582 3583 3584
f 3577 3582 3584
f 3577 3584 3579
f 3577 3557 3582
f 3557 3562 3582
f 3566 3585 3586
f 3566 3565 3585
f 3237 3586 3585
f 3237 3585 3232
f 3237 3587 3586
f 3237 3236 3587
f 3581 3586 3587
f 3581 3587 3583
f 3581 3561 3586
f 3561 3566 3586
f 3568 3225 3588
f 3225 3240 3588
f 3240 3232 3588
f 3232 3585 3588
f 3585 3565 3588
f 3565 3568 3588
f 3230 3572 3589
f 3230 3589 3590
f 3230 3590 3244
f 3244 3590 3243
f 3576 3591 3592
f 3576 3575 3591
f 3592 3591 3593
f 3592 3593 3594
f 3589 3592 3594
f 3589 3594 3590
f 3589 3572 3592
f 3572 3576 3592
f 3580 3595 3596
f 3580 3579 3595
f 3596 3595 3597
f 3596 3597 3598
f 3591 3596 3598
f 3591 3598 3593
f 3591 3575 3596
f 3575 3580 3596
f 3584 3599 3600
f 3584 3583 3599
f 3600 3599 3601
f 3600 3601 3602
f 3595 3600 3602
f 3595 3602 3597
f 3595 3579 3600
f 3579 3584 3600
f 3587 3236 3603
f 3236 3250 3603
f 3250 3604 3603
f 3250 3249 3604
f 3599 3603 3604
f 3599 3604 3601
f 3599 3583 3603
f 3583 3587 3603
f 3243 3590 3605
f 3243 3605 3255
f 3594 3606 3607
f 3594 3593 3606
f 3263 3607 3606
f 3263 3606 3259
f 3263 3255 3607
f 3255 3605 3607
f 3605 3590 3607
f 3590 3594 3607
f 3598 3608 3609
f 3598 3597 3608
f 3269 3609 3608
f 3269 3608 3265
f 3269 3259 3609
f 3259 3606 3609
f 3606 3593 3609
f 3593 3598 3609
f 3602 3610 3611
f 3602 3601 3610
f 3275 3611 3610
f 3275 3610 3271
f 3275 3265 3611
f 3265 3608 3611
f 3608 3597 3611
f 3597 3602 3611
f 3604 3249 3612
f 3249 3280 3612
f 3280 3271 3612
f 3271 3610 3612
f 3610 3601 3612
f 3601 3604 3612
