<?xml version="1.0" encoding="utf-8"?>
<COLLADA xmlns="http://www.collada.org/2005/11/COLLADASchema" version="1.4.1">
<asset><unit name="millimeter" meter="0.001"/><up_axis>Z_UP</up_axis></asset>
<library_geometries><geometry id="foot" name="foot"><mesh>
<source id="foot-pos"><float_array id="foot-pos-array" count="10836">-12.10976 29.89024 1.89024 -12 29.85251 1.85251 -12 29.38822 2 -12 30 1.81907 -12.12982 30 1.87018 -12.35137 30 2 -12.2256 29.7744 2 -5.14249 28.85751 0.85751 -4 28.67391 0.67391 -4 22.1827 2 -4 30 0.48061 -5.3624 30 0.6376 -7.38767 26.61233 2 2.67391 28.67391 0.67391 4 28.67391 0.67391 4 22.1827 2 4 30 0.48061 2.48061 30 0.48061 -3.81729 22.1827 2 11.82472 29.82472 1.82472 12 29.85251 1.85251 12 29.38822 2 12 30 1.81896 11.79399 30 1.79399 5.3737 23.3737 2 12.35327 30 2 -12 37.13443 1.13444 -12.63679 37.36322 1.36321 -12 38 1.07425 -12.69179 38 1.30821 -13.95496 38 2 -13.55282 36.44719 2 -4 36.20827 0.20827 -5.61361 36.38639 0.38639 -4 38 0.14734 -5.71332 38 0.28668 4 36.20827 0.20827 2.20827 36.20827 0.20827 4 38 0.14607 2.14734 38 0.14734 12 37.11523 1.11523 11.00555 37.00555 1.00555 12 38 1.04638 10.96642 38 0.96642 14.14068 38 2 12.50956 30.50956 2 -12 45.20272 1.20273 -12.59306 45.40694 1.40694 -12 46 1.20465 -12.59614 46 1.40386 -13.6788 46 2 -13.71835 44.28165 2 -4 44.19788 0.19789 -5.66554 44.33446 0.33446 -4 46 0.20072 -5.66201 46 0.33799 4 44.18099 0.18099 2.18225 44.18225 0.18225 4 46 0.18047 2.1851 46 0.1851 12 45.01746 1.01747 10.93544 44.93544 0.93544 12 46 1.00706 10.9351 46 0.9351 14.45677 46 2 14.3993 40.3993 2 -12 53.94946 1.94946 -12.03693 53.96307 1.96307 -12 54 1.95232 -12.03483 54 1.96517 -12.09602 54 2 -12.12052 53.87947 2 -4 52.52172 0.52172 -5.36013 52.63987 0.63987 -4 54 0.56313 -5.29523 54 0.70477 4 52.44314 0.44314 2.44726 52.44727 0.44726 4 54 0.47842 2.49028 54 0.49028 12 53.39317 1.39317 11.34658 53.34658 1.34658 12 54 1.4117 11.36341 54 1.36341 13.53676 54 2 14.32822 48.32822 2 -12 54.29373 2 -4 61.31618 1.31618 -4.60952 61.39048 1.39048 -4 62 1.36181 -4.55457 62 1.44543 -6.75158 62 2 4 61.07497 1.07497 3.08284 61.08284 1.08284 4 62 1.12534 3.14222 62 1.14222 12 60.59279 2 11.01056 62 2 11.41725 61.41724 2 13.364 55.364 2 -4 66.97865 2 4 69.91315 1.91315 3.915 69.915 1.915 4 70 1.91977 3.92273 70 1.92273 2.64382 70 2 4.75127 70 2 8.29478 66.29478 2 4 71.68581 2 4.68009 70.68009 2 3.86848 85.86848 1.86848 4 85.86124 1.86125 4 83.3615 2 4 86 1.8605 3.86955 86 1.86955 2.53154 86 2 2.96503 84.96503 2 8.3872 86 2 -4.1507 93.8493 1.8493 -4 93.8202 1.8202 -4 92.09832 2 -4 94 1.80832 -4.16011 94 1.83989 -4.62232 94 2 -4.52162 93.47838 2 4 93.23592 1.23592 3.2818 93.2818 1.2818 4 94 1.18855 3.23783 94 1.23783 -0.57785 89.42215 2 11.40415 93.40415 1.40415 12 93.42178 1.42178 12 87.22953 2 12 94 1.37919 11.3663 94 1.3663 16.19227 94 2 -4 101.41734 1.41733 -4.49075 101.50925 1.50925 -4 102 1.39032 -4.51784 102 1.48216 -5.77284 102 2 -5.70046 100.29955 2 4 100.90461 0.90461 2.96865 100.96865 0.96865 4 102 0.86337 2.92386 102 0.92386 12 101.06187 1.06188 11.04325 101.04325 1.04325 12 102 1.02387 11.00648 102 1.00648 19.5583 102 2 19.32416 101.32416 2 -4 109.28352 1.28353 -4.60988 109.39012 1.39012 -4 110 1.2734 -4.62056 110 1.37944 -6.00837 110 2 -6.02748 107.97252 2 4 108.78155 0.78155 2.84566 108.84566 0.84566 4 110 0.76784 2.83034 110 0.83034 12 108.93172 0.93172 10.91295 108.91295 0.91295 12 110 0.9187 10.90048 110 0.90048 19.89037 109.89037 1.89037 20 109.90211 1.90211 20 104.95122 2 20 110 1.90044 19.88885 110 1.88885 20.31363 110 2 -4 117.38405 1.38405 -4.52489 117.47511 1.47511 -4 118 1.39276 -4.51574 118 1.48426 -5.70658 118 2 -5.74948 116.25052 2 4 116.85043 0.85043 2.90941 116.90941 0.90941 4 118 0.86337 2.92386 118 0.92386 12 117.01181 1.01181 10.99493 116.99493 0.99493 12 118 1.02387 11.00648 118 1.00648 20 115.04878 2 19.5583 118 2 19.59952 117.59953 2 20.29097 110.29097 2 -4 125.79895 1.79895 -4.16936 125.83064 1.83064 -4 126 1.8063 -4.16303 126 1.83697 -4.58642 126 2 -4.62745 125.37255 2 4 125.1567 1.1567 3.20339 125.20339 1.20339 4 126 1.18251 3.23036 126 1.23036 12 125.35285 1.35286 11.34078 125.34077 1.34078 12 126 1.37324 11.36146 126 1.36146 16.19271 126 2 17.07908 123.07908 2 -4 129.25775 2 4 133.56065 1.56065 3.58763 133.58763 1.58763 4 134 1.56535 3.59157 134 1.59157 -0.80586 134 2 12 133.76082 1.76083 11.75609 133.75609 1.75609 12 134 1.76282 11.75877 134 1.75877 13.50113 134 2 15.11335 129.11336 2 4 141.58769 1.58769 3.61263 141.61263 1.61263 4 142 1.58211 3.60582 142 1.60582 -0.6705 142 2 -0.69842 137.30157 2 12 141.74992 1.74993 11.74567 141.74567 1.74567 12 142 1.74561 11.74216 142 1.74216 13.7682 142 2 13.69416 135.69415 2 -4.04524 149.95476 1.95476 -4 149.94719 1.94719 -4 148.78044 2 -4 150 1.94533 -4.04754 150 1.95246 -4.24604 150 2 -4.18426 149.81573 2 4 149.33423 1.33423 3.37083 149.37083 1.37083 4 150 1.31645 3.35031 150 1.35031 -1.58336 144.41664 2 12 149.44716 1.44716 11.43995 149.43996 1.43995 12 150 1.43024 11.42478 150 1.42478 16.8858 150 2 15.27777 145.27777 2 -4 157.483 1.483 -4.45295 157.54704 1.54705 -4 158 1.46375 -4.47733 158 1.52267 -6.94745 158 2 -5.93296 156.06703 2 4 156.99274 0.99274 3.04054 157.04054 1.04054 4 158 0.96424 3.007 158 1.007 12 157.06244 1.06244 11.0539 157.05391 1.0539 12 158 1.03283 11.02689 158 1.02689 19.7107 157.71071 1.7107 20 157.7321 1.7321 20 154.52582 2 20 158 1.71888 19.7007 158 1.7007 21.29267 158 2 -4 165.07513 1.07514 -4.82798 165.17203 1.17202 -4 166 1.04723 -4.86571 166 1.13429 -10.76408 166 2 -8.11909 161.88091 2 4 164.69582 0.69581 2.74766 164.74767 0.74766 4 166 0.6664 2.71167 166 0.71167 12 164.73396 0.73396 10.72653 164.72653 0.72653 12 166 0.70232 10.69767 166 0.69767 20 165.2081 1.2081 19.16047 165.16048 1.16047 20 166 1.17713 19.13812 166 1.13812 25.19853 166 2 23.04691 161.04691 2 -12.30061 173.69939 1.69939 -12 173.63615 1.63615 -12 168.54045 2 -12 174 1.62353 -12.31689 174 1.68311 -13.52739 174 2 -13.05812 172.94188 2 -4 172.78552 0.78553 -5.10726 172.89273 0.89274 -4 174 0.76223 -5.1418 174 0.8582 -11.02975 166.97026 2 4 172.49055 0.49055 2.54049 172.54048 0.54049 4 174 0.46961 2.51352 174 0.51352 12 172.50769 0.50768 10.50249 172.50249 0.50249 12 174 0.48449 10.48168 174 0.48168 20 172.84189 0.84189 18.78967 172.78967 0.78967 20 174 0.8125 18.77003 174 0.77002 27.69302 173.69302 1.69302 28 173.72687 1.72687 28 170.86072 2 28 174 1.71356 27.68423 174 1.68423 29.16286 174 2 -12 181.31483 1.31483 -12.58045 181.41956 1.41955 -12 182 1.30456 -12.59691 182 1.40309 -15.33943 182 2 -14.47361 179.5264 2 -4 180.6167 0.6167 -5.27817 180.72183 0.72183 -4 182 0.6073 -5.29577 182 0.70423 4 180.37473 0.37473 2.42069 180.4207 0.42069 4 182 0.36758 2.41028 182 0.41028 12 180.37814 0.37815 10.37519 180.3752 0.37519 12 182 0.36915 10.36805 182 0.36805 20 180.62569 0.62568 18.57792 180.57793 0.57792 20 182 0.61036 18.56978 182 0.56978 28 181.32373 1.32374 27.25834 181.25833 1.25834 28 182 1.30676 27.24927 182 1.24927 31.33943 182 2 29.78959 175.78958 2 -12 189.36224 1.36224 -12.54679 189.45322 1.45321 -12 190 1.36631 -12.54718 190 1.45282 -14.97696 190 2 -15.15723 186.84277 2 -4 188.64114 0.64115 -5.26382 188.73618 0.73618 -4 190 0.65159 -5.25645 190 0.74355 4 188.39265 0.39265 2.43485 188.43484 0.43485 4 190 0.40406 2.44651 190 0.44651 12 188.39374 0.39374 10.39265 188.39265 0.39265 12 190 0.40434 10.40406 190 0.40406 20 188.64409 0.64408 18.60429 188.60428 0.60429 20 190 0.65288 18.61379 190 0.61379 28 189.36429 1.36428 27.31111 189.31111 1.3111 28 190 1.36862 27.31602 190 1.31602 30.97696 190 2 31.15554 185.15553 2 -12 197.76347 1.76348 -12.20274 197.79726 1.79726 -12 198 1.76268 -12.2064 198 1.7936 -13.00805 198 2 -13.38782 196.61218 2 -4 196.92049 0.92048 -5.00314 196.99687 0.99686 -4 198 0.92482 -5.00619 198 0.99381 4 196.62485 0.62485 2.66265 196.66266 0.66265 4 198 0.63489 2.66783 198 0.66783 12 196.64392 0.64392 10.64367 196.64366 0.64367 12 198 0.65813 10.6536 198 0.6536 20 196.99527 0.99526 18.96457 196.96457 0.96457 20 198 1.01113 18.97593 198 0.97593 28 197.96751 1.96751 27.96457 197.96457 1.96457 28 198 1.9683 27.9652 198 1.9652 28.12334 198 2 29.98065 191.98065 2 -12 205.70746 1.70746 -12.25466 205.74535 1.74534 -12 206 1.70229 -12.2635 206 1.7365 -13.37256 206 2 -13.21454 204.78546 2 -4 204.9464 0.9464 -4.9858 205.01419 1.0142 -4 206 0.9394 -5.00165 206 0.99835 4 204.6946 0.6946 2.72637 204.72638 0.72637 4 206 0.69252 2.71819 206 0.71819 12 204.76843 0.76844 10.76422 204.76422 0.76422 12 206 0.7702 10.76224 206 0.76224 20 205.23195 1.23194 19.20372 205.20372 1.20372 20 206 1.23538 19.20493 206 1.20493 28 198.54591 2 25.12265 206 2 25.62214 203.62215 2 28.09312 198.09311 2 -12 213.3912 1.3912 -12.54135 213.45865 1.45865 -12 214 1.38139 -12.55858 214 1.44142 -15.57598 214 2 -14.44959 211.55042 2 -4 212.80164 0.80163 -5.13302 212.86699 0.86698 -4 214 0.79408 -5.14995 214 0.85005 4 212.62221 0.62221 2.64898 212.64899 0.64898 4 214 0.61982 2.64066 214 0.64066 12 212.73114 0.73114 10.72297 212.72298 0.72297 12 214 0.73235 10.72072 214 0.72072 20 213.22675 1.22674 19.19599 213.19598 1.19599 20 214 1.22941 19.1968 214 1.1968 24.90918 214 2 24.88559 210.88559 2 -12 221.1655 1.16549 -12.75568 221.24432 1.24432 -12 222 1.16337 -12.76607 222 1.23393 -18.33175 222 2 -16.23224 217.76776 2 -4 220.72054 0.72054 -5.2207 220.7793 0.7793 -4 222 0.72484 -5.22363 222 0.77637 4 220.60075 0.60076 2.62182 220.62183 0.62182 4 222 0.60997 2.62638 222 0.62638 12 220.73415 0.73415 10.72254 220.72253 0.72254 12 222 0.74659 10.7311 222 0.7311 20 221.24167 1.24167 19.20952 221.20952 1.20952 20 222 1.25271 19.21783 222 1.21783 24.76322 222 2 24.79732 218.79732 2 -12 229.17073 1.17073 -12.75927 229.24074 1.24073 -12 230 1.18866 -12.74666 230 1.25334 -19.10786 230 2 -18.3187 223.6813 2 -4 228.79646 0.79646 -5.1544 228.8456 0.8456 -4 230 0.82387 -5.13055 230 0.86945 4 228.71988 0.71988 2.73524 228.73524 0.73524 4 230 0.75178 2.7638 230 0.7638 12 228.89937 0.89936 10.88545 228.88545 0.88545 12 230 0.9326 10.9139 230 0.9139 20 229.48512 1.48513 19.46029 229.4603 1.46029 20 230 1.50584 19.47787 230 1.47787 22.92578 230 2 23.70748 225.70747 2 -12 237.87257 1.87258 -12.11638 237.88362 1.88362 -12 238 1.8814 -12.10777 238 1.89223 -12.7965 238 2 -16.26612 233.73389 2 -4 237.33745 1.33744 -4.63503 237.36496 1.36497 -4 238 1.37887 -4.59372 238 1.40628 4 237.24358 1.24358 3.25139 237.25139 1.25139 4 238 1.29173 3.29769 238 1.29769 12 237.53172 1.53173 11.5228 237.5228 1.5228 12 238 1.56599 11.55427 238 1.55427 20 234.58356 2 16.35473 238 2 17.979 235.97899 2 21.58526 231.58527 2 -12 238.41249 2 -4 240.4563 2 -11.38571 238.61429 2 4 240.89046 2 -1.35189 240.64812 2 12 239.62138 2 6.36006 240.36006 2 13.08482 239.08482 2 -12.19231 13.80769 9.80769 -12 13.74969 9.74969 -12 13.494 10 -12 14 9.55731 -12.27837 14 9.72163 -12.6287 14 10 -12.29663 13.70337 10 -5.69042 12.30958 8.30958 -4 12.0522 8.0522 -4 10.07558 10 -4 14 6.60263 -6.61603 14 7.38397 -6.87202 11.12798 10 2.0522 12.0522 8.0522 4 12.0522 8.0522 4 10.07558 10 4 14 6.60263 0.60263 14 6.60263 0.07558 10.07558 10 11.7012 13.7012 9.7012 12 13.74969 9.74969 12 13.494 10 12 14 9.55731 11.34627 14 9.34627 11.1679 13.1679 10 12.6287 14 10 -12 18.46123 6.46123 -14.62428 19.37572 7.37572 -12 22 4.52331 -15.45615 22 6.54385 -19.65365 22 10 -16.28759 17.71241 10 -4 16.71232 4.71232 -8.49629 17.50371 5.50371 -4 22 2.03892 -10.2267 22 3.7733 4 16.71232 4.71232 -1.28768 16.71232 4.71232 4 22 2.03892 -3.96108 22 2.03892 12 18.46123 6.46123 7.62808 17.62808 5.62808 12 22 4.52331 4.06278 22 2.06278 19.65365 22 10 16.96037 18.96037 10 -21.35975 28.64025 8.64025 -20 27.79997 7.79997 -20 22.66555 10 -20 30 6.99847 -21.59641 30 8.40359 -22.92374 30 10 -22.1687 27.8313 10 -12 23.77242 3.77242 -16.41469 25.58531 5.58531 -17.28748 30 4.71252 -19.78245 22.21755 10 -4 22.02993 2.02993 -10.56404 23.43596 3.43596 4 22.02993 2.02993 -3.97007 22.02993 2.02993 12 23.77242 3.77242 4.0389 22.03889 2.0389 15.84175 25.84175 5.84175 20 27.79997 7.79997 20 22.66555 10 20 30 6.98789 22.97359 30 10 -20 34.23995 6.23995 -22.15277 35.84723 7.84723 -20 38 5.65171 -22.32266 38 7.67734 -24.22433 38 10 -23.67706 34.32294 10 -17.52532 32.47468 4.47468 -17.99899 38 4.00101 20 34.14573 6.14573 20 38 5.37694 24.73855 38 10 23.88421 33.8842 10 -20 41.80242 5.80242 -22.19986 43.80014 7.80014 -20 46 5.86144 -22.21755 46 7.78245 -24.05334 46 10 -24.07312 41.92688 10 -17.94292 40.05708 4.05708 -17.89742 46 4.10258 20 41.17705 5.17705 20 46 4.87767 25.65835 46 10 25.48359 43.48359 10 -20 50.57906 6.57906 -21.68746 52.31254 8.31254 -20 54 7.02082 -21.61231 54 8.38768 -23.00366 54 10 -23.33772 50.66228 10 -17.62937 48.37062 4.37063 -17.22804 54 4.77196 20 48.92358 4.92358 20 54 5.06723 26.13778 54 10 26.17303 52.17303 10 -20 60.24343 8.24343 -20.85511 61.14489 9.14489 -20 62 8.56509 -20.79332 62 9.20668 -21.52267 62 10 -21.77455 60.22545 10 -16.75127 57.24873 5.24873 -12 62 3.43151 -16.25496 62 5.74505 -10.97848 62 3.02152 12 62 2.1368 20 57.13922 5.13922 20 62 5.42091 12.25389 62 2.25389 26.70182 62 10 26.74251 60.74251 10 -20 69.78137 9.78137 -20.11163 69.88837 9.88837 -20 70 9.81724 -20.1039 70 9.89611 -20.20792 70 10 -20.23466 69.76534 10 -12 63.74156 3.74156 -15.76676 66.23325 6.23324 -12 70 4.86498 -15.40343 70 6.59657 -10.82251 63.17749 3.17748 -4 70 2.41642 -9.94339 70 4.05661 -3.62269 70 2.37731 12 62.14528 2.14528 12 70 2.81263 20 65.29581 5.29581 12.23857 62.23857 2.23857 20 70 5.42745 13.26539 70 3.26539 27.85891 69.8589 9.85891 28 69.93977 9.93977 28 69.48193 10 28 70 9.93716 27.86797 70 9.86797 28.08037 70 10 -20 72.48013 10 -12 73.07471 5.07472 -15.18578 74.81422 6.81422 -12 78 5.51931 -14.95909 78 7.04091 -19.4168 78 10 -4 70.43072 2.43071 -9.88846 72.11154 4.11155 -4 78 3.00749 -9.5128 78 4.4872 -3.62299 70.37701 2.37701 4 78 2.29148 -3.10966 78 2.89034 12 70.76329 2.76329 12 78 2.84218 4.31467 78 2.31467 20 73.00308 5.00308 13.0474 71.04739 3.0474 20 78 4.78838 13.15098 78 3.15098 28 76.53061 8.53061 25.41677 75.41678 7.41677 28 78 8.38226 25.20941 78 7.20941 30.39102 78 10 28.11823 70.11823 10 -12 81.37434 5.37435 -15.09817 82.90183 6.90183 -12 86 5.26172 -14.97361 86 7.02639 -19.69161 86 10 -19.45552 78.54448 10 -4 78.90471 2.90471 -9.71725 80.28275 4.28275 -4 86 2.6218 -9.81069 86 4.18931 4 78.25979 2.25979 -3.19972 78.80028 2.80028 -3.4525 86 2.5475 12 78.72721 2.72721 4.26901 78.269 2.26901 12 86 2.11124 20 80.31851 4.31851 12.90891 78.90891 2.90891 20 86 3.57165 12.14204 86 2.14204 28 83.1676 7.1676 23.70654 81.70654 5.70654 28 86 6.68747 22.72719 86 4.72719 33.18473 86 10 31.6796 81.6796 10 -20.00407 93.99593 9.99593 -20 93.99305 9.99305 -20 93.71701 10 -20 94 9.9932 -20.004 94 9.996 -20.01147 94 10 -20.0102 93.9898 10 -12 89.15918 5.15918 -15.07395 90.92605 6.92605 -12 94 4.804 -15.03314 94 6.96686 -19.70704 86.29295 10 -4 86.58021 2.58021 -9.92767 88.07233 4.07233 -10.20594 94 3.79406 -3.48964 86.51036 2.51036 12 86.10217 2.10217 20 87.38698 3.38698 12.12216 86.12216 2.12216 20 94 2.57579 28 90.05807 6.05807 22.18721 88.18721 4.18721 28 94 5.51971 20.97715 94 2.97715 35.15782 94 10 34.88628 92.88628 10 -20 94.61987 10 -12 96.82497 4.82497 -15.01153 98.98847 6.98847 -12 102 4.72845 -14.9525 102 7.0475 -19.86792 102 10 -10.23526 95.76474 3.76474 -10.3074 102 3.6926 20 94.53875 2.53875 20 102 2.05826 28 97.23193 5.23193 20.85746 94.85746 2.85746 28 102 4.84804 20.0964 102 2.0964 35.55119 101.55119 9.55119 36 101.78649 9.78649 36 99.72719 10 36 102 9.76718 35.45658 102 9.45658 36.27238 102 10 -12 104.76419 4.76419 -14.91568 107.08432 7.08432 -12 110 4.78715 -14.88011 110 7.11989 -19.69571 110 10 -19.86532 102.13468 10 -10.30953 103.69047 3.69047 -10.29258 110 3.70742 20 102.05709 2.05709 28 104.76784 4.76783 20.09229 102.09229 2.09229 28 110 4.62849 36 109.51247 9.51247 34.90978 108.90978 8.90978 36 110 9.49788 34.83429 110 8.83429 36.58953 110 10 36.28354 102.28355 10 -12 112.80122 4.80122 -14.86587 115.13413 7.13413 -12 118 4.85913 -14.86434 118 7.13566 -19.64334 118 10 -19.69344 110.30656 10 -10.28104 111.71896 3.71896 -10.23792 118 3.76208 20 118 2.05826 28 112.70674 4.70674 28 118 4.84804 20.0964 118 2.0964 36 117.75996 9.75996 35.41575 117.41576 9.41575 36 118 9.76718 35.45658 118 9.45658 36.27238 118 10 36.56721 110.56721 10 -12 120.87492 4.87492 -14.84858 123.15142 7.15142 -12 126 5.01103 -14.87378 126 7.12622 -19.61302 126 10 -19.6404 118.3596 10 -10.202 119.798 3.798 -10.09795 126 3.90205 20 118.06254 2.06254 20 126 2.57567 28 121.12404 5.12404 20.11151 118.11151 2.11151 28 126 5.50308 20.97696 126 2.97696 36 120.27281 10 35.15782 126 10 35.26271 125.2627 10 36.244 118.244 10 -12 129.10356 5.10356 -14.7842 131.21581 7.2158 -12 134 5.15275 -14.9043 134 7.0957 -19.43838 134 10 -19.59457 126.40543 10 -9.9929 128.00711 4.0071 -4 134 2.29706 -9.95382 134 4.04618 -3.74228 134 2.25772 20 126.6547 2.6547 20 134 3.06796 28 129.98891 5.98891 21.20644 127.20644 3.20644 28 134 6.12413 21.87889 134 3.87889 33.93552 134 10 34.28706 132.28706 10 -20.08668 141.91333 9.91332 -20 141.85327 9.85327 -20 139.57817 10 -20 142 9.83011 -20.09689 142 9.90311 -20.24226 142 10 -20.21884 141.78116 10 -12 137.06325 5.06324 -14.99197 139.00803 7.00803 -12 142 4.80146 -15.27692 142 6.72308 -19.46248 134.53752 10 -4 134.30771 2.30771 -9.89758 136.10242 4.10241 -4 142 2.31199 -10.10871 142 3.89129 -3.7313 134.26871 2.2687 -3.72754 142 2.27246 20 135.10388 3.10388 20 142 2.96778 28 138.1123 6.1123 21.87039 135.87039 3.87039 28 142 5.90113 21.66257 142 3.66258 34.50893 142 10 34.50173 140.50174 10 -20 148.62379 8.62379 -20.84048 149.15952 9.15952 -20 150 8.32838 -20.99626 150 9.00374 -22.36577 150 10 -21.8416 148.1584 10 -12 144.46846 4.46846 -15.64707 146.35294 6.35293 -12 150 3.99199 -16.12628 150 5.87372 -4 142.29402 2.29402 -10.1963 143.80371 3.8037 -10.57745 150 3.42255 -3.73778 142.26222 2.26222 20 142.88536 2.88537 20 150 2.38726 28 145.39902 5.39902 21.35345 143.35345 3.35345 28 150 4.87297 20.61475 150 2.61475 34.83285 148.83286 8.83285 36 149.37283 9.37283 36 146.67924 10 36 150 9.26258 34.52956 150 8.52956 36.94207 150 10 -20 154.94191 6.9419 -21.99957 156.00043 8.00043 -20 158 6.35284 -22.37336 158 7.62664 -25.67663 158 10 -23.96707 154.03293 10 -12 151.65131 3.65131 -16.60703 153.39297 5.39297 -12 158 2.99508 -17.18162 158 4.81838 -10.70002 151.29999 3.29998 -11.23349 158 2.76651 20 150.33409 2.33409 28 152.32483 4.32482 20.45889 150.45889 2.45889 28 158 3.56073 36 155.4653 7.46531 31.9436 153.94359 5.9436 36 158 6.98395 30.92134 158 4.92134 40.58926 158 10 37.8204 151.8204 10 -28.5683 165.4317 9.4317 -28 165.13812 9.13812 -28 162.70757 10 -28 166 8.96847 -28.64502 166 9.35498 -29.321 166 10 -28.93589 165.06412 10 -20 161.34358 5.34358 -23.29713 162.70287 6.70287 -20 166 4.71169 -23.69782 166 6.30218 -26.41928 159.58072 10 -12 158.82413 2.82413 -17.55655 160.44345 4.44345 -12 166 2.1743 -18.08818 166 3.91182 -11.29254 158.70746 2.70746 -11.85227 166 2.14773 28 159.25644 3.25644 28 166 2.44123 36 161.74219 5.74219 29.87415 159.87415 3.87415 36 166 5.01892 28.69973 166 2.69973 42.95347 164.95348 8.95347 44 165.3913 9.3913 44 163.99413 10 44 166 9.24914 42.56678 166 8.56678 44.98671 166 10 -28 171.39453 7.39453 -29.77984 172.22015 8.22016 -28 174 7.01282 -29.97971 174 8.02029 -32.34858 174 10 -31.13774 170.86226 10 -20 168.18324 4.18324 -24.32056 169.67944 5.67944 -20 174 3.56106 -24.73308 174 5.26692 -12 166.15388 2.15389 -18.267 167.733 3.733 -18.78761 174 3.21239 -11.85933 166.14067 2.14067 28 166.37955 2.37955 36 168.39488 4.39488 28.50636 166.50636 2.50636 36 174 3.63357 44 171.49124 7.49125 40.07609 170.0761 6.07609 44 174 7.02664 39.07338 174 5.07338 48.34858 174 10 45.70081 167.70081 10 -28 178.40973 6.40973 -30.48002 179.51997 7.51998 -28 182 6.08407 -30.63983 182 7.36017 -33.93685 182 10 -32.95485 177.04515 10 -20 175.40184 3.40184 -24.98482 177.01518 5.01518 -20 182 2.93735 -25.28536 182 4.71464 -18.84237 175.15764 3.15763 -19.23532 182 2.76468 36 175.46864 3.46864 36 182 2.93735 44 178.42435 6.42435 38.50774 176.50775 4.50774 44 182 6.08407 37.69829 182 3.69829 49.93685 182 10 49.42447 179.42447 10 -28 186.16199 6.16199 -30.57132 187.42868 7.42868 -28 190 6.21437 -30.54749 190 7.45251 -33.70974 190 10 -33.87658 184.12341 10 -20 182.9518 2.9518 -25.25415 184.74585 4.74585 -20 190 3.0347 -25.20662 190 4.79338 -19.23068 182.76932 2.76932 -19.16179 190 2.83821 36 182.9518 2.9518 36 190 3.0347 44 186.16199 6.16199 37.75104 183.75104 3.75104 44 190 6.21437 37.88493 190 3.88493 49.70974 190 10 49.77295 187.77295 10 -28 195.07565 7.07565 -29.84461 196.1554 8.15539 -28 198 7.23679 -29.81587 198 8.18413 -31.66821 198 10 -32.92196 193.07803 10 -20 191.20625 3.20626 -24.87432 193.12569 5.12568 -20 198 3.64315 -24.70533 198 5.29467 -19.10172 190.89828 2.89828 -18.75595 198 3.24405 36 191.20625 3.20626 36 198 3.93847 44 195.07565 7.07565 38.59669 192.59669 4.5967 44 198 7.44633 39.7118 198 5.7118 47.66817 198 10 48.55205 194.55205 10 -28 204.16409 8.1641 -29.13743 204.86256 8.86257 -28 206 8.02587 -29.21701 206 8.78299 -30.12902 206 10 -30.58725 203.41275 10 -20 199.89746 3.89746 -24.34249 201.65752 5.65751 -20 206 3.69445 -24.53073 206 5.46927 -18.649 199.351 3.351 -18.80499 206 3.19501 28 206 2.45909 36 200.67696 4.67696 36 206 5.20579 28.77668 206 2.77668 44 205.65982 10 43.79877 206 10 43.87085 205.87085 10 46.48774 200.48775 10 -28 210.58389 6.58389 -30.31876 211.68123 7.68124 -28 214 6.1098 -30.58231 214 7.41769 -32.43653 214 10 -31.61624 210.38376 10 -20 207.30649 3.30649 -25.14079 208.85921 4.85921 -20 214 2.77046 -25.56371 214 4.43628 -18.97066 207.02934 3.02934 -19.40311 214 2.59689 28 206.46049 2.46049 28 214 2.51859 36 209.73535 5.73535 28.98764 206.98764 2.98764 36 214 5.84228 29.10252 214 3.10252 41.00563 214 10 41.49192 211.49193 10 -36.23372 221.76628 9.76628 -36 221.63048 9.63048 -36 221.1017 10 -36 222 9.56209 -36.2635 222 9.7365 -36.33133 222 10 -36.2712 221.72881 10 -28 216.53563 4.53563 -32.16339 217.83661 5.83661 -28 222 4.04019 -32.51818 222 5.48182 -33.91367 216.08633 10 -20 214.55325 2.55326 -26.129 215.871 3.871 -20 222 2.17212 -26.52952 222 3.47048 -19.46423 214.53577 2.53577 -19.83359 222 2.16641 28 214.40126 2.40126 28 222 2.4242 36 217.24315 5.24315 28.84389 214.84389 2.84389 36 222 5.2846 28.88916 222 2.88916 41.31878 222 10 40.75259 218.75259 10 -36 228.49612 8.49612 -36.95874 229.04126 9.04126 -36 230 8.41397 -36.99482 230 9.00519 -37.27579 230 10 -37.17828 228.82172 10 -28 223.8062 3.8062 -32.82956 225.17044 5.17044 -28 230 3.64548 -32.95482 230 5.04518 -20 222.16704 2.16703 -26.56597 223.43404 3.43404 -20 230 2.07967 -26.70051 230 3.29949 -19.83359 222.16641 2.16641 -19.92063 230 2.07937 28 222.39482 2.39482 28 230 2.65011 36 225.02469 5.02469 28.78716 222.78716 2.78716 36 230 5.28109 29.25431 230 3.25431 41.26742 230 10 41.01757 227.01756 10 -36 233.76512 10 -28 232.44907 4.44907 -31.90787 234.09213 6.09213 -28 238 5.24623 -31.48879 238 6.51121 -34.19558 238 10 -20 230.09364 2.09364 -26.51287 231.48714 3.48713 -20 238 2.87226 -25.91097 238 4.08903 -19.91849 230.08151 2.08151 -19.23091 238 2.76909 20 238 2.29232 28 230.87238 2.87237 28 238 3.77706 20.39978 238 2.39978 36 235.17319 7.17319 30.62871 232.62871 4.62871 36 238 7.72249 32.26493 238 6.26493 38.19811 238 10 39.99432 233.99431 10 -28 244.51396 10 -20 240.19954 4.19954 -23.81841 242.18159 6.18159 -20 246 6.46777 -22.668 246 7.332 -25.85717 246 10 -18.67983 239.32018 3.32017 -12 246 4.29373 -16.82151 246 5.17849 -4 246 3.38982 -10.05295 246 3.94705 4 246 3.22826 -2.65252 246 3.34748 12 246 3.73097 5.35684 246 3.35684 20 238.63101 2.63102 20 246 5.15767 14.29567 246 4.29567 28 243.24248 7.24247 22.07493 240.07492 4.07493 28 246 8.4956 25.81825 246 7.81825 36 240.71524 10 29.88655 246 10 33.38085 243.38084 10 37.31805 239.31804 10 -20 249.19791 10 -12 251.90427 10 -15.24105 250.75896 10 -4 253.30826 10 -4.84616 253.15384 10 4 253.58397 10 3.56901 253.56902 10 12 252.75272 10 10.87267 252.87267 10 20 250.73491 10 17.43067 251.43066 10 28 247.2267 10 23.40401 249.40401 10 28.78759 246.78758 10 -5.15202 4.84798 16.84798 -4 4.66731 16.66731 -4 3.93942 18 -4 6 14.86504 -6.18098 6 15.81902 -9.99745 6 18 -5.61597 4.38403 18 2.66731 4.66731 16.66731 4 4.66731 16.66731 4 3.93942 18 4 6 14.86504 0.86503 6 14.86504 1.93942 3.93942 18 9.99745 6 18 -20.18003 13.81997 17.81997 -20 13.7219 17.7219 -20 13.51959 18 -20 14 17.40899 -20.25919 14 17.74081 -20.41118 14 18 -20.23579 13.76421 18 -15.05859 10.94141 14.94141 -12 9.83628 13.83628 -12 6.82707 18 -16.62587 14 13.37413 -16.18689 9.81311 18 -4 8.02511 12.02511 -9.05457 8.94543 12.94543 -11.45625 6.54375 18 4 8.02511 12.02511 -1.97489 8.02511 12.02511 6.79132 8.79132 12.79132 12 9.83628 13.83628 12 6.82707 18 19.5248 13.5248 17.5248 20 13.7219 17.7219 20 13.51959 18 20 14 17.40899 17.31696 11.31696 18 20.41118 14 18 -20 17.76356 13.76356 -22.56703 19.43297 15.43297 -20 22 10.35496 -23.36728 22 14.63272 -25.28292 22 18 -23.46634 18.53366 18 -17.78545 16.21455 12.21455 -19.84309 22 10.15691 20 17.76356 13.76356 20 22 10.35496 25.28292 22 18 20.96881 14.96881 18 -28.02454 29.97546 17.97546 -28 29.94919 17.94919 -28 29.86551 18 -28 30 17.92158 -28.02885 30 17.97115 -28.04166 30 18 -28.03288 29.96712 18 -20 22.22342 10.22342 -24.32123 25.67877 13.67877 -25.16226 30 12.83774 -26.06866 23.93134 18 -19.88042 22.11958 10.11958 20 22.22342 10.22342 26.26083 28.26083 16.26083 28 29.9257 17.9257 28 29.80429 18 28 30 17.88245 28.06327 30 18 -28 36.31576 16.31576 -28.71066 37.28934 17.28934 -28 38 15.92256 -28.76833 38 17.23167 -29.10262 38 18 -28.98876 37.01123 18 -25.43605 32.56395 12.56395 -25.8885 38 12.1115 28 35.73302 15.73302 28 38 14.90557 29.72629 38 18 28.08216 30.08216 18 -28 44.17669 16.17669 -28.65659 45.34341 17.34341 -28 46 16.19058 -28.66743 46 17.33257 -28.9568 46 18 -28.94864 45.05136 18 -25.82043 40.17957 12.17957 -25.80471 46 12.19529 28 41.93695 13.93695 28 46 13.13985 30.95406 46 18 30.10824 40.10824 18 -28 53.48312 17.48312 -28.16846 53.83154 17.83154 -28 54 17.56141 -28.16369 54 17.83631 -28.2362 54 18 -28.24884 53.75116 18 -25.55947 48.44053 12.44053 -25.25361 54 12.74639 28 48.61084 12.61084 28 54 12.05851 32.13554 54 18 31.56171 49.56171 18 -28 56.25681 18 -24.92658 57.07343 13.07342 -24.55462 62 13.44538 -27.32543 62 18 28 55.66205 11.66205 28 62 11.11057 33.6724 62 18 33.18763 59.18763 18 -24.35903 65.64097 13.64097 -24.11119 70 13.88881 -26.81038 70 18 -27.26164 62.73836 18 28 62.84175 10.84175 30.83197 70 12.83197 35.88287 70 18 35.8403 69.8403 18 -24.21938 73.78062 13.78062 -20 78 10.4042 -24.18547 78 13.81453 -27.23015 78 18 -26.86422 71.13578 18 -19.78312 78 10.21688 36 75.53957 15.53957 36 70.32021 18 36 78 14.82943 38.51581 78 18 -28.44841 85.55159 17.55159 -28 85.09178 17.09178 -28 81.8165 18 -28 86 17.02288 -28.47203 86 17.52797 -28.72574 86 18 -28.64305 85.35695 18 -20 78.35039 10.35039 -24.48307 81.51693 13.51693 -20 86 10.19624 -24.64551 86 13.35449 -27.32833 78.67167 18 -19.79486 78.20514 10.20514 -19.88606 86 10.11394 36 81.57543 13.57543 36 86 12.30388 40.67886 86 18 39.42177 81.42177 18 -28 91.82784 15.82784 -29.15054 92.84946 16.84946 -28 94 15.63745 -29.25842 94 16.74158 -29.98359 94 18 -29.6872 92.31281 18 -20 86.1835 10.1835 -24.77868 89.22132 13.22132 -25.00147 94 12.99853 -19.887 86.113 10.113 36 87.86958 11.86958 36 94 10.66617 42.16889 94 18 41.74024 91.74023 18 -28 99.20155 15.20155 -29.54648 100.45352 16.45352 -28 102 15.12903 -29.63273 102 16.36727 -30.64086 102 18 -30.37908 99.62092 18 -25.02823 96.97177 12.97177 -20 102 10.08002 -25.10186 102 12.89814 -19.94974 102 10.05026 36 94.58847 10.58847 37.50997 102 11.50997 43.04579 102 18 42.92679 100.92679 18 -28 107.02953 15.02953 -29.70358 108.29642 16.29642 -28 110 15.02835 -29.73064 110 16.26936 -30.83864 110 18 -30.73664 107.26336 18 -20 102.0803 10.0803 -25.09549 104.90451 12.90451 -20 110 10.18301 -25.09665 110 12.90335 -19.94928 102.05072 10.05072 -19.88384 110 10.11616 38.00396 104.00396 12.00396 39.35847 110 13.35847 43.33585 110 18 43.31075 109.31075 18 -28 115.16281 15.16281 -29.63408 116.36592 16.36592 -28 118 15.20114 -29.60577 118 16.39423 -30.6073 118 18 -30.70696 115.29305 18 -20 110.18468 10.18467 -25.07947 112.92053 12.92053 -20 118 10.21541 -25.04043 118 12.95957 -19.88379 110.11621 10.11621 -19.86425 118 10.13575 38.67982 112.67982 12.67982 37.50997 118 11.50997 43.04579 118 18 43.07933 117.07932 18 -28 123.6627 15.66269 -29.29209 124.70791 16.70791 -28 126 15.74854 -29.22186 126 16.77814 -29.93263 126 18 -30.16419 123.83581 18 -20 118.22049 10.22049 -24.99565 121.00436 13.00435 -20 126 10.23761 -24.89659 126 13.10341 -19.86467 118.13533 10.13533 -19.85404 126 10.14596 36 126 10.66617 36.86633 118.86633 10.86633 42.16889 126 18 42.35194 124.35194 18 -28 132.96614 16.96614 -28.51153 133.48848 17.48847 -28 134 17.01297 -28.49228 134 17.50772 -28.72688 134 18 -28.86161 133.1384 18 -20 126.25488 10.25488 -24.75803 129.24197 13.24197 -20 134 10.35579 -24.65524 134 13.34476 -19.8523 126.1477 10.1477 -19.79269 134 10.20731 36 126.85389 10.85389 36 134 11.73382 40.88254 134 18 41.38585 131.38585 18 -28 141.97832 17.97831 -28.01012 141.98988 17.98988 -28 142 17.97593 -28.01066 142 17.98934 -28.015 142 18 -28.01541 141.98459 18 -20 134.388 10.388 -24.47713 137.52287 13.52287 -24.68205 142 13.31795 -19.78424 134.21576 10.21576 36 135.87918 11.87918 36 142 11.35221 40.83201 142 18 41.02867 139.02867 18 -28 148.64125 16.64125 -28.66352 149.33649 17.33648 -28 150 16.21467 -28.75818 150 17.24182 -29.05013 150 18 -28.90354 149.09647 18 -24.89674 145.10326 13.10326 -25.51216 150 12.48784 36 143.03595 11.03596 39.33557 150 13.33557 42.9709 150 18 42.65633 148.65633 18 -28 153.88091 13.8809 -30.23136 155.76865 15.76864 -28 158 12.20004 -30.66451 158 15.33549 -31.79559 158 18 -30.86606 155.13394 18 -25.99259 152.00742 12.00741 -27.0493 158 10.9507 44 155.06091 15.06091 44 151.94583 18 44 158 13.50615 46.84775 158 18 -28 159.22832 11.22832 -32.08671 161.9133 13.91329 -32.87383 166 13.12617 -35.35683 166 18 -33.22975 160.77025 18 -27.29908 158.70091 10.70092 44 159.76338 11.76338 47.82274 166 13.82274 51.25036 166 18 50.22421 164.22421 18 -37.48699 172.51302 16.51301 -36 171.17812 15.17812 -36 167.60054 18 -36 174 13.98862 -37.75385 174 16.24615 -38.29881 174 18 -37.7696 172.23039 18 -33.62759 168.37241 12.37241 -34.51236 174 11.48764 -35.56531 166.43469 18 52 171.24919 15.24919 52 167.81461 18 52 174 13.98862 54.29881 174 18 -36 177.02251 13.0225 -38.51974 179.48027 15.48026 -36 182 12.04479 -38.738 182 15.262 -39.66007 182 18 -39.18146 178.81854 18 -34.70332 175.29668 11.29668 -35.21124 182 10.78876 52 177.02251 13.0225 52 182 12.04479 55.66007 182 18 54.71959 176.71959 18 -36 184.1346 12.13459 -38.63421 187.36578 15.36579 -36 190 12.30197 -38.60125 190 15.39875 -39.4675 190 18 -39.54488 186.45512 18 -35.19531 182.80469 10.80469 -35.1165 190 10.88349 52 184.1346 12.13459 52 190 12.30197 55.4675 190 18 55.5822 185.5822 18 -36 193.67693 13.67693 -37.48991 196.5101 16.51009 -36 198 14.93027 -37.31593 198 16.68407 -37.70641 198 18 -38.13223 195.86777 18 -34.93173 191.06827 11.06827 -34.19667 198 11.80333 52 193.67693 13.67693 52 198 14.93031 53.70638 198 18 54.90709 192.90709 18 -36 202.84734 18 -33.3535 200.6465 12.6465 -32.84377 206 13.15623 -34.66562 206 18 44 206 10.14761 48.68748 202.68748 14.68748 52 202.07932 18 50.15804 206 18 50.81344 204.81345 18 53.25441 199.25441 18 -31.52495 210.47505 14.47505 -32.34505 214 13.65495 -32.41352 214 18 -33.75527 208.24472 18 44 206.8513 10.85131 44 214 15.42577 45.11937 214 18 48.06031 210.0603 18 -36 222 11.00702 -31.74006 218.25995 14.25994 -31.99903 222 18 -31.80893 218.19107 18 40.85465 218.85464 14.85465 44 216.4369 18 41.41273 222 15.41274 40.65857 222 18 42.10241 220.10242 18 44.8195 214.81949 18 -36 223.13875 11.13874 -36 230 13.19083 -32.19448 230 18 -31.91076 226.08923 18 40.19463 226.19464 14.19464 40.46486 230 14.46486 37.24292 230 18 39.38794 225.38794 18 -36 232.0983 12.0983 -29.93831 238 16.06169 -28.90701 238 18 -29.54125 236.45876 18 35.04634 237.04634 17.04634 36 232.70866 18 36 236.22806 16.22806 36 238 14.5745 34.73814 238 16.73813 32.71492 238 18 33.97661 235.97661 18 39.62385 233.62386 13.62385 37.91461 238 11.91461 36.861 230.86099 18 -28 238.97594 18 -28 242.78964 14.78965 -20.53227 245.46773 17.46773 -20 245.23401 18 -20 245.71539 17.71539 -20 246 17.17937 -23.46831 242.53169 18 -18.55557 246 18 26.88783 244.88782 16.88783 28 242.36391 18 28 244.53619 16.53619 28 246 13.21159 25.8626 246 15.8626 22.43528 246 18 25.73551 243.73552 18 36 240.14987 12.14988 32.76042 242.76042 14.76042 29.4465 246 11.4465 30.26509 240.26509 18 37.31826 239.31825 11.31826 -20 248.73619 12.73619 -16.49538 249.50462 13.50462 -12 248.30376 18 -12 250.79463 14.79463 -6.61336 251.38664 15.38664 -4 249.82129 18 -4 251.76268 15.76268 -9.1371 248.8629 18 1.88623 251.88623 15.88623 4 250.12276 18 4 251.94376 15.94376 -0.0228 249.9772 18 9.59293 251.59293 15.59293 12 249.21674 18 12 251.38853 15.38853 7.6867 249.68671 18 16.68157 250.68156 14.68157 20 247.07019 18 20 249.93481 13.93481 14.51978 248.51978 18 28 247.08844 11.08844 23.1339 249.1339 13.1339 20.74544 246.74544 18 28.77937 246.77937 10.77937 -13.29746 4.70254 24.70254 -12 4.21005 24.21005 -12 3.6499 26 -12 6 19.81394 -14.41249 6 23.58751 -15.59097 6 26 -13.53193 4.46807 26 -7.22478 2.77522 22.77522 -4 2.1546 22.15459 -4 0.96417 26 -11.11013 6 18.88987 -7.94845 2.05155 26 0.1546 2.1546 22.15459 4 2.1546 22.15459 4 0.96417 26 -1.03583 0.96417 26 9.73456 3.73456 23.73456 12 4.21005 24.21005 12 3.6499 26 12 6 19.81394 8.63737 2.63737 26 15.59097 6 26 -21.77435 12.22565 24.22565 -20 11.00132 23.00132 -20 9.75409 26 -22.6967 14 23.3033 -23.56903 14 26 -22.07958 11.92042 26 -12 6.53143 18.53143 -17.12159 8.87841 20.87841 -18.16361 7.83639 26 -11.62448 6.37552 18.37552 12 6.53143 18.53143 13.39476 7.39476 19.39476 20 11.00132 23.00132 20 9.75409 26 20.63235 14 18.63235 23.56903 14 26 -28.008 21.992 25.992 -28 21.98277 25.98277 -28 21.97274 26 -28 22 25.95632 -28.01059 22 25.98941 -28.01323 22 26 -28.00934 21.99066 26 -24.4724 17.5276 21.5276 -26.10611 22 19.89389 -25.34069 16.65931 26 28 21.98277 25.98277 28 21.97274 26 28 22 25.95632 28.01323 22 26 -28 25.86996 21.86996 -29.63854 28.36146 24.36146 -29.97018 30 24.02982 -30.45528 30 26 -29.94814 28.05186 26 -26.54508 23.45492 19.45492 28 25.86996 21.86996 28.08455 30 18.08455 30.50007 30 26 28.01866 22.01866 26 -30.5512 35.44881 23.4488 -30.77379 38 23.22621 -31.451 38 26 -31.10567 34.89433 26 28.12114 30.12114 18.12114 30.31696 38 20.31696 32.05736 38 26 31.16414 33.16414 26 -30.63165 43.36835 23.36835 -30.64886 46 23.35114 -31.27084 46 26 -31.29604 42.70396 26 31.10255 41.10255 21.10255 32.07161 46 22.07161 33.36712 46 26 32.92198 42.92198 26 -30.16388 51.83612 23.83612 -30.08006 54 23.91994 -30.56149 54 26 -30.73009 51.26991 26 33.58119 51.58119 23.58119 34.03777 54 24.03777 34.79155 54 26 34.55549 52.55549 26 -29.53613 60.46387 24.46387 -28 62 19.96582 -29.45572 62 24.54428 -29.79259 62 26 -29.93277 60.06723 26 -27.53933 62 18.46067 36 60.8133 24.81331 36 59.33049 26 36 62 24.15282 36.59143 62 26 -28 64.26891 20.26892 -29.23779 68.76221 24.76221 -28 70 21.23845 -29.20171 70 24.79829 -29.48272 70 26 -29.53607 68.46394 26 -27.52664 62.47336 18.47336 -27.21994 70 18.78006 36 65.19107 21.19107 36 70 18.25511 38.87517 70 26 36.80423 62.80423 26 -28 72.59074 20.59073 -29.60521 76.39479 24.39479 -28 78 19.88475 -29.64435 78 24.35565 -30.03491 78 26 -29.95346 76.04654 26 -27.29849 70.70152 18.70151 -27.534 78 18.466 36 70.13068 18.13069 39.70103 78 21.70104 41.46953 78 26 40.17181 74.17181 26 -28 79.16043 19.16043 -30.55777 83.44223 23.44223 -30.79317 86 23.20683 -31.47181 86 26 -31.0608 82.9392 26 -27.60802 78.39198 18.39198 42.40397 84.40397 24.40397 43.06578 86 25.06577 43.46865 86 26 43.27758 85.27758 26 -31.44748 90.55253 22.55252 -31.86384 94 22.13616 -32.83663 94 26 -32.15813 89.84187 26 44 92.17368 24.17367 44 89.09102 26 44 94 23.21718 44.83593 94 26 -32.18094 97.81906 21.81906 -32.48286 102 21.51714 -33.63305 102 26 -33.13446 96.86554 26 44 97.90231 21.90231 44 102 20.65628 45.6337 102 26 44.92255 94.92255 26 -32.57569 105.42431 21.42431 -32.68521 110 21.31479 -33.89502 110 26 -33.71103 104.28897 26 44 104.39533 20.39533 44 110 19.83438 45.89582 110 26 45.68601 103.68601 26 -32.59314 113.40686 21.40686 -32.48286 118 21.51714 -33.63305 118 26 -33.82092 112.17908 26 44 112.05665 20.05665 44 118 20.65628 45.6337 118 26 45.8389 111.8389 26 -32.16785 121.83215 21.83215 -31.86384 126 22.13616 -32.83663 126 26 -33.3604 120.6396 26 44 121.95671 21.95671 44 126 23.21718 44.83593 126 26 45.49441 119.49441 26 -31.18581 130.81419 22.81419 -30.83181 134 23.16819 -31.48337 134 26 -32.15957 129.84042 26 43.34358 133.34358 25.34358 44 131.11322 26 43.15829 134 25.15829 43.52029 134 26 43.59475 133.59474 26 44.7555 126.75551 26 -29.90294 140.09706 24.09706 -29.86372 142 24.13628 -30.19442 142 26 -30.44176 139.55824 26 42.34515 140.34515 24.34516 42.20451 142 24.20452 42.7896 142 26 43.00842 141.00841 26 -29.65537 148.34464 24.34463 -29.89142 150 24.10858 -30.06381 150 26 -29.96091 148.03909 26 43.23589 149.23589 25.23589 43.42647 150 25.42647 43.49649 150 26 43.51136 149.51135 26 -30.56541 155.43459 23.43459 -31.46321 158 22.53679 -31.34272 158 26 -30.77136 155.22864 26 44 152.77452 20.77452 44 151.73904 26 46.64594 158 20.64594 45.84211 158 26 -32.49498 161.50502 21.50502 -35.08784 166 18.91216 -33.75468 166 26 -32.3732 161.6268 26 48.24249 162.24248 22.24248 50.05616 166 24.05615 49.26731 166 26 47.24786 161.24785 26 -36.37684 173.62315 25.62316 -36 170.71729 22.71729 -36 172.50655 26 -36.52461 174 25.47539 -36.45732 174 26 -36.35678 173.64322 26 -35.36388 166.63612 18.63612 -34.33966 167.66034 26 52 171.02113 23.02114 52 172.71645 26 54.06686 174 20.06686 52.45732 174 26 -37.7721 180.22791 24.2279 -38.13252 182 23.86748 -37.82462 182 26 -37.57858 180.42142 26 54.36103 176.36104 20.36103 55.25393 182 21.25393 53.82462 182 26 52.54338 174.54338 26 -37.95776 188.04224 24.04224 -37.90025 190 24.09975 -37.63041 190 26 -37.66792 188.33208 26 55.19877 185.19878 21.19877 55.08777 190 21.08777 53.63041 190 26 53.78458 183.78458 26 -36 197.40294 26 -36 197.74561 25.74561 -36 198 25.48262 -35.84992 198 26 51.92007 197.92006 25.92007 52 197.40294 26 52 197.74561 25.74561 52 198 25.48262 51.90101 198 25.90101 51.84992 198 26 51.88177 197.88177 26 54.67541 192.67542 20.67541 53.54142 198 19.54143 53.35884 191.35884 26 -36 201.01892 21.01892 -33.87224 206 20.12776 -32.16837 206 26 -35.70326 198.29674 26 52 200.89879 20.89879 50.06583 204.06583 24.06583 49.16906 206 23.16906 48.0396 206 26 49.38145 203.38145 26 53.19435 199.19435 19.19435 -28 212.93336 26 -28 213.37331 25.37331 -28 214 24.86345 -27.11629 214 26 43.30748 213.30748 25.30748 44 211.84026 26 44 212.63031 24.6303 44 214 21.46516 42.78965 214 24.78966 42.07897 214 26 43.02329 213.0233 26 47.6661 209.66609 21.6661 44.94239 214 18.94239 46.56723 208.56723 26 -28 217.78709 21.7871 -28 222 21.19194 -20.17583 222 26 -21.04933 220.95067 26 35.37469 221.37469 25.3747 36 220.35997 26 36 220.98407 24.98407 36 222 23.99011 34.99514 222 24.99513 33.64292 222 26 35.10503 221.10503 26 44 215.21864 19.21865 40.55067 218.55067 22.55067 38.91079 222 20.91079 39.41341 217.41341 26 44.68201 214.68202 18.68202 -28 224.32149 20.3215 -28 230 20.24944 -24.51827 225.48174 21.48173 -20 222.20337 26 -20 227.31245 23.31245 -20 230 23.01752 -24.60481 230 21.39519 -13.01774 228.98227 24.98227 -12 228.22551 26 -12 229.26936 25.26937 -12 230 25.08232 -13.16977 230 24.83023 -19.33585 222.66415 26 -7.32773 230 26 19.98734 229.98734 25.98734 20 229.97089 26 20 229.98555 25.98555 20 230 25.97866 19.9815 230 25.9815 19.8737 230 26 19.97692 229.97693 26 26.61979 228.61978 24.61979 28 226.345 26 28 228.20496 24.20495 28 230 23.45085 26.1152 230 24.1152 25.63019 227.63019 26 36 225.05496 21.05497 32.72532 226.72533 22.72532 36 230 19.07178 31.77306 230 21.77306 30.65331 224.65331 26 38.10531 224.1053 20.10531 36.65673 230 18.65673 -28 231.83804 19.83804 -28 238 18.4853 -20 233.86716 21.86715 -25.67339 232.32661 20.32661 -20 238 21.12711 -27.34764 238 18.65236 -12 235.07251 23.07251 -15.46182 234.53818 22.53818 -12 238 22.61024 -16.21259 238 21.78741 -6.39594 235.60406 23.60406 -4 231.42027 26 -4 235.79002 23.79003 -4 238 23.43206 -6.82095 238 23.17905 2.00866 236.00867 24.00866 4 232.76186 26 4 236.07372 24.07372 4 238 23.70843 1.67187 238 23.67187 -2.40718 231.59282 26 9.89511 235.89511 23.89511 12 232.27495 26 12 235.86644 23.86644 12 238 23.38337 9.50983 238 23.50983 6.55162 232.55162 26 20 235.07735 23.07735 17.33739 235.33739 23.33739 20 238 22.32029 16.79987 238 22.79987 13.79699 231.797 26 28 233.51474 21.51475 24.34538 234.34538 22.34538 28 238 20.20612 23.56435 238 21.56435 36 230.68918 18.68918 30.81845 232.81845 20.81845 29.6724 238 19.6724 36.50917 230.50917 18.50917 -28 238.37393 18.37393 -20 240.45074 20.45074 -27.53934 238.46066 18.46066 -12 241.56293 21.56293 -17.22595 240.77405 20.77405 -12 246 19.62599 -4 242.07962 22.07962 -8.20353 241.79648 21.79647 -4 246 20.5608 -10.21639 246 19.78361 4 242.17691 22.17691 0.13247 242.13246 22.13247 4 246 20.73658 -1.39295 246 20.60705 12 241.88835 21.88835 8.03384 242.03384 22.03384 12 246 20.2063 6.60917 246 20.60917 20 241.10342 21.10342 15.57932 241.57933 21.57932 20 246 18.7896 13.967 246 19.967 28 239.56935 19.56935 22.71956 240.71956 20.71956 20.65373 246 18.65373 29.29995 239.29994 19.29995 -12 247.12564 19.12564 -4 247.79652 19.79653 -10.79988 247.20012 19.20012 4 247.92273 19.92274 -2.18158 247.81842 19.81842 12 247.53625 19.53626 5.85597 247.85597 19.85597 20 246.53856 18.53857 13.4151 247.4151 19.4151 20.47188 246.47188 18.47188 -13.85738 4.14262 32.14262 -12 3.22521 31.22521 -12 3.04627 34 -16.07805 6 29.92195 -16.48537 6 34 -13.92572 4.07428 34 -8.20498 1.79502 29.79502 -4 0.7289 28.7289 -4 0.39091 34 -8.3985 1.6015 34 -1.2711 0.7289 28.7289 4 0.7289 28.7289 4 0.39091 34 -1.60909 0.39091 34 8.15424 2.15424 30.15424 12 3.22521 31.22521 12 3.04627 34 7.76584 1.76584 34 15.99924 6 29.99924 16.48537 6 34 -22.35667 11.64333 31.64333 -20 9.41205 29.41205 -20 9.01848 34 -23.91339 14 30.08661 -24.17081 14 34 -22.43902 11.56098 34 -18.276 7.724 27.724 -18.53695 7.46305 34 20 9.41205 29.41205 20 9.01848 34 23.825 14 29.825 24.17081 14 34 -28.34892 21.65108 33.65108 -28 21.05847 33.05847 -28 20.94613 34 -28.48539 22 33.51461 -28.50991 22 34 -28.36074 21.63926 34 -25.48292 16.51708 28.51708 -25.69959 16.30041 34 28 21.05847 33.05847 28 20.94613 34 28.01394 22 26.01394 28.50991 22 34 -30.23507 27.76493 31.76493 -30.78256 30 31.21744 -30.9214 30 34 -30.32068 27.67932 34 28.01997 22.01997 26.01997 30.61838 30 28.61838 30.95581 30 34 28.71156 22.71156 34 -31.3667 34.6333 30.6333 -31.719 38 30.281 -31.90365 38 34 -31.51505 34.48495 34 31.29401 33.29401 29.29401 32.19211 38 30.19211 32.37976 38 34 31.65931 33.65931 34 -31.55198 42.44802 30.44802 -31.52629 46 30.47371 -31.67048 46 34 -31.73557 42.26443 34 32.97099 42.97099 30.97098 33.41276 46 31.41276 33.45306 46 34 33.14638 43.14638 34 -30.90808 51.09192 31.09192 -30.73419 54 31.26581 -30.80241 54 34 -31.04419 50.95581 34 34.3466 52.3466 32.3466 34.60955 54 32.60955 34.54926 54 34 34.37672 52.37672 34 -29.90986 60.09015 32.09015 -29.77085 62 32.22915 -29.77391 62 34 -29.96519 60.03481 34 36 61.8952 33.8952 36 61.91117 34 36.56503 62 26.56503 36.01608 62 34 -29.19509 68.80491 32.80491 -29.15147 70 32.84853 -29.11987 70 34 -29.19734 68.80266 34 36.72614 62.72614 26.72614 38.67061 70 28.67061 37.99827 70 34 36.02111 62.02111 34 -29.35503 76.64497 32.64497 -29.41738 78 32.58262 -29.33493 78 34 -29.31892 76.68108 34 39.63667 73.63667 29.63666 40.98467 78 30.98467 40.50406 78 34 38.85123 72.85123 34 -30.44007 83.55993 31.55993 -30.81524 86 31.18476 -30.57528 86 34 -30.3191 83.68091 34 42.38942 84.38943 32.38942 42.77589 86 32.77589 42.5692 86 34 42.0449 84.0449 34 -31.67045 90.32955 30.32955 -32.35968 94 29.64032 -31.96038 94 34 -31.40548 90.59452 34 43.98557 93.98557 33.98557 44 94 33.87408 43.98793 94 33.98793 43.98581 94 34 43.98261 93.98261 34 44.77876 94 26.77876 -32.73702 97.26298 29.26298 -33.26797 102 28.73203 -32.77514 102 34 -32.34441 97.65559 34 44 94.13591 34 44.8517 94.85171 26.85171 45.51996 102 27.51996 44.79441 102 34 -33.36811 104.63189 28.63189 -33.56793 110 28.43207 -33.04332 110 34 -32.88266 105.11734 34 45.56418 103.56418 27.56418 45.76306 110 27.76306 45.06018 110 34 44.82019 102.82019 34 -33.4718 112.5282 28.5282 -33.26797 118 28.73203 -32.77514 118 34 -32.93787 113.06213 34 45.71472 111.71472 27.71472 45.51996 118 27.51996 44.79441 118 34 45.02794 111.02794 34 -32.912 121.088 29.088 -32.35968 126 29.64032 -31.96038 126 34 -32.39885 121.60115 34 43.98897 125.98898 33.98897 44 125.86409 34 44 125.93554 33.93554 44 126 33.87408 43.98793 126 33.98793 43.98581 126 34 43.98718 125.98718 34 45.40099 119.40099 27.401 44.77876 126 26.77876 44.72587 118.72588 34 -31.47268 130.52731 30.52732 -30.82598 134 31.17402 -30.57572 134 34 -31.08576 130.91423 34 44 129.11853 29.11853 42.96899 132.96898 32.96899 42.79775 134 32.79775 42.59399 134 34 42.81464 132.81464 34 44.70972 126.70972 26.70972 -29.19382 140.80618 32.80618 -29.04903 142 32.95097 -28.91727 142 34 -29.05853 140.94147 34 42.1297 140.1297 32.1297 41.77844 142 31.77844 41.27359 142 34 41.84855 139.84856 34 -28 148.10274 34 -28 149.11662 33.11662 -28 150 32.98997 -27.67799 150 34 41.5966 147.5966 31.5966 41.54253 150 31.54253 40.46936 150 34 41.07136 147.07135 34 -28 155.69804 31.69804 -28 158 32.32416 -26.94298 158 34 -27.58687 150.41313 34 41.7366 155.7366 31.7366 44 158 29.03995 42.01981 158 32.01981 40.31175 158 34 40.6977 154.69769 34 45.25763 158 27.25763 -28 164.30634 32.30634 -28 166 32.89738 -26.73111 166 34 -26.74534 159.25465 34 44 161.68199 29.68199 42.47024 164.47023 32.47024 44 166 31.65042 42.77547 166 32.77547 40.86502 166 34 40.95412 162.95412 34 45.45134 159.45134 27.45134 47.07705 166 29.07704 -36 174 26.59439 -28 173.2373 33.23731 -28 174 33.47149 -32.32474 174 29.67526 -27.01412 174 34 -26.59403 167.40596 34 44 172.5876 32.5876 43.31805 173.31805 33.31805 44 174 33.07968 43.45232 174 33.45232 42.09667 174 34 42.00485 172.00485 34 47.49432 169.49432 29.49432 52 174 26.57121 48.48986 174 30.48986 52.30016 174 26.30016 -36 174.67018 26.67018 -36 182 28.16364 -28 181.80537 33.80537 -30.34554 179.65446 31.65446 -28 182 33.83669 -28.7425 182 33.2575 -27.60216 182 34 -26.96587 175.03413 34 44 181.80057 33.80057 43.88602 181.88602 33.88602 44 182 33.83265 43.89714 182 33.89714 43.58067 182 34 43.53722 181.53723 34 52 174.67018 26.67018 48.82665 178.82664 30.82665 52 182 28.16364 49.16313 182 31.16313 52.32526 174.32526 26.32526 53.17309 182 27.17309 -36 184.12132 28.12133 -36 190 27.94718 -28 189.7205 33.7205 -29.20729 188.79271 32.79271 -28 190 33.71398 -29.3298 190 32.6702 -27.2907 190 34 -27.57575 182.42426 34 44 189.7205 33.7205 43.82726 189.82726 33.82726 44 190 33.71398 43.82486 190 33.82486 43.29071 190 34 43.31443 189.31444 34 52 184.12132 28.12133 49.11356 187.11356 31.11356 52 190 27.94718 49.06934 190 31.06934 53.16073 183.16074 27.16073 53.05134 190 27.05134 -36 191.64885 27.64885 -28 196.81279 32.8128 -31.86988 194.13011 30.13012 -28 198 32.54602 -24.70957 198 34 -26.96465 191.03534 34 44 196.81279 32.8128 43.23854 197.23854 33.23854 44 198 32.54602 43.13754 198 33.13754 40.70957 198 34 41.48983 195.48984 34 52 191.64885 27.64885 48.661 194.661 30.661 48.1817 198 30.1817 52.95927 190.95927 26.95928 -28 203.1487 31.14869 -28 206 29.78108 -20.0484 205.9516 33.9516 -20 205.84969 34 -20 205.97359 33.97359 -20 206 33.96327 -20.09693 206 33.90306 -19.87798 206 34 35.97995 205.97995 33.97995 36 205.84969 34 36 205.97359 33.97359 36 206 33.96327 35.97493 206 33.97493 35.87798 206 34 35.9312 205.9312 34 44 203.1487 31.14869 42.14783 204.14784 32.14783 44 206 29.78108 41.63538 206 31.63538 38.91762 200.91762 34 47.56474 201.56473 29.56474 46.28124 206 28.28124 -28 208.68942 28.68942 -20 211.88646 31.88646 -23.90748 210.09251 30.09252 -20 214 30.51795 -12.45561 213.54439 33.54439 -12 212.65114 34 -12 213.6837 33.6837 -12 214 33.49811 -12.91804 214 33.08196 -9.60993 214 34 27.72975 213.72975 33.72976 28 212.63223 34 28 213.67857 33.67857 28 214 33.48946 27.6134 214 33.6134 25.58172 214 34 27.11032 213.11032 34 36 211.83319 31.83319 34.38366 212.38367 32.38366 36 214 30.33815 33.66442 214 31.66442 31.55964 209.55965 34 44 208.59811 28.59811 40.48965 210.48965 30.48965 38.8811 214 28.88109 45.82034 207.82033 27.82034 -20 217.12532 29.12532 -20 222 26.09501 -12 219.27269 31.27269 -16.00348 217.99652 29.99652 -12 222 29.3629 -19.85303 222 26.14697 -5.93946 220.06053 32.06054 -4 216.63428 34 -4 220.45821 32.4582 -4 222 31.32413 -7.68291 222 30.31709 2.86325 220.86325 32.86325 4 218.37331 34 4 220.97379 32.97378 4 222 32.20956 1.93171 222 31.93171 -0.68482 217.31519 34 10.95079 220.95079 32.95079 12 218.32277 34 12 220.95079 32.95079 12 222 32.15533 10.17393 222 32.17393 8.32277 218.32277 34 18.53109 220.5311 32.53109 20 216.53177 34 20 220.38393 32.38393 20 222 31.11547 17.53049 222 31.53049 15.52815 217.52815 34 28 219.13652 31.13652 25.65264 219.65263 31.65264 28 222 28.80835 24.15582 222 30.15582 21.76092 215.76093 34 36 216.8618 28.86181 32.26205 218.26205 30.26206 30.04692 222 28.04692 38.19811 216.1981 28.19811 -20 222.06419 26.0642 -12 224.25476 28.25476 -19.91979 222.08022 26.08021 -4 225.5654 29.56539 -9.42866 224.57133 28.57134 -4 230 26.70178 4 226.15057 30.15058 -0.22919 225.77081 29.77081 4 230 27.47562 -3.2291 230 26.7709 12 226.08617 30.08617 8.11245 226.11244 30.11245 12 230 27.26755 5.45279 230 27.45279 20 225.3497 29.3497 15.81072 225.81071 29.81072 13.12737 230 27.12737 28 223.80217 27.80218 22.94029 224.94029 28.94029 29.48291 223.48291 27.48291 -4 230.46159 26.46159 4 230.95822 26.95823 -3.51767 230.48233 26.48233 12 230.81468 26.81469 4.94302 230.94302 26.94302 12.75708 230.75708 26.75708 -12.82967 5.17033 41.17033 -12 4.59178 40.59178 -12 4.87231 42 -14.54218 6 39.45782 -13.74322 6 42 -12.73498 5.26502 42 -7.54057 2.45943 38.45943 -4 1.16818 37.16818 -4 2.13464 42 -7.03054 2.96946 42 -0.83182 1.16818 37.16818 4 1.16818 37.16818 4 2.13464 42 0.13464 2.13464 42 9.67227 3.67227 39.67227 12 4.59178 40.59178 12 4.87231 42 10.39206 4.39206 42 15.46322 6 37.46322 13.74322 6 42 -21.51455 12.48546 40.48545 -20 10.25822 38.25822 -20 11.24381 42 -22.93655 14 39.06345 -22.33438 14 42 -21.351 12.649 42 -18.2058 7.7942 35.7942 -17.3932 8.6068 42 20 10.25822 38.25822 20 11.24381 42 23.49 14 37.49 22.33438 14 42 -28 22 36.77145 -25.2512 16.7488 36.7488 -26.95754 22 42 -24.60617 17.39383 42 26.33519 20.33519 40.33519 28 22 36.77145 27.1715 22 41.1715 26.95754 22 42 25.35638 19.35638 42 28.44329 22 34.44329 -28 25.09778 42 -29.35133 28.64867 40.64867 -29.77976 30 40.22024 -29.506 30 42 -29.19226 28.80774 42 -27.25582 22.74418 42 28 25.09778 42 28.58412 22.58412 34.58412 30.56805 30 36.56805 29.52308 30 42 -30.62924 35.37076 39.37076 -30.98508 38 39.01492 -30.52806 38 42 -30.27256 35.72744 42 31.02515 33.02515 37.02515 31.72798 38 37.72798 30.81182 38 42 29.8578 31.8578 42 -30.71839 43.28162 39.28162 -30.65996 46 39.34004 -30.23133 46 42 -30.2836 43.7164 42 32.112 42.112 38.112 32.45324 46 38.45324 31.45492 46 42 31.17153 41.17153 42 -29.46686 52.53314 40.53314 -29.31707 54 40.68293 -29.06868 54 42 -29.18772 52.81227 42 32.75672 50.75672 38.75672 33.02102 54 39.02102 31.79086 54 42 31.76255 49.76255 42 -28 59.57163 42 -28 60.90066 40.90066 -28 62 40.33024 -27.4662 62 42 33.37398 59.37398 39.37398 36 62 34.04051 33.68189 62 39.68189 32.22921 62 42 32.17865 58.17865 42 36.01233 62 34.01233 -28 66.05559 38.05559 -28 70 37.10757 -25.8572 70 42 -27.27789 62.72211 42 36 62.06016 34.06016 34.27922 68.27921 40.27922 36 70 37.9046 34.58331 70 40.58331 33.27861 70 42 33.00344 67.00344 42 36.01405 62.01405 34.01405 37.45024 70 35.45024 -28 72.61769 36.61769 -28 78 36.96811 -25.09617 78 42 -25.56988 72.43011 42 36 76.54268 40.54268 35.65038 77.65038 41.65038 36 78 41.30101 35.7285 78 41.7285 35.39611 78 42 35.21056 77.21056 42 37.72056 71.72056 35.72056 39.11442 78 37.11442 -28 81.44467 37.44467 -28 86 38.85194 -25.77558 86 42 -25.35567 80.64433 42 36 79.84309 42 39.69334 81.69334 37.69334 40.48117 86 38.48117 37.72191 86 42 -28 92.74437 40.74437 -28 94 41.14769 -27.36829 94 42 -26.15961 87.84039 42 41.02409 91.02409 39.02409 41.39373 94 39.39373 39.28516 94 42 38.13319 88.13319 42 -28 99.06062 42 -28.50867 101.49133 41.49133 -28.62402 102 41.37598 -28.32061 102 42 -28.28998 101.71001 42 -27.43718 94.56282 42 41.7579 99.7579 39.7579 44 102 35.6712 41.91859 102 39.91859 40.20538 102 42 39.7096 97.7096 42 44.58696 102 34.58696 -29.10862 108.89138 40.89138 -29.19261 110 40.80739 -28.60903 110 42 -28.58838 109.41162 42 44 103.78412 35.78412 42.0444 108.0444 40.0444 44 110 36.21899 42.09015 110 40.09015 40.50955 110 42 40.37125 106.37125 42 44.59972 102.59972 34.59972 44.78223 110 34.78223 -28.67489 117.32511 41.32511 -28.62402 118 41.37598 -28.32061 118 42 -28.33228 117.66772 42 44 112.08779 36.08779 41.96629 115.96629 39.96629 44 118 35.6712 41.91859 118 39.91859 40.20538 118 42 40.34471 114.34471 42 44.76599 110.76598 34.76599 44.58696 118 34.58696 -28 120.93938 42 -28 125.28353 41.28354 -28 126 41.14769 -27.36829 126 42 44 119.40369 35.40368 41.5695 123.5695 39.5695 41.39373 126 39.39373 39.28516 126 42 39.77411 121.77411 42 44.5517 118.5517 34.5517 -28 131.56757 39.56757 -28 134 38.75589 -25.68615 134 42 -27.20031 126.79969 42 40.89024 130.89024 38.89024 40.4956 134 38.4956 37.73183 134 42 38.76936 128.76936 42 -28 137.49954 37.49955 -28 142 35.59856 -23.42922 142 42 -24.6866 137.3134 42 35.8711 141.87109 41.8711 36 140.86577 42 36 141.72514 41.72514 36 142 41.61901 35.84785 142 41.84785 35.65237 142 42 35.7412 141.7412 42 40.12877 138.12877 38.12877 39.45163 142 37.45163 37.49435 135.49435 42 -28 143.23766 35.23766 -25.81221 150 36.18779 -21.0505 150 42 -21.36787 148.63213 42 36 147.99762 39.99761 35.08315 149.08315 41.08315 36 150 39.49185 34.88452 150 40.88452 33.38374 150 42 34.13826 148.13826 42 39.25356 145.25356 37.25356 38.67058 150 36.67058 -20 153.64738 42 -20 157.06114 41.06115 -20 158 40.82225 -18.34852 158 42 36 154.55745 38.55746 34.30922 156.30922 40.30922 36 158 38.16848 34.02231 158 40.02231 31.01547 158 42 32.43521 154.43521 42 38.57678 152.57678 36.57678 38.24654 158 36.24654 -20 163.56041 39.56041 -20 166 39.20821 -15.1355 166 42 -16.96756 161.03244 42 36 161.63309 37.63308 33.5966 163.5966 39.5966 36 166 37.54013 33.31069 166 39.31069 28.33774 166 42 30.53036 160.53036 42 38.20533 160.20534 36.20533 38.13108 166 36.13108 -20 170.41069 38.41069 -20 174 38.16574 -12.4776 173.5224 41.5224 -12 172.75815 42 -12 173.7618 41.7618 -12 174 41.71423 -12.536 174 41.464 -11.05546 174 42 27.24639 173.24638 41.24639 28 166.98051 42 28 172.89777 40.89777 28 174 40.78377 27.10233 174 41.10233 24.29447 174 42 25.88811 171.88811 42 36 169.19943 37.19943 32.99025 170.99025 38.99025 36 174 37.31973 32.77132 174 38.77132 28.28551 166.28551 42 38.10937 168.10938 36.10937 38.20753 174 36.20753 -20 177.63826 37.63826 -20 182 37.5301 -12 180.4214 40.4214 -14.58192 179.41808 39.41808 -12 182 40.24225 -14.67844 182 39.32156 -4.45685 182 42 -6.2935 179.7065 42 19.79034 181.79034 41.79034 20 180.55554 42 20 181.74988 41.74987 20 182 41.71249 19.74558 182 41.74558 17.97378 182 42 19.2498 181.2498 42 28 179.89619 39.8962 26.39213 180.39212 40.39213 28 182 39.80251 26.19896 182 40.19896 22.94417 176.94417 42 36 177.06487 37.06486 32.51246 178.51245 38.51246 36 182 37.26437 32.39482 182 38.39482 38.18174 176.18175 36.18174 38.35115 182 36.35115 -20 185.14255 37.14255 -20 190 37.01428 -12 187.35385 39.35385 -15.75245 186.24754 38.24755 -12 190 39.20941 -15.88764 190 38.11236 -5.55575 188.44426 40.44425 -4 182.52786 42 -4 188.74463 40.74463 -4 190 40.62344 -5.65911 190 40.34089 3.33455 189.33455 41.33455 4 186.63199 42 4 189.39609 41.39609 4 190 41.32123 3.26411 190 41.26411 -2.98735 183.01265 42 11.34207 189.34207 41.34207 12 186.12518 42 12 189.33298 41.33297 12 190 41.26069 11.26119 190 41.26119 8.44942 186.44942 42 20 188.57936 40.57936 18.72128 188.72128 40.72128 20 190 40.49069 18.59541 190 40.59541 14.69852 184.69852 42 28 187.16469 39.16468 25.62919 187.6292 39.62919 28 190 39.09224 25.50372 190 39.50372 36 185.03598 37.03598 32.15676 186.15675 38.15676 36 190 36.96608 32.07811 190 38.07811 38.29537 184.29538 36.29537 38.23486 190 36.23486 -20 192.68387 36.68388 -20 198 35.98677 -12 194.56134 38.56133 -16.56713 193.43288 37.43287 -12 198 38.16473 -17.36225 198 36.63775 -4 195.6913 39.69129 -6.70447 195.29553 39.29553 -4 198 39.45494 -7.07345 198 38.92655 4 196.23386 40.23385 2.10885 196.10884 40.10885 4 198 40.06577 1.89947 198 39.89946 12 196.22728 40.22729 10.2283 196.2283 40.2283 12 198 40.05985 10.05985 198 40.05985 20 195.68668 39.68668 17.82851 195.82851 39.82851 20 198 39.45006 17.6377 198 39.6377 28 194.56134 38.56133 25.00375 195.00375 39.00375 28 198 38.16473 24.73736 198 38.73736 36 192.68387 36.68388 31.76933 193.76933 37.76933 36 198 35.98677 31.37402 198 37.37402 38.0725 192.07249 36.0725 37.48969 198 35.48969 -20 199.65585 35.65585 -12 201.50688 37.50689 -17.91032 200.08968 36.08968 -12 206 36.43321 -4 202.6133 38.61329 -7.96289 202.03711 38.03711 -4 206 37.87693 -9.09391 206 36.90609 4 203.13466 39.13466 0.92884 202.92883 38.92884 4 206 38.54689 0.20464 206 38.20464 12 203.13466 39.13466 9.13466 203.13466 39.13466 12 206 38.54689 8.54689 206 38.54689 20 202.6133 38.61329 16.82665 202.82664 38.82665 20 206 37.87693 16.22218 206 38.22218 28 201.50688 37.50689 24.08541 202.08542 38.08541 28 206 36.43321 23.34996 206 37.34996 36 199.65585 35.65585 30.92441 200.92441 36.92441 29.9516 206 35.9516 37.29438 199.29439 35.29438 -12 207.88531 35.88531 -4 209.03131 37.03131 -9.83876 208.16124 36.16124 -4 214 35.19841 4 209.56909 37.56909 -0.76845 209.23155 37.23155 4 214 36.00085 -2.69051 214 35.30949 12 209.56909 37.56909 7.56909 209.56909 37.56909 12 214 36.00085 6.00085 214 36.00085 20 209.03131 37.03131 15.36268 209.36269 37.36268 20 214 35.19841 13.84733 214 35.84733 28 207.88531 35.88531 22.69559 208.69559 36.69559 21.02386 214 35.02385 29.58087 207.58087 35.58087 -4 214.87079 34.8708 4 215.45471 35.45471 -3.07698 214.92302 34.92302 12 215.45195 35.45194 5.45194 215.45195 35.45194 20 214.86496 34.86496 13.36969 215.36969 35.36969 20.77244 214.77243 34.77244 -12 6 44.18375 -4 6 49.2941 -6.1162 6 47.8838 4 6 49.2941 3.2941 6 49.2941 12 6 44.18375 8.6602 6 46.6602 13.03489 6 43.03489 -20 14 46.25502 -12 9.72165 50 -15.68283 10.31717 46.31717 -17.18711 14 50 -14.50147 11.49853 50 -4 6.46255 50 -9.50041 8.49959 50 4 6.46255 50 -3.53745 6.46255 50 12 9.72165 50 4.84095 6.84095 50 15.00708 9.00708 45.00708 20 14 46.25502 18.53809 14 48.53809 17.18711 14 50 21.60621 14 43.60621 -20 17.34254 50 -22.68543 19.31457 47.31457 -25.70432 22 44.29568 -22.9016 22 50 -21.88417 20.11583 50 -18.57366 15.42634 50 20 17.34254 50 22.53578 16.53578 44.53578 24.83625 22 46.83625 22.9016 22 50 -28 30 45.60544 -26.73346 23.26654 43.26654 -25.87022 30 50 -24.39261 25.60739 50 26.20635 28.20635 48.20634 28 30 45.60544 26.67874 30 48.67874 25.87022 30 50 24.50385 26.50385 50 29.12963 30 43.12963 -28 35.17162 47.17162 -28 38 48.06222 -27.06648 38 50 -26.18039 31.81961 50 28 35.33905 47.33905 27.40129 37.40129 49.40129 28 38 48.25906 27.46818 38 49.46818 27.14039 38 50 26.9665 36.9665 50 29.28286 31.28286 43.28286 30.03967 38 44.03967 -28 43.5175 47.5175 -28 46 47.26194 -26.67528 46 50 -27.01147 38.98853 50 28 44.61848 48.61848 27.59416 45.59416 49.59416 28 46 48.77754 27.58669 46 49.58669 27.3066 46 50 27.33713 45.33713 50 30.16392 40.16393 44.16393 30.40207 46 44.40207 -28 49.81916 45.81916 -28 54 44.33331 -24.98948 54 50 -26.21694 47.78305 50 28 52.13842 48.13842 27.3287 53.3287 49.3287 28 54 48.15863 27.27722 54 49.27722 26.68032 54 50 26.89916 52.89916 50 30.44517 48.44516 44.44516 30.46935 54 44.46935 -28 55.58041 43.58041 -26.39605 62 43.60395 -22.39727 62 50 -23.33701 58.66299 50 28 59.40688 47.40688 26.90062 60.90062 48.90062 28 62 47.4511 26.81378 62 48.81378 25.51334 62 50 26.07498 60.07498 50 30.48111 56.48111 44.48111 30.5247 62 44.5247 -20 68.55059 50 -20 69.52528 49.52528 -20 70 49.35603 -19.25436 70 50 28 67.07188 47.07188 26.58466 68.58466 48.58466 28 70 47.3441 26.55488 70 48.55488 24.33279 70 50 25.13853 67.13853 50 30.57873 64.57873 44.57873 30.84726 70 44.84726 -20 75.65688 47.65687 -20 78 47.35483 -16.10678 78 50 -18.66466 71.33534 50 28 75.55501 47.555 26.69314 76.69315 48.69315 28 78 48.02299 26.78646 78 48.78646 24.16881 78 50 24.57249 74.57249 50 31.03482 73.03482 45.03482 31.60339 78 45.60339 -20 82.98765 46.98764 -20 86 47.25162 -15.09021 86 50 -15.47903 82.52097 50 28 85.11193 49.11193 27.49045 85.49046 49.49046 28 86 49.32166 27.5601 86 49.5601 26.35416 86 50 25.92764 83.92764 50 32.05687 82.05687 46.05687 36 86 43.75304 32.64806 86 46.64806 36.95204 86 42.95204 -20 91.88979 47.88979 -20 94 48.26006 -16.67598 94 50 -15.92471 90.07529 50 28 90.5999 50 36 88.12581 44.12581 33.13082 91.13082 47.13082 36 94 45.27602 33.42645 94 47.42645 28.87282 94 50 37.05025 87.05025 43.05025 37.79648 94 43.79648 -28 102 42.36669 -20 100.90337 48.90336 -20 102 49.01617 -26.09073 102 43.90927 -18.09111 102 50 -17.16687 96.83313 50 36 97.64711 45.64711 33.7449 99.7449 47.7449 36 102 46.1426 33.87734 102 47.87734 30.08917 102 50 29.03111 95.03111 50 37.90112 95.90112 43.90112 38.28386 102 44.28386 -28 102.38054 42.38054 -28 110 42.69384 -20 109.23711 49.23711 -25.64581 104.35419 44.35419 -20 110 49.26273 -24.46207 110 45.53793 -18.56221 110 50 -18.19459 103.80541 50 36 106.28532 46.28532 33.98706 107.98707 47.98706 36 110 46.42421 34.02532 110 48.02532 30.49254 110 50 30.20152 104.20152 50 38.3261 104.3261 44.3261 38.44325 110 44.44325 -28 110.6696 42.6696 -28 118 42.36669 -20 117.04825 49.04825 -25.01233 112.98768 44.98767 -20 118 49.01617 -26.09073 118 43.90927 -18.09111 118 50 -18.47461 111.52539 50 36 114.2822 46.2822 33.91695 115.91695 47.91695 36 118 46.1426 33.87734 118 47.87734 30.08917 118 50 30.37141 112.37141 50 38.39978 112.39979 44.39978 38.28386 118 44.28386 -28 118.3305 42.3305 -20 124.42393 48.42393 -26.78449 119.21552 43.21552 -20 126 48.26006 -16.67598 126 50 -17.68872 120.31127 50 36 121.76469 45.76469 33.56968 123.56968 47.56968 36 126 45.27602 33.42645 126 47.42645 28.87282 126 50 29.81066 119.81065 50 38.16563 120.16563 44.16563 37.79648 126 43.79648 -20 131.40981 47.40981 -20 134 46.93748 -14.30296 134 50 -15.284 130.716 50 27.59757 133.59758 49.59757 28 129.4001 50 28 133.41719 49.4172 28 134 49.32166 27.5601 134 49.5601 26.3527 134 50 26.7784 132.7784 50 36 128.79761 44.7976 32.964 130.964 46.964 36 134 43.75304 32.64806 134 46.64806 28.69382 126.69382 50 37.65131 127.65131 43.65131 36.95609 134 42.95609 -20 138.03621 46.03621 -20 142 44.95615 -12.83813 141.16187 49.16187 -12 139.45427 50 -12 141.58313 49.58313 -12 142 49.48862 -13.35174 142 48.64826 -10.36709 142 50 28 140.06068 48.06068 26.66133 140.66133 48.66133 28 142 47.57573 26.46108 142 48.46108 22.3141 142 50 24.22034 138.22035 50 36 135.44067 43.44067 32.16365 138.16365 46.16365 31.55244 142 45.55244 36.88447 134.88448 42.88447 -20 144.407 44.40699 -20 150 42.84634 -12 148.08633 48.08634 -15.86812 146.13188 46.13188 -12 150 47.51498 -18.18404 150 43.81596 -4.06945 150 50 -4.31005 149.68994 50 19.40397 149.40398 49.40397 20 145.89844 50 20 149.2596 49.2596 20 150 49.04852 19.27017 150 49.27017 15.47764 150 50 17.91008 147.91008 50 28 146.57913 46.57914 25.6768 147.6768 47.6768 28 150 45.64142 25.18917 150 47.18917 21.53206 143.53206 50 31.21268 145.21268 45.21268 30.36161 150 44.36161 -20 150.69611 42.6961 -12 154.49678 46.49678 -18.83851 151.16148 43.16149 -12 158 45.50348 -6.12383 155.87616 47.87616 -4 150.0864 50 -4 156.55121 48.55121 -4 158 48.11091 -6.98571 158 47.01429 3.23727 157.23727 49.23727 4 154.36433 50 4 157.34511 49.34511 4 158 49.1439 2.97278 158 48.97278 -3.82084 150.17915 50 11.15422 157.15422 49.15422 12 153.06013 50 12 157.11354 49.11354 12 158 48.84586 10.90311 158 48.90311 7.80127 153.80127 50 20 155.78566 47.78566 18.22752 156.22752 48.22752 20 158 47.15765 17.77594 158 47.77594 13.70686 151.70686 50 28 153.01312 45.01312 24.57408 154.57408 46.57408 28 158 43.81663 23.84899 158 45.84899 30.14732 152.14732 44.14732 29.21113 158 43.21113 -12 160.86078 44.86079 -12 166 43.53386 -4 162.97148 46.97149 -8.31909 161.68091 45.68091 -4 166 46.07659 -9.86866 166 44.13134 4 163.8195 47.81951 1.47716 163.47716 47.47716 4 166 47.14677 0.63041 166 46.63041 12 163.5874 47.58741 9.68599 163.68599 47.68599 12 166 46.86533 8.99334 166 46.99334 20 162.22995 46.22994 16.92991 162.92992 46.92991 20 166 45.22692 16.14676 166 46.14676 28 159.5128 43.5128 23.39171 161.39171 45.3917 28 166 42.17389 22.45786 166 44.45786 29.10411 159.10411 43.10411 28.12021 166 42.12021 -12 167.25439 43.2544 -4 169.30275 45.30276 -10.42178 167.57822 43.57822 -4 174 44.01793 4 170.16391 46.16391 -0.37899 169.621 45.62101 4 174 45.04275 -1.72773 174 44.27227 12 169.94876 45.94877 8.08408 170.08408 46.08408 12 174 44.81184 6.96779 174 44.96779 20 168.64447 44.64447 15.52075 169.52075 45.52076 20 174 43.36239 14.43305 174 44.43305 28 166.1456 42.1456 22.16057 168.16057 44.16058 21.06638 174 43.06638 28.10953 166.10953 42.10953 -4 175.63185 43.63185 -4 182 42.1088 4 176.45126 44.45126 -2.22313 175.77687 43.77687 4 182 43.01791 -3.87896 182 42.12104 12 176.27507 44.27507 6.41511 176.4151 44.41511 12 182 42.86503 4.99909 182 42.99909 20 175.11737 43.11738 14.0551 176.0551 44.0551 12.76322 182 42.76322 20.93372 174.93372 42.93372 -4 182.08809 42.0881 4 182.82004 42.82004 -3.90486 182.09514 42.09514 12 182.70039 42.70039 4.81183 182.81183 42.81184 12.64211 182.64212 42.64211 -12 14 54.30193 -4 14 57.45808 -4.97684 14 57.02316 4 14 57.45808 3.45808 14 57.45808 12 14 54.30193 9.52074 14 55.52074 14.53944 14 52.53944 -20 22 53.47446 -12 19.3261 58 -15.54523 18.45477 54.45477 -14.43863 22 58 -13.33722 20.66278 58 -4 14.80754 58 -8.72279 17.27721 58 4 14.80754 58 -3.19246 14.80754 58 12 19.3261 58 5.94988 15.94988 58 16.03185 18.03185 54.03186 20 22 53.47446 17.73972 22 55.73972 14.43863 22 58 21.70262 22 51.70262 -20 28.24277 56.24277 -20 30 57.06988 -18.8695 30 58 -16.54155 25.45845 58 20 28.24277 56.24277 19.37258 29.37258 57.37258 20 30 57.06988 19.54219 30 57.54219 18.8695 30 58 17.35892 27.35892 58 22.10865 24.10865 52.10865 23.46948 30 53.46948 -20 35.04254 58 -21.40301 36.59699 56.59699 -22.57251 38 55.42749 -20.51503 38 58 -20.44634 37.55366 58 -19.09614 30.90386 58 20 35.04254 58 23.7913 33.7913 53.7913 24.20869 38 54.20869 20.51993 38 58 -20.34414 45.65586 57.65586 -20.24757 46 57.75243 -20.0492 46 58 -20.05187 45.94813 58 24.23697 42.23697 54.23697 24.13881 46 54.13881 20.14724 46 58 20.52687 38.52686 58 -20 46.18189 58 -20 52.2873 56.2873 -20 54 55.74018 -17.16808 54 58 19.34996 53.34996 57.34996 20 46.71975 58 20 52.79729 56.79729 20 54 56.56243 19.22924 54 57.22924 17.96544 54 58 18.5713 52.5713 58 23.94412 49.94411 53.94411 23.51935 54 53.51935 20.13381 46.13381 58 -20 58.13379 54.13379 -20 62 52.52686 -12.41581 62 58 -12.92191 61.07809 58 20 59.17731 55.17731 18.32236 60.32236 56.32236 20 62 54.50448 17.90289 62 55.90289 13.85585 62 58 16.32707 58.32706 58 23.25648 57.25648 53.25648 22.60306 62 52.60307 -20 63.80342 51.80342 -16.6882 65.3118 53.3118 -12 62.61916 58 -12 67.80749 55.80749 -12 70 54.82626 -4.46618 69.53381 57.53382 -4 68.89402 58 -4 69.67393 57.67394 -4 70 57.51622 -4.77837 70 57.22163 -9.29167 64.70833 58 3.93841 69.93842 57.93842 4 69.78616 58 4 69.93984 57.93984 4 70 57.9134 3.90707 70 57.90707 3.77234 69.77234 58 10.98192 68.98192 56.98192 12 64.85462 58 12 68.70341 56.70341 12 70 56.2886 10.60829 70 56.60829 9.2337 67.2337 58 20 65.60027 53.60027 17.12993 67.12993 55.12992 20 70 52.79974 16.47632 70 54.47632 13.28748 63.28748 58 22.40982 64.40982 52.40982 21.76764 70 51.76764 -12 73.60442 53.60443 -12 78 52.36882 -4 75.62415 55.62414 -7.31449 74.68551 54.68551 -4 78 54.9248 -8.63717 78 53.36283 4 76.06746 56.06746 1.961 75.961 55.961 4 78 55.57924 1.31346 78 55.31346 12 75.06354 55.06354 9.5219 75.5219 55.5219 12 78 54.58772 8.9648 78 54.9648 20 72.41379 52.41378 16.03875 74.03875 54.03875 20 78 52.08476 15.54304 78 53.54304 21.69309 71.69309 51.69309 21.43704 78 51.43703 -12 80.00919 52.00919 -12 86 51.57256 -4 82.20337 54.20337 -9.32856 80.67144 52.67144 -4 86 53.9404 -9.85764 86 52.14236 4 82.88684 54.88684 0.59148 82.59148 54.59148 4 86 54.76752 0.33194 86 54.33194 12 82.20531 54.20531 8.59326 82.59325 54.59326 12 86 54.27139 8.47081 86 54.47081 20 80.02513 52.02513 15.46614 81.46614 53.46614 20 86 52.51111 15.53142 86 53.53142 21.46846 79.46847 51.46846 21.8625 86 51.8625 -12 87.56822 51.56822 -12 94 52.17368 -4 89.97294 53.97294 -9.83202 88.16798 52.16798 -4 94 54.35628 -9.09944 94 52.90056 4 90.91662 54.91662 0.48633 90.48633 54.48633 4 94 55.23486 0.85943 94 54.85942 12 90.54105 54.54105 8.73706 90.73706 54.73706 12 94 54.94536 9.06277 94 55.06277 20 88.75611 52.75611 15.80693 89.80693 53.80693 20 94 53.4426 16.22572 94 54.22572 22.02703 88.02703 52.02703 28 94 50.48808 22.62275 94 52.62275 28.33218 94 50.33218 -12 96.34258 52.34258 -12 102 52.79444 -4 98.6824 54.6824 -8.78618 97.21382 53.21383 -4 102 54.92488 -8.27685 102 53.72315 4 99.61841 55.6184 1.26786 99.26787 55.26786 4 102 55.78428 1.49049 102 55.49049 12 99.31059 55.31059 9.42128 99.42128 55.42128 12 102 55.50111 9.595 102 55.595 20 97.70725 53.70726 16.49125 98.49125 54.49125 20 102 54.03424 16.70378 102 54.70378 28 94.52837 50.52837 22.77419 96.77419 52.77419 28 102 51.15614 23.07788 102 53.07788 28.35027 94.35027 50.35027 28.78877 102 50.78877 -12 104.86388 52.86388 -12 110 52.99866 -4 107.04115 55.04115 -8.15347 105.84653 53.84653 -4 110 55.11175 -8.00838 110 53.99162 4 107.91793 55.91793 1.63461 107.63461 55.63461 4 110 55.96506 1.69752 110 55.69752 12 107.62912 55.62912 9.7202 107.7202 55.7202 12 110 55.6838 9.77012 110 55.77012 20 106.13159 54.13159 16.79775 106.79774 54.79775 20 110 54.2281 16.86091 110 54.86091 28 103.18594 51.18594 23.13452 105.13452 53.13452 28 110 51.37453 23.22717 110 53.22717 28.80248 102.80248 50.80248 28.93849 110 50.9385 -12 112.92781 52.92781 -12 118 52.79444 -4 114.9966 54.9966 -8.13209 113.86791 53.86791 -4 118 54.92488 -8.27685 118 53.72315 4 115.83333 55.83332 1.55556 115.55556 55.55556 4 118 55.78428 1.49049 118 55.49049 12 115.55746 55.55746 9.64653 115.64654 55.64653 12 118 55.50111 9.595 118 55.595 20 114.13091 54.13091 16.76755 114.76755 54.76755 20 118 54.03424 16.70378 118 54.70378 28 111.34093 51.34093 23.16995 113.16994 53.16994 28 118 51.15614 23.07788 118 53.07788 28.92276 110.92276 50.92276 28.78877 118 50.78877 -12 120.60424 52.60424 -12 126 52.17031 -4 122.60458 54.60458 -8.60527 121.39473 53.39473 -4 126 54.35554 -9.10013 126 52.89987 4 123.41516 55.41516 1.09699 123.09698 55.09699 4 126 55.23486 0.85943 126 54.85942 12 123.14786 55.14786 9.24839 123.24838 55.24839 12 126 54.94536 9.06277 126 55.06277 20 121.76672 53.76673 16.4416 122.4416 54.4416 20 126 53.4426 16.22572 126 54.22572 28 119.07486 51.07486 22.91913 120.91913 52.91913 28 126 50.48808 22.62275 126 52.62275 28.75026 118.75026 50.75026 28.33218 126 50.33218 -12 127.93183 51.93183 -12 134 51.0891 -4 129.89764 53.89764 -9.50956 128.49043 52.49044 -4 134 53.37381 -10.53724 134 51.46276 4 130.69476 54.69477 0.29786 130.29787 54.29786 4 134 54.29108 -0.23033 134 53.76967 12 130.43195 54.43195 8.55534 130.55534 54.55534 12 134 53.98932 8.14859 134 54.14859 20 129.07376 53.07375 15.84373 129.84373 53.84373 20 134 52.41984 15.40381 134 53.40381 28 126.43275 50.43275 22.40285 128.40285 52.40285 21.8384 134 51.83841 28.30577 126.30577 50.30577 -12 134.92549 50.9255 -4 136.88838 52.88838 -10.81796 135.18204 51.18204 -4 142 51.91878 4 137.68521 53.68521 -0.82559 137.17441 53.17441 4 142 52.89726 -1.85084 142 52.14915 12 137.4225 53.4225 7.57934 137.57935 53.57934 12 142 52.57549 6.79934 142 52.79934 20 136.06508 52.06507 14.98187 136.98187 52.98187 20 142 50.90041 14.19169 142 52.19169 21.63127 135.63127 51.63127 20.68311 142 50.68311 -4 143.59433 51.59433 -4 150 50.02053 4 144.40828 52.40827 -2.25671 143.7433 51.74329 4 150 51.04936 -3.97702 150 50.02298 12 144.14331 52.14331 6.34584 144.34584 52.34584 12 150 50.72406 5.01576 150 51.01576 20 142.75221 50.75222 13.88748 143.88748 51.88748 12.61971 150 50.61971 20.60403 142.60403 50.60403 -4 150.01703 50.01703 4 150.86961 50.86961 -3.98142 150.01857 50.01858 12 150.60127 50.60127 4.84928 150.84927 50.84927 12.53315 150.53314 50.53315 -12 22 59.50961 -4 22 62.02949 -9.9104 22 60.0896 4 22 62.02949 0.02949 22 62.02949 12 22 59.50961 7.20284 22 61.20284 12.99946 22 58.99946 -12 24.23322 60.23322 -12 30 62.29583 -4 27.88839 63.88839 -8.05791 25.94209 61.94209 -4 30 64.63715 -6.04643 30 63.95357 4 27.88839 63.88839 1.88839 27.88839 63.88839 4 30 64.63715 2.63714 30 64.63715 12 24.23322 60.23322 8.21145 26.21145 62.21144 12 30 62.29583 9.28017 30 63.28017 13.24661 23.24661 59.24661 14.848 30 60.848 -20 38 58.46123 -12 34.96506 62.96506 -12 38 63.4307 -18.90904 38 59.09096 -4 37.6339 65.6339 -4.59451 37.40549 65.40549 -4 38 65.68951 -4.468 38 65.532 4 37.6339 65.6339 3.6339 37.6339 65.6339 4 38 65.68951 3.68951 38 65.68951 12 34.96506 62.96506 9.86015 35.86015 63.86015 12 38 63.4307 10.11881 38 64.11881 15.10364 33.10365 61.10365 20 38 58.46123 15.6019 38 61.6019 20.26266 38 58.26266 -20 38.44085 58.44085 -20 46 58.044 -12 43.2011 63.2011 -19.02481 38.97519 58.97519 -12 46 63.05634 -19.89604 46 58.10395 -4 45.375 65.375 -4.92292 45.07708 65.07708 -4 46 65.34296 -4.98911 46 65.01089 4 45.375 65.375 3.375 45.375 65.375 4 46 65.34296 3.34296 46 65.34296 12 43.2011 63.2011 9.92723 43.92723 63.92723 12 46 63.05634 9.84269 46 63.84269 20 38.44534 58.44534 15.52846 41.52846 61.52846 20 46 58.12349 15.37413 46 61.37413 20.26352 38.26352 58.26352 20.07182 46 58.07182 -20 46.03631 58.03631 -12 50.16628 62.16628 -19.93391 46.06609 58.06609 -12 54 61.16141 -4 52.07531 64.07531 -6.66492 51.33508 63.33508 -4 54 63.56782 -7.63039 54 62.36961 4 52.09646 64.09646 2.09646 52.09646 64.09646 4 54 63.59999 1.59233 54 63.59233 12 50.24177 62.24177 9.12186 51.12186 63.12186 12 54 61.34747 8.51645 54 62.51645 20 46.10674 58.10674 15.08931 49.08931 61.08931 14.28994 54 60.28994 20.06818 46.06818 58.06818 -12 56.4035 60.4035 -12 62 58.23792 -4 58.2431 62.2431 -9.01938 56.98062 60.98062 -4 62 60.72356 -11.67473 62 58.32527 4 58.30927 62.30927 0.30021 58.30021 62.30021 4 62 60.89317 -1.22468 62 60.77532 12 56.62731 60.62731 7.74737 57.74737 61.74737 12 62 58.89127 6.39604 62 60.39603 14.00656 56.00656 60.00656 12.63241 62 58.63241 -12 62.17588 58.17588 -4 64.01625 60.01625 -11.78463 62.21537 58.21537 4 64.16991 60.16991 -1.93042 64.06958 60.06958 12 62.68667 58.68667 5.94027 63.94027 59.94027 12.54503 62.54503 58.54503</float_array>
<technique_common><accessor source="#foot-pos-array" count="3612" stride="3"><param name="X" type="float"/><param name="Y" type="float"/><param name="Z" type="float"/></accessor></technique_common></source>
<vertices id="foot-vtx"><input semantic="POSITION" source="#foot-pos"/></vertices>
<triangles count="7220"><input semantic="VERTEX" source="#foot-vtx" offset="0"/><p>0 1 2 0 3 1 0 4 3 0 5 4 0 6 5 0 2 6 7 8 9 7 10 8 7 11 10 1 3 11 1 11 7 1 12 2 1 7 12 7 9 12 13 14 15 13 16 14 13 17 16 8 10 17 8 17 13 8 18 9 8 13 18 13 15 18 19 20 21 19 22 20 19 23 22 14 16 23 14 23 19 14 24 15 14 19 24 19 21 24 20 22 25 20 25 21 4 26 3 4 27 26 27 28 26 27 29 28 27 30 29 27 31 30 4 5 31 4 31 27 11 32 10 11 33 32 33 34 32 33 35 34 26 28 35 26 35 33 26 33 3 3 33 11 17 36 16 17 37 36 37 38 36 37 39 38 32 34 39 32 39 37 32 37 10 10 37 17 23 40 22 23 41 40 41 42 40 41 43 42 36 38 43 36 43 41 36 41 16 16 41 23 40 42 44 40 44 45 40 45 22 22 45 25 29 46 28 29 47 46 47 48 46 47 49 48 47 50 49 47 51 50 29 30 51 29 51 47 35 52 34 35 53 52 53 54 52 53 55 54 46 48 55 46 55 53 46 53 28 28 53 35 39 56 38 39 57 56 57 58 56 57 59 58 52 54 59 52 59 57 52 57 34 34 57 39 43 60 42 43 61 60 61 62 60 61 63 62 56 58 63 56 63 61 56 61 38 38 61 43 60 62 64 60 64 65 60 65 42 42 65 44 49 66 48 49 67 66 67 68 66 67 69 68 67 70 69 67 71 70 49 50 71 49 71 67 55 72 54 55 73 72 73 74 72 73 75 74 66 68 75 66 75 73 66 73 48 48 73 55 59 76 58 59 77 76 77 78 76 77 79 78 72 74 79 72 79 77 72 77 54 54 77 59 63 80 62 63 81 80 81 82 80 81 83 82 76 78 83 76 83 81 76 81 58 58 81 63 80 82 84 80 84 85 80 85 62 62 85 64 69 86 68 69 70 86 75 87 74 75 88 87 88 89 87 88 90 89 88 91 90 68 86 91 68 91 88 68 88 75 79 92 78 79 93 92 93 94 92 93 95 94 87 89 95 87 95 93 87 93 74 74 93 79 83 96 82 92 94 97 92 97 98 92 98 78 78 98 96 78 96 83 82 96 99 82 99 84 90 100 89 90 91 100 95 101 94 95 102 101 102 103 101 102 104 103 102 105 104 89 100 105 89 105 102 89 102 95 101 103 106 101 106 107 101 107 94 94 107 97 104 108 103 104 105 108 103 108 109 103 109 106 110 111 112 110 113 111 110 114 113 110 115 114 110 116 115 110 112 116 111 113 117 111 117 112 118 119 120 118 121 119 118 122 121 118 123 122 118 124 123 118 120 124 114 125 113 114 126 125 126 127 125 126 128 127 119 121 128 119 128 126 119 129 120 119 126 129 114 115 129 114 129 126 130 131 132 130 133 131 130 134 133 125 127 134 125 134 130 125 130 113 113 132 117 113 130 132 131 133 135 131 135 132 122 136 121 122 137 136 137 138 136 137 139 138 137 140 139 137 141 140 122 123 141 122 141 137 128 142 127 128 143 142 143 144 142 143 145 144 136 138 145 136 145 143 136 143 121 121 143 128 134 146 133 134 147 146 147 148 146 147 149 148 142 144 149 142 149 147 142 147 127 127 147 134 146 148 150 146 150 151 146 151 133 133 151 135 139 152 138 139 153 152 153 154 152 153 155 154 153 156 155 153 157 156 139 140 157 139 157 153 145 158 144 145 159 158 159 160 158 159 161 160 152 154 161 152 161 159 152 159 138 138 159 145 149 162 148 149 163 162 163 164 162 163 165 164 158 160 165 158 165 163 158 163 144 144 163 149 166 167 168 166 169 167 166 170 169 162 164 170 162 170 166 162 166 148 148 168 150 148 166 168 167 169 171 167 171 168 155 172 154 155 173 172 173 174 172 173 175 174 173 176 175 173 177 176 155 156 177 155 177 173 161 178 160 161 179 178 179 180 178 179 181 180 172 174 181 172 181 179 172 179 154 154 179 161 165 182 164 165 183 182 183 184 182 183 185 184 178 180 185 178 185 183 178 183 160 160 183 165 170 186 169 182 184 187 182 187 188 182 188 164 164 188 186 164 186 170 169 186 189 169 189 171 175 190 174 175 191 190 191 192 190 191 193 192 191 194 193 191 195 194 175 176 195 175 195 191 181 196 180 181 197 196 197 198 196 197 199 198 190 192 199 190 199 197 190 197 174 174 197 181 185 200 184 185 201 200 201 202 200 201 203 202 196 198 203 196 203 201 196 201 180 180 201 185 200 202 204 200 204 205 200 205 184 184 205 187 193 206 192 193 194 206 199 207 198 199 208 207 208 209 207 208 210 209 208 211 210 192 206 211 192 211 208 192 208 199 203 212 202 203 213 212 213 214 212 213 215 214 207 209 215 207 215 213 207 213 198 198 213 203 212 214 216 212 216 217 212 217 202 202 217 204 210 218 209 210 219 218 219 220 218 219 221 220 219 222 221 219 223 222 210 211 223 210 223 219 215 224 214 215 225 224 225 226 224 225 227 226 218 220 227 218 227 225 218 225 209 209 225 215 224 226 228 224 228 229 224 229 214 214 229 216 230 231 232 230 233 231 230 234 233 230 235 234 230 236 235 230 232 236 221 237 220 221 238 237 238 239 237 238 240 239 231 233 240 231 240 238 231 241 232 231 238 241 221 222 241 221 241 238 227 242 226 227 243 242 243 244 242 243 245 244 237 239 245 237 245 243 237 243 220 220 243 227 242 244 246 242 246 247 242 247 226 226 247 228 234 248 233 234 249 248 249 250 248 249 251 250 249 252 251 249 253 252 234 235 253 234 253 249 240 254 239 240 255 254 255 256 254 255 257 256 248 250 257 248 257 255 248 255 233 233 255 240 245 258 244 245 259 258 259 260 258 259 261 260 254 256 261 254 261 259 254 259 239 239 259 245 262 263 264 262 265 263 262 266 265 258 260 266 258 266 262 258 262 244 244 264 246 244 262 264 263 265 267 263 267 264 251 268 250 251 269 268 269 270 268 269 271 270 269 272 271 269 273 272 251 252 273 251 273 269 257 274 256 257 275 274 275 276 274 275 277 276 268 270 277 268 277 275 268 275 250 250 275 257 261 278 260 261 279 278 279 280 278 279 281 280 274 276 281 274 281 279 274 279 256 256 279 261 266 282 265 266 283 282 283 284 282 283 285 284 278 280 285 278 285 283 278 283 260 260 283 266 282 284 286 282 286 287 282 287 265 265 287 267 288 289 290 288 291 289 288 292 291 288 293 292 288 294 293 288 290 294 271 295 270 271 296 295 296 297 295 296 298 297 289 291 298 289 298 296 289 299 290 289 296 299 271 272 299 271 299 296 277 300 276 277 301 300 301 302 300 301 303 302 295 297 303 295 303 301 295 301 270 270 301 277 281 304 280 281 305 304 305 306 304 305 307 306 300 302 307 300 307 305 300 305 276 276 305 281 285 308 284 285 309 308 309 310 308 309 311 310 304 306 311 304 311 309 304 309 280 280 309 285 312 313 314 312 315 313 312 316 315 308 310 316 308 316 312 308 312 284 284 314 286 284 312 314 313 315 317 313 317 314 292 318 291 292 319 318 319 320 318 319 321 320 319 322 321 319 323 322 292 293 323 292 323 319 298 324 297 298 325 324 325 326 324 325 327 326 318 320 327 318 327 325 318 325 291 291 325 298 303 328 302 303 329 328 329 330 328 329 331 330 324 326 331 324 331 329 324 329 297 297 329 303 307 332 306 307 333 332 333 334 332 333 335 334 328 330 335 328 335 333 328 333 302 302 333 307 311 336 310 311 337 336 337 338 336 337 339 338 332 334 339 332 339 337 332 337 306 306 337 311 316 340 315 316 341 340 341 342 340 341 343 342 336 338 343 336 343 341 336 341 310 310 341 316 340 342 344 340 344 345 340 345 315 315 345 317 321 346 320 321 347 346 347 348 346 347 349 348 347 350 349 347 351 350 321 322 351 321 351 347 327 352 326 327 353 352 353 354 352 353 355 354 346 348 355 346 355 353 346 353 320 320 353 327 331 356 330 331 357 356 357 358 356 357 359 358 352 354 359 352 359 357 352 357 326 326 357 331 335 360 334 335 361 360 361 362 360 361 363 362 356 358 363 356 363 361 356 361 330 330 361 335 339 364 338 339 365 364 365 366 364 365 367 366 360 362 367 360 367 365 360 365 334 334 365 339 343 368 342 343 369 368 369 370 368 369 371 370 364 366 371 364 371 369 364 369 338 338 369 343 368 370 372 368 372 373 368 373 342 342 373 344 349 374 348 349 375 374 375 376 374 375 377 376 375 378 377 375 379 378 349 350 379 349 379 375 355 380 354 355 381 380 381 382 380 381 383 382 374 376 383 374 383 381 374 381 348 348 381 355 359 384 358 359 385 384 385 386 384 385 387 386 380 382 387 380 387 385 380 385 354 354 385 359 363 388 362 363 389 388 389 390 388 389 391 390 384 386 391 384 391 389 384 389 358 358 389 363 367 392 366 367 393 392 393 394 392 393 395 394 388 390 395 388 395 393 388 393 362 362 393 367 371 396 370 371 397 396 397 398 396 397 399 398 392 394 399 392 399 397 392 397 366 366 397 371 396 398 400 396 400 401 396 401 370 370 401 372 377 402 376 377 403 402 403 404 402 403 405 404 403 406 405 403 407 406 377 378 407 377 407 403 383 408 382 383 409 408 409 410 408 409 411 410 402 404 411 402 411 409 402 409 376 376 409 383 387 412 386 387 413 412 413 414 412 413 415 414 408 410 415 408 415 413 408 413 382 382 413 387 391 416 390 391 417 416 417 418 416 417 419 418 412 414 419 412 419 417 412 417 386 386 417 391 395 420 394 395 421 420 421 422 420 421 423 422 416 418 423 416 423 421 416 421 390 390 421 395 399 424 398 420 422 425 420 425 426 420 426 394 394 426 424 394 424 399 398 424 427 398 427 400 405 428 404 405 429 428 429 430 428 429 431 430 429 432 431 429 433 432 405 406 433 405 433 429 411 434 410 411 435 434 435 436 434 435 437 436 428 430 437 428 437 435 428 435 404 404 435 411 415 438 414 415 439 438 439 440 438 439 441 440 434 436 441 434 441 439 434 439 410 410 439 415 419 442 418 419 443 442 443 444 442 443 445 444 438 440 445 438 445 443 438 443 414 414 443 419 423 446 422 423 447 446 447 448 446 447 449 448 442 444 449 442 449 447 442 447 418 418 447 423 446 448 450 446 450 451 446 451 422 422 451 425 431 452 430 431 453 452 453 454 452 453 455 454 453 456 455 453 457 456 431 432 457 431 457 453 437 458 436 437 459 458 459 460 458 459 461 460 452 454 461 452 461 459 452 459 430 430 459 437 441 462 440 441 463 462 463 464 462 463 465 464 458 460 465 458 465 463 458 463 436 436 463 441 445 466 444 445 467 466 467 468 466 467 469 468 462 464 469 462 469 467 462 467 440 440 467 445 449 470 448 449 471 470 471 472 470 471 473 472 466 468 473 466 473 471 466 471 444 444 471 449 470 472 474 470 474 475 470 475 448 448 475 450 455 476 454 455 477 476 477 478 476 477 479 478 477 480 479 477 481 480 455 456 481 455 481 477 461 482 460 461 483 482 483 484 482 483 485 484 476 478 485 476 485 483 476 483 454 454 483 461 465 486 464 465 487 486 487 488 486 487 489 488 482 484 489 482 489 487 482 487 460 460 487 465 469 490 468 469 491 490 491 492 490 491 493 492 486 488 493 486 493 491 486 491 464 464 491 469 473 494 472 473 495 494 495 496 494 495 497 496 490 492 497 490 497 495 490 495 468 468 495 473 494 496 498 494 498 499 494 499 472 472 499 474 479 500 478 479 501 500 501 502 500 501 503 502 501 504 503 501 505 504 479 480 505 479 505 501 485 506 484 485 507 506 507 508 506 507 509 508 500 502 509 500 509 507 500 507 478 478 507 485 489 510 488 489 511 510 511 512 510 511 513 512 506 508 513 506 513 511 506 511 484 484 511 489 493 514 492 493 515 514 515 516 514 515 517 516 510 512 517 510 517 515 510 515 488 488 515 493 497 518 496 514 516 519 514 519 520 514 520 492 492 520 518 492 518 497 496 518 521 496 521 498 503 522 502 503 504 522 509 523 508 502 522 524 502 524 523 502 523 509 513 525 512 508 523 526 508 526 525 508 525 513 517 527 516 512 525 528 512 528 527 512 527 517 516 527 529 516 529 519 530 531 532 530 533 531 530 534 533 530 535 534 530 536 535 530 532 536 537 538 539 537 540 538 537 541 540 531 533 541 531 541 537 531 542 532 531 537 542 537 539 542 543 544 545 543 546 544 543 547 546 538 540 547 538 547 543 538 548 539 538 543 548 543 545 548 549 550 551 549 552 550 549 553 552 544 546 553 544 553 549 544 554 545 544 549 554 549 551 554 550 552 555 550 555 551 534 556 533 534 557 556 557 558 556 557 559 558 557 560 559 557 561 560 534 535 561 534 561 557 541 562 540 541 563 562 563 564 562 563 565 564 556 558 565 556 565 563 556 563 533 533 563 541 547 566 546 547 567 566 567 568 566 567 569 568 562 564 569 562 569 567 562 567 540 540 567 547 553 570 552 553 571 570 571 572 570 571 573 572 566 568 573 566 573 571 566 571 546 546 571 553 570 572 574 570 574 575 570 575 552 552 575 555 576 577 578 576 579 577 576 580 579 576 581 580 576 582 581 576 578 582 559 583 558 559 584 583 6 2 583 6 583 584 6 585 5 6 584 585 577 579 585 577 585 584 577 586 578 577 584 586 559 560 586 559 586 584 565 587 564 565 588 587 12 9 587 12 587 588 12 588 2 2 588 583 583 588 558 558 588 565 569 589 568 569 590 589 18 15 589 18 589 590 18 590 9 9 590 587 587 590 564 564 590 569 573 591 572 573 592 591 24 21 591 24 591 592 24 592 15 15 592 589 589 592 568 568 592 573 593 594 595 593 596 594 21 25 596 21 596 593 21 593 591 591 593 572 572 595 574 572 593 595 594 596 597 594 597 595 580 598 579 580 599 598 599 600 598 599 601 600 599 602 601 599 603 602 580 581 603 580 603 599 585 604 5 5 604 31 31 605 30 31 604 605 598 600 605 598 605 604 598 604 579 579 604 585 25 606 596 25 45 607 25 607 606 45 44 607 606 607 608 606 608 609 606 609 596 596 609 597 601 610 600 601 611 610 611 612 610 611 613 612 611 614 613 611 615 614 601 602 615 601 615 611 605 616 30 30 616 51 51 617 50 51 616 617 610 612 617 610 617 616 610 616 600 600 616 605 44 618 607 44 65 619 44 619 618 65 64 619 618 619 620 618 620 621 618 621 607 607 621 608 613 622 612 613 623 622 623 624 622 623 625 624 623 626 625 623 627 626 613 614 627 613 627 623 617 628 50 50 628 71 71 629 70 71 628 629 622 624 629 622 629 628 622 628 612 612 628 617 64 630 619 64 85 631 64 631 630 85 84 631 630 631 632 630 632 633 630 633 619 619 633 620 625 634 624 625 635 634 635 636 634 635 637 636 635 638 637 635 639 638 625 626 639 625 639 635 629 640 70 70 641 86 70 640 641 640 642 641 634 636 642 634 642 640 634 640 624 624 640 629 86 643 91 86 641 643 98 644 96 98 97 644 84 645 631 84 99 646 84 646 645 99 96 647 99 647 646 96 644 647 645 646 648 645 648 649 645 649 631 631 649 632 637 650 636 637 651 650 651 652 650 651 653 652 651 654 653 651 655 654 637 638 655 637 655 651 642 656 641 642 657 656 657 658 656 657 659 658 650 652 659 650 659 657 650 657 636 636 657 642 643 660 91 91 661 100 91 660 661 660 662 661 656 658 662 656 662 660 656 660 641 641 660 643 100 663 105 100 661 663 97 664 644 97 107 665 97 665 664 107 106 665 647 666 646 647 667 666 667 668 666 667 669 668 664 665 669 664 669 667 664 667 644 644 667 647 670 671 672 670 673 671 670 674 673 666 668 674 666 674 670 666 670 646 646 672 648 646 670 672 671 673 675 671 675 672 653 676 652 653 654 676 659 677 658 659 678 677 678 679 677 678 680 679 678 681 680 652 676 681 652 681 678 652 678 659 662 682 661 662 683 682 683 684 682 683 685 684 677 679 685 677 685 683 677 683 658 658 683 662 663 686 105 105 687 108 105 686 687 686 688 687 682 684 688 682 688 686 682 686 661 661 686 663 106 689 665 106 109 690 106 690 689 109 108 691 109 691 690 108 687 691 669 692 668 669 693 692 693 694 692 693 695 694 689 690 695 689 695 693 689 693 665 665 693 669 674 696 673 674 697 696 697 698 696 697 699 698 692 694 699 692 699 697 692 697 668 668 697 674 696 698 700 696 700 701 696 701 673 673 701 675 680 702 679 680 703 702 703 704 702 703 705 704 703 706 705 703 707 706 680 681 707 680 707 703 685 708 684 685 709 708 709 710 708 709 711 710 702 704 711 702 711 709 702 709 679 679 709 685 688 712 687 688 713 712 116 112 712 116 712 713 116 714 115 116 713 714 708 710 714 708 714 713 708 713 684 684 713 688 691 715 690 691 716 715 716 717 715 112 117 717 112 717 716 112 716 712 712 716 687 687 716 691 695 718 694 695 719 718 719 720 718 719 721 720 715 717 721 715 721 719 715 719 690 690 719 695 699 722 698 699 723 722 723 724 722 723 725 724 718 720 725 718 725 723 718 723 694 694 723 699 722 724 726 722 726 727 722 727 698 698 727 700 728 729 730 728 731 729 728 732 731 728 733 732 728 734 733 728 730 734 705 735 704 705 736 735 736 737 735 736 738 737 729 731 738 729 738 736 729 739 730 729 736 739 705 706 739 705 739 736 711 740 710 711 741 740 124 120 740 124 740 741 124 742 123 124 741 742 735 737 742 735 742 741 735 741 704 704 741 711 714 743 115 115 743 129 129 743 120 120 743 740 740 743 710 710 743 714 117 744 717 117 132 744 721 745 720 721 746 745 746 747 745 132 135 747 132 747 746 132 746 744 744 746 717 717 746 721 725 748 724 725 749 748 749 750 748 749 751 750 745 747 751 745 751 749 745 749 720 720 749 725 748 750 752 748 752 753 748 753 724 724 753 726 732 754 731 732 733 754 738 755 737 738 756 755 756 757 755 756 758 757 756 759 758 731 754 759 731 759 756 731 756 738 742 760 123 123 760 141 141 761 140 141 760 761 755 757 761 755 761 760 755 760 737 737 760 742 135 762 747 135 151 763 135 763 762 151 150 763 751 764 750 751 765 764 765 766 764 765 767 766 762 763 767 762 767 765 762 765 747 747 765 751 768 769 770 768 771 769 768 772 771 764 766 772 764 772 768 764 768 750 750 770 752 750 768 770 769 771 773 769 773 770 758 774 757 758 775 774 775 776 774 775 777 776 775 778 777 775 779 778 758 759 779 758 779 775 761 780 140 140 780 157 157 781 156 157 780 781 774 776 781 774 781 780 774 780 757 757 780 761 150 782 763 150 168 782 767 783 766 767 784 783 784 785 783 168 171 785 168 785 784 168 784 782 782 784 763 763 784 767 772 786 771 772 787 786 787 788 786 787 789 788 783 785 789 783 789 787 783 787 766 766 787 772 786 788 790 786 790 791 786 791 771 771 791 773 777 792 776 777 793 792 793 794 792 793 795 794 793 796 795 793 797 796 777 778 797 777 797 793 781 798 156 156 798 177 177 799 176 177 798 799 792 794 799 792 799 798 792 798 776 776 798 781 188 800 186 188 187 800 171 801 785 171 189 802 171 802 801 189 186 803 189 803 802 186 800 803 789 804 788 789 805 804 805 806 804 805 807 806 801 802 807 801 807 805 801 805 785 785 805 789 804 806 808 804 808 809 804 809 788 788 809 790 795 810 794 795 811 810 811 812 810 811 813 812 811 814 813 811 815 814 795 796 815 795 815 811 799 816 176 176 816 195 195 817 194 195 816 817 810 812 817 810 817 816 810 816 794 794 816 799 187 818 800 187 205 819 187 819 818 205 204 819 803 820 802 803 821 820 821 822 820 821 823 822 818 819 823 818 823 821 818 821 800 800 821 803 807 824 806 820 822 825 820 825 826 820 826 802 802 826 824 802 824 807 806 824 827 806 827 808 813 828 812 813 829 828 829 830 828 829 831 830 829 832 831 829 833 832 813 814 833 813 833 829 817 834 194 194 835 206 194 834 835 834 836 835 828 830 836 828 836 834 828 834 812 812 834 817 206 837 211 206 835 837 204 838 819 204 217 839 204 839 838 217 216 839 823 840 822 823 841 840 841 842 840 841 843 842 838 839 843 838 843 841 838 841 819 819 841 823 840 842 844 840 844 845 840 845 822 822 845 825 846 847 848 846 849 847 846 850 849 846 851 850 846 852 851 846 848 852 831 853 830 831 854 853 854 855 853 854 856 855 847 849 856 847 856 854 847 857 848 847 854 857 831 832 857 831 857 854 836 858 835 836 859 858 859 860 858 859 861 860 853 855 861 853 861 859 853 859 830 830 859 836 837 862 211 211 862 223 223 863 222 223 862 863 858 860 863 858 863 862 858 862 835 835 862 837 216 864 839 216 229 865 216 865 864 229 228 865 843 866 842 843 867 866 867 868 866 867 869 868 864 865 869 864 869 867 864 867 839 839 867 843 866 868 870 866 870 871 866 871 842 842 871 844 850 872 849 850 873 872 873 874 872 873 875 874 873 876 875 873 877 876 850 851 877 850 877 873 856 878 855 856 879 878 879 880 878 879 881 880 872 874 881 872 881 879 872 879 849 849 879 856 861 882 860 861 883 882 236 232 882 236 882 883 236 884 235 236 883 884 878 880 884 878 884 883 878 883 855 855 883 861 863 885 222 222 885 241 241 885 232 232 885 882 882 885 860 860 885 863 228 886 865 228 247 887 228 887 886 247 246 887 869 888 868 869 889 888 889 890 888 889 891 890 886 887 891 886 891 889 886 889 865 865 889 869 892 893 894 892 895 893 892 896 895 888 890 896 888 896 892 888 892 868 868 894 870 868 892 894 893 895 897 893 897 894 875 898 874 875 899 898 899 900 898 899 901 900 899 902 901 899 903 902 875 876 903 875 903 899 881 904 880 881 905 904 905 906 904 905 907 906 898 900 907 898 907 905 898 905 874 874 905 881 884 908 235 235 908 253 253 909 252 253 908 909 904 906 909 904 909 908 904 908 880 880 908 884 246 910 887 246 264 910 891 911 890 891 912 911 912 913 911 264 267 913 264 913 912 264 912 910 910 912 887 887 912 891 896 914 895 896 915 914 915 916 914 915 917 916 911 913 917 911 917 915 911 915 890 890 915 896 914 916 918 914 918 919 914 919 895 895 919 897 920 921 922 920 923 921 920 924 923 920 925 924 920 926 925 920 922 926 901 927 900 901 928 927 928 929 927 928 930 929 921 923 930 921 930 928 921 931 922 921 928 931 901 902 931 901 931 928 907 932 906 907 933 932 933 934 932 933 935 934 927 929 935 927 935 933 927 933 900 900 933 907 909 936 252 252 936 273 273 937 272 273 936 937 932 934 937 932 937 936 932 936 906 906 936 909 267 938 913 267 287 939 267 939 938 287 286 939 917 940 916 917 941 940 941 942 940 941 943 942 938 939 943 938 943 941 938 941 913 913 941 917 944 945 946 944 947 945 944 948 947 940 942 948 940 948 944 940 944 916 916 946 918 916 944 946 945 947 949 945 949 946 924 950 923 924 951 950 951 952 950 951 953 952 951 954 953 951 955 954 924 925 955 924 955 951 930 956 929 930 957 956 957 958 956 957 959 958 950 952 959 950 959 957 950 957 923 923 957 930 935 960 934 935 961 960 294 290 960 294 960 961 294 962 293 294 961 962 956 958 962 956 962 961 956 961 929 929 961 935 937 963 272 272 963 299 299 963 290 290 963 960 960 963 934 934 963 937 286 964 939 286 314 964 943 965 942 943 966 965 966 967 965 314 317 967 314 967 966 314 966 964 964 966 939 939 966 943 948 968 947 948 969 968 969 970 968 969 971 970 965 967 971 965 971 969 965 969 942 942 969 948 968 970 972 968 972 973 968 973 947 947 973 949 953 974 952 953 975 974 975 976 974 975 977 976 975 978 977 975 979 978 953 954 979 953 979 975 959 980 958 959 981 980 981 982 980 981 983 982 974 976 983 974 983 981 974 981 952 952 981 959 962 984 293 293 984 323 323 985 322 323 984 985 980 982 985 980 985 984 980 984 958 958 984 962 317 986 967 317 345 987 317 987 986 345 344 987 971 988 970 971 989 988 989 990 988 989 991 990 986 987 991 986 991 989 986 989 967 967 989 971 988 990 992 988 992 993 988 993 970 970 993 972 977 994 976 977 995 994 995 996 994 995 997 996 995 998 997 995 999 998 977 978 999 977 999 995 983 1000 982 983 1001 1000 1001 1002 1000 1001 1003 1002 994 996 1003 994 1003 1001 994 1001 976 976 1001 983 985 1004 322 322 1004 351 351 1005 350 351 1004 1005 1000 1002 1005 1000 1005 1004 1000 1004 982 982 1004 985 344 1006 987 344 373 1007 344 1007 1006 373 372 1007 991 1008 990 991 1009 1008 1009 1010 1008 1009 1011 1010 1006 1007 1011 1006 1011 1009 1006 1009 987 987 1009 991 1008 1010 1012 1008 1012 1013 1008 1013 990 990 1013 992 997 1014 996 997 1015 1014 1015 1016 1014 1015 1017 1016 1015 1018 1017 1015 1019 1018 997 998 1019 997 1019 1015 1003 1020 1002 1003 1021 1020 1021 1022 1020 1021 1023 1022 1014 1016 1023 1014 1023 1021 1014 1021 996 996 1021 1003 1005 1024 350 350 1024 379 379 1025 378 379 1024 1025 1020 1022 1025 1020 1025 1024 1020 1024 1002 1002 1024 1005 372 1026 1007 372 401 1027 372 1027 1026 401 400 1027 1011 1028 1010 1011 1029 1028 1029 1030 1028 1029 1031 1030 1026 1027 1031 1026 1031 1029 1026 1029 1007 1007 1029 1011 1028 1030 1032 1028 1032 1033 1028 1033 1010 1010 1033 1012 1017 1034 1016 1017 1035 1034 1035 1036 1034 1035 1037 1036 1035 1038 1037 1035 1039 1038 1017 1018 1039 1017 1039 1035 1023 1040 1022 1023 1041 1040 1041 1042 1040 1041 1043 1042 1034 1036 1043 1034 1043 1041 1034 1041 1016 1016 1041 1023 1025 1044 378 378 1044 407 407 1045 406 407 1044 1045 1040 1042 1045 1040 1045 1044 1040 1044 1022 1022 1044 1025 426 1046 424 426 425 1046 400 1047 1027 400 427 1048 400 1048 1047 427 424 1049 427 1049 1048 424 1046 1049 1031 1050 1030 1047 1048 1051 1047 1051 1052 1047 1052 1027 1027 1052 1050 1027 1050 1031 1030 1050 1053 1030 1053 1032 1037 1054 1036 1037 1055 1054 1055 1056 1054 1055 1057 1056 1055 1058 1057 1055 1059 1058 1037 1038 1059 1037 1059 1055 1043 1060 1042 1043 1061 1060 1061 1062 1060 1061 1063 1062 1054 1056 1063 1054 1063 1061 1054 1061 1036 1036 1061 1043 1045 1064 406 406 1064 433 433 1065 432 433 1064 1065 1060 1062 1065 1060 1065 1064 1060 1064 1042 1042 1064 1045 425 1066 1046 425 451 1067 425 1067 1066 451 450 1067 1049 1068 1048 1049 1069 1068 1069 1070 1068 1069 1071 1070 1066 1067 1071 1066 1071 1069 1066 1069 1046 1046 1069 1049 1068 1070 1072 1068 1072 1073 1068 1073 1048 1048 1073 1051 1074 1075 1076 1074 1077 1075 1074 1078 1077 1074 1079 1078 1074 1080 1079 1074 1076 1080 1057 1081 1056 1057 1082 1081 1082 1083 1081 1082 1084 1083 1075 1077 1084 1075 1084 1082 1075 1085 1076 1075 1082 1085 1057 1058 1085 1057 1085 1082 1063 1086 1062 1063 1087 1086 1087 1088 1086 1087 1089 1088 1081 1083 1089 1081 1089 1087 1081 1087 1056 1056 1087 1063 1065 1090 432 432 1090 457 457 1091 456 457 1090 1091 1086 1088 1091 1086 1091 1090 1086 1090 1062 1062 1090 1065 450 1092 1067 450 475 1093 450 1093 1092 475 474 1093 1071 1094 1070 1071 1095 1094 1095 1096 1094 1095 1097 1096 1092 1093 1097 1092 1097 1095 1092 1095 1067 1067 1095 1071 1094 1096 1098 1094 1098 1099 1094 1099 1070 1070 1099 1072 1078 1100 1077 1078 1101 1100 1101 1102 1100 1101 1103 1102 1101 1104 1103 1101 1105 1104 1078 1079 1105 1078 1105 1101 1084 1106 1083 1084 1107 1106 1107 1108 1106 1107 1109 1108 1100 1102 1109 1100 1109 1107 1100 1107 1077 1077 1107 1084 1089 1110 1088 1089 1111 1110 1111 1112 1110 1111 1113 1112 1106 1108 1113 1106 1113 1111 1106 1111 1083 1083 1111 1089 1091 1114 456 456 1114 481 481 1115 480 481 1114 1115 1110 1112 1115 1110 1115 1114 1110 1114 1088 1088 1114 1091 474 1116 1093 474 499 1117 474 1117 1116 499 498 1117 1097 1118 1096 1097 1119 1118 1119 1120 1118 1119 1121 1120 1116 1117 1121 1116 1121 1119 1116 1119 1093 1093 1119 1097 1118 1120 1122 1118 1122 1123 1118 1123 1096 1096 1123 1098 1103 1124 1102 1103 1104 1124 1109 1125 1108 1109 1126 1125 1126 1127 1125 1126 1128 1127 1126 1129 1128 1102 1124 1129 1102 1129 1126 1102 1126 1109 1113 1130 1112 1113 1131 1130 1131 1132 1130 1131 1133 1132 1125 1127 1133 1125 1133 1131 1125 1131 1108 1108 1131 1113 1115 1134 480 480 1134 505 505 1135 504 505 1134 1135 1130 1132 1135 1130 1135 1134 1130 1134 1112 1112 1134 1115 520 1136 518 520 519 1136 498 1137 1117 498 521 1138 498 1138 1137 521 518 1139 521 1139 1138 518 1136 1139 1121 1140 1120 1121 1141 1140 1141 1142 1140 1141 1143 1142 1137 1138 1143 1137 1143 1141 1137 1141 1117 1117 1141 1121 1140 1142 1144 1140 1144 1145 1140 1145 1120 1120 1145 1122 1128 1146 1127 1128 1129 1146 1133 1147 1132 1133 1148 1147 1148 1149 1147 1148 1150 1149 1148 1151 1150 1127 1146 1151 1127 1151 1148 1127 1148 1133 1135 1152 504 504 1153 522 504 1152 1153 1152 1154 1153 1147 1149 1154 1147 1154 1152 1147 1152 1132 1132 1152 1135 524 1155 523 524 522 1156 524 1156 1155 522 1153 1156 526 1157 525 526 523 1158 526 1158 1157 523 1155 1158 528 1159 527 528 525 1160 528 1160 1159 525 1157 1160 519 1161 1136 519 529 1162 519 1162 1161 529 527 1163 529 1163 1162 527 1159 1163 1139 1164 1138 1139 1165 1164 1165 1166 1164 1165 1167 1166 1161 1162 1167 1161 1167 1165 1161 1165 1136 1136 1165 1139 1143 1168 1142 1164 1166 1169 1164 1169 1170 1164 1170 1138 1138 1170 1168 1138 1168 1143 1142 1168 1171 1142 1171 1144 1150 1172 1149 1150 1151 1172 1154 1173 1153 1149 1172 1174 1149 1174 1173 1149 1173 1154 1156 1175 1155 1153 1173 1176 1153 1176 1175 1153 1175 1156 1158 1177 1157 1155 1175 1178 1155 1178 1177 1155 1177 1158 1160 1179 1159 1157 1177 1180 1157 1180 1179 1157 1179 1160 1163 1181 1162 1159 1179 1182 1159 1182 1181 1159 1181 1163 1167 1183 1166 1162 1181 1184 1162 1184 1183 1162 1183 1167 1166 1183 1185 1166 1185 1169 1186 1187 1188 1186 1189 1187 1186 1190 1189 1186 1191 1190 1186 1192 1191 1186 1188 1192 1193 1194 1195 1193 1196 1194 1193 1197 1196 1187 1189 1197 1187 1197 1193 1187 1198 1188 1187 1193 1198 1193 1195 1198 1194 1196 1199 1194 1199 1195 1200 1201 1202 1200 1203 1201 1200 1204 1203 1200 1205 1204 1200 1206 1205 1200 1202 1206 1207 1208 1209 536 532 1208 536 1208 1207 536 1210 535 536 1207 1210 1201 1203 1210 1201 1210 1207 1201 1211 1202 1201 1207 1211 1207 1209 1211 1190 1212 1189 1190 1213 1212 542 539 1212 542 1212 1213 542 1213 532 532 1213 1208 1208 1214 1209 1208 1213 1214 1190 1191 1214 1190 1214 1213 1197 1215 1196 1197 1216 1215 548 545 1215 548 1215 1216 548 1216 539 539 1216 1212 1212 1216 1189 1189 1216 1197 1217 1218 1219 554 551 1218 554 1218 1217 554 1217 545 545 1217 1215 1215 1217 1196 1196 1219 1199 1196 1217 1219 1220 1221 1222 1220 1223 1221 551 555 1223 551 1223 1220 551 1220 1218 1218 1224 1219 1218 1220 1224 1220 1222 1224 1221 1223 1225 1221 1225 1222 1204 1226 1203 1204 1227 1226 1227 1228 1226 1227 1229 1228 1227 1230 1229 1227 1231 1230 1204 1205 1231 1204 1231 1227 1210 1232 535 535 1232 561 561 1233 560 561 1232 1233 1226 1228 1233 1226 1233 1232 1226 1232 1203 1203 1232 1210 555 1234 1223 555 575 1235 555 1235 1234 575 574 1235 1234 1235 1236 1234 1236 1237 1234 1237 1223 1223 1237 1225 1238 1239 1240 1238 1241 1239 1238 1242 1241 1238 1243 1242 1238 1244 1243 1238 1240 1244 1229 1245 1228 1229 1246 1245 582 578 1245 582 1245 1246 582 1247 581 582 1246 1247 1239 1241 1247 1239 1247 1246 1239 1248 1240 1239 1246 1248 1229 1230 1248 1229 1248 1246 1233 1249 560 560 1249 586 586 1249 578 578 1249 1245 1245 1249 1228 1228 1249 1233 574 1250 1235 574 595 1250 1251 1252 1253 1251 1254 1252 595 597 1254 595 1254 1251 595 1251 1250 1250 1251 1235 1235 1253 1236 1235 1251 1253 1252 1254 1255 1252 1255 1253 1242 1256 1241 1242 1257 1256 1257 1258 1256 1257 1259 1258 1257 1260 1259 1257 1261 1260 1242 1243 1261 1242 1261 1257 1247 1262 581 581 1262 603 603 1263 602 603 1262 1263 1256 1258 1263 1256 1263 1262 1256 1262 1241 1241 1262 1247 597 1264 1254 597 609 1265 597 1265 1264 609 608 1265 1264 1265 1266 1264 1266 1267 1264 1267 1254 1254 1267 1255 1259 1268 1258 1259 1269 1268 1269 1270 1268 1269 1271 1270 1269 1272 1271 1269 1273 1272 1259 1260 1273 1259 1273 1269 1263 1274 602 602 1274 615 615 1275 614 615 1274 1275 1268 1270 1275 1268 1275 1274 1268 1274 1258 1258 1274 1263 608 1276 1265 608 621 1277 608 1277 1276 621 620 1277 1276 1277 1278 1276 1278 1279 1276 1279 1265 1265 1279 1266 1271 1280 1270 1271 1281 1280 1281 1282 1280 1281 1283 1282 1281 1284 1283 1281 1285 1284 1271 1272 1285 1271 1285 1281 1275 1286 614 614 1286 627 627 1287 626 627 1286 1287 1280 1282 1287 1280 1287 1286 1280 1286 1270 1270 1286 1275 620 1288 1277 620 633 1289 620 1289 1288 633 632 1289 1288 1289 1290 1288 1290 1291 1288 1291 1277 1277 1291 1278 1283 1292 1282 1283 1284 1292 1287 1293 626 626 1293 639 639 1294 638 639 1293 1294 1293 1295 1294 1282 1292 1295 1282 1295 1293 1282 1293 1287 632 1296 1289 632 649 1297 632 1297 1296 649 648 1297 1296 1297 1298 1296 1298 1299 1296 1299 1289 1289 1299 1290 1294 1300 638 638 1300 655 655 1301 654 655 1300 1301 1300 1302 1301 1300 1303 1302 1294 1295 1303 1294 1303 1300 648 1304 1297 648 672 1304 672 675 1305 672 1305 1306 672 1306 1304 1304 1306 1307 1304 1307 1297 1297 1307 1298 1301 1308 654 654 1309 676 654 1308 1309 1308 1310 1309 1308 1311 1310 1308 1312 1311 1301 1302 1312 1301 1312 1308 676 1313 681 676 1309 1313 1305 675 1314 1305 1314 1315 675 701 1316 675 1316 1314 701 700 1316 1305 1315 1306 1314 1316 1317 1314 1317 1315 1318 1319 1320 1318 1321 1319 1318 1322 1321 1318 1323 1322 1318 1324 1323 1318 1320 1324 1310 1325 1309 1310 1326 1325 1326 1327 1325 1326 1328 1327 1319 1321 1328 1319 1328 1326 1319 1329 1320 1319 1326 1329 1310 1311 1329 1310 1329 1326 1313 1330 681 681 1330 707 707 1331 706 707 1330 1331 1325 1327 1331 1325 1331 1330 1325 1330 1309 1309 1330 1313 700 1332 1316 700 727 1333 700 1333 1332 727 726 1333 1332 1333 1334 1332 1334 1335 1332 1335 1316 1316 1335 1317 1322 1336 1321 1322 1337 1336 1337 1338 1336 1337 1339 1338 1337 1340 1339 1337 1341 1340 1322 1323 1341 1322 1341 1337 1328 1342 1327 1328 1343 1342 734 730 1342 734 1342 1343 734 1344 733 734 1343 1344 1336 1338 1344 1336 1344 1343 1336 1343 1321 1321 1343 1328 1331 1345 706 706 1345 739 739 1345 730 730 1345 1342 1342 1345 1327 1327 1345 1331 726 1346 1333 726 753 1347 726 1347 1346 753 752 1347 1346 1347 1348 1346 1348 1349 1346 1349 1333 1333 1349 1334 1339 1350 1338 1339 1351 1350 1351 1352 1350 1351 1353 1352 1351 1354 1353 1351 1355 1354 1339 1340 1355 1339 1355 1351 1344 1356 733 733 1357 754 733 1356 1357 1356 1358 1357 1350 1352 1358 1350 1358 1356 1350 1356 1338 1338 1356 1344 754 1359 759 754 1357 1359 752 1360 1347 752 770 1360 770 773 1361 770 1361 1362 770 1362 1360 1360 1362 1363 1360 1363 1347 1347 1363 1348 1353 1364 1352 1353 1365 1364 1365 1366 1364 1365 1367 1366 1365 1368 1367 1365 1369 1368 1353 1354 1369 1353 1369 1365 1358 1370 1357 1358 1371 1370 1371 1372 1370 1371 1373 1372 1364 1366 1373 1364 1373 1371 1364 1371 1352 1352 1371 1358 1359 1374 759 759 1374 779 779 1375 778 779 1374 1375 1370 1372 1375 1370 1375 1374 1370 1374 1357 1357 1374 1359 1361 773 1376 773 791 1376 791 1377 1376 791 790 1377 1376 1377 1378 1376 1378 1379 1361 1376 1379 1361 1379 1362 1367 1380 1366 1367 1381 1380 1381 1382 1380 1381 1383 1382 1381 1384 1383 1381 1385 1384 1367 1368 1385 1367 1385 1381 1373 1386 1372 1373 1387 1386 1387 1388 1386 1387 1389 1388 1380 1382 1389 1380 1389 1387 1380 1387 1366 1366 1387 1373 1375 1390 778 778 1390 797 797 1391 796 797 1390 1391 1386 1388 1391 1386 1391 1390 1386 1390 1372 1372 1390 1375 1377 790 1392 790 809 1392 809 1393 1392 809 808 1393 1392 1393 1394 1392 1394 1395 1377 1392 1395 1377 1395 1378 1383 1396 1382 1383 1397 1396 1397 1398 1396 1397 1399 1398 1397 1400 1399 1397 1401 1400 1383 1384 1401 1383 1401 1397 1389 1402 1388 1389 1403 1402 1403 1404 1402 1403 1405 1404 1396 1398 1405 1396 1405 1403 1396 1403 1382 1382 1403 1389 1391 1406 796 796 1406 815 815 1407 814 815 1406 1407 1402 1404 1407 1402 1407 1406 1402 1406 1388 1388 1406 1391 826 1408 824 826 825 1408 1393 808 1409 808 827 1409 827 824 1409 824 1410 1409 824 1408 1410 1409 1410 1411 1393 1409 1411 1393 1411 1394 1399 1412 1398 1399 1413 1412 1413 1414 1412 1413 1415 1414 1413 1416 1415 1413 1417 1416 1399 1400 1417 1399 1417 1413 1405 1418 1404 1405 1419 1418 1419 1420 1418 1419 1421 1420 1412 1414 1421 1412 1421 1419 1412 1419 1398 1398 1419 1405 1407 1422 814 814 1422 833 833 1423 832 833 1422 1423 1418 1420 1423 1418 1423 1422 1418 1422 1404 1404 1422 1407 825 1424 1408 825 845 1425 825 1425 1424 845 844 1425 1424 1425 1426 1424 1426 1427 1424 1427 1408 1408 1427 1410 1415 1428 1414 1415 1429 1428 1429 1430 1428 1429 1431 1430 1429 1432 1431 1429 1433 1432 1415 1416 1433 1415 1433 1429 1421 1434 1420 1421 1435 1434 852 848 1434 852 1434 1435 852 1436 851 852 1435 1436 1428 1430 1436 1428 1436 1435 1428 1435 1414 1414 1435 1421 1423 1437 832 832 1437 857 857 1437 848 848 1437 1434 1434 1437 1420 1420 1437 1423 844 1438 1425 844 871 1439 844 1439 1438 871 870 1439 1438 1439 1440 1438 1440 1441 1438 1441 1425 1425 1441 1426 1431 1442 1430 1431 1443 1442 1443 1444 1442 1443 1445 1444 1443 1446 1445 1443 1447 1446 1431 1432 1447 1431 1447 1443 1436 1448 851 851 1448 877 877 1449 876 877 1448 1449 1442 1444 1449 1442 1449 1448 1442 1448 1430 1430 1448 1436 870 1450 1439 870 894 1450 894 897 1451 894 1451 1452 894 1452 1450 1450 1452 1453 1450 1453 1439 1439 1453 1440 1445 1454 1444 1445 1455 1454 1455 1456 1454 1455 1457 1456 1455 1458 1457 1455 1459 1458 1445 1446 1459 1445 1459 1455 1449 1460 876 876 1460 903 903 1461 902 903 1460 1461 1454 1456 1461 1454 1461 1460 1454 1460 1444 1444 1460 1449 1451 897 1462 1451 1462 1463 897 919 1464 897 1464 1462 919 918 1464 1451 1463 1452 1462 1464 1465 1462 1465 1463 1457 1466 1456 1457 1467 1466 926 922 1466 926 1466 1467 926 1468 925 926 1467 1468 1467 1469 1468 1467 1470 1469 1457 1458 1470 1457 1470 1467 1461 1471 902 902 1471 931 931 1471 922 922 1471 1466 1466 1471 1456 1456 1471 1461 918 1472 1464 918 946 1472 946 949 1473 946 1473 1474 946 1474 1472 1472 1474 1475 1472 1475 1464 1464 1475 1465 1476 1477 1478 1476 1479 1477 1476 1480 1479 1476 1481 1480 1476 1482 1481 1476 1478 1482 1468 1483 925 925 1483 955 955 1484 954 955 1483 1484 1477 1479 1484 1477 1484 1483 1477 1485 1478 1477 1483 1485 1468 1469 1485 1468 1485 1483 1473 949 1486 1473 1486 1487 949 973 1488 949 1488 1486 973 972 1488 1473 1487 1474 1486 1488 1489 1486 1489 1487 1480 1490 1479 1480 1491 1490 1491 1492 1490 1491 1493 1492 1491 1494 1493 1491 1495 1494 1480 1481 1495 1480 1495 1491 1484 1496 954 954 1496 979 979 1497 978 979 1496 1497 1490 1492 1497 1490 1497 1496 1490 1496 1479 1479 1496 1484 972 1498 1488 972 993 1499 972 1499 1498 993 992 1499 1498 1499 1500 1498 1500 1501 1498 1501 1488 1488 1501 1489 1493 1502 1492 1493 1503 1502 1503 1504 1502 1503 1505 1504 1503 1506 1505 1503 1507 1506 1493 1494 1507 1493 1507 1503 1497 1508 978 978 1508 999 999 1509 998 999 1508 1509 1502 1504 1509 1502 1509 1508 1502 1508 1492 1492 1508 1497 992 1510 1499 992 1013 1511 992 1511 1510 1013 1012 1511 1510 1511 1512 1510 1512 1513 1510 1513 1499 1499 1513 1500 1505 1514 1504 1505 1515 1514 1515 1516 1514 1515 1517 1516 1515 1518 1517 1515 1519 1518 1505 1506 1519 1505 1519 1515 1509 1520 998 998 1520 1019 1019 1521 1018 1019 1520 1521 1514 1516 1521 1514 1521 1520 1514 1520 1504 1504 1520 1509 1012 1522 1511 1012 1033 1523 1012 1523 1522 1033 1032 1523 1522 1523 1524 1522 1524 1525 1522 1525 1511 1511 1525 1512 1517 1526 1516 1517 1518 1526 1521 1527 1018 1018 1527 1039 1039 1528 1038 1039 1527 1528 1527 1529 1528 1516 1526 1529 1516 1529 1527 1516 1527 1521 1052 1530 1050 1052 1051 1530 1032 1531 1532 1032 1532 1523 1032 1053 1531 1053 1050 1531 1050 1533 1531 1050 1530 1533 1531 1533 1534 1531 1534 1532 1523 1532 1535 1523 1535 1524 1528 1536 1038 1038 1536 1059 1059 1537 1058 1059 1536 1537 1536 1538 1537 1536 1539 1538 1528 1529 1539 1528 1539 1536 1051 1540 1530 1051 1073 1541 1051 1541 1540 1073 1072 1541 1540 1541 1542 1540 1542 1543 1540 1543 1530 1530 1543 1533 1080 1076 1544 1080 1544 1079 1537 1545 1058 1058 1545 1085 1085 1545 1076 1076 1546 1544 1076 1545 1546 1545 1547 1546 1537 1538 1547 1537 1547 1545 1072 1548 1549 1072 1549 1541 1072 1099 1548 1099 1550 1548 1099 1098 1550 1548 1550 1551 1548 1551 1552 1548 1552 1549 1541 1549 1553 1541 1553 1542 1079 1544 1554 1079 1554 1555 1079 1555 1105 1105 1555 1104 1554 1556 1555 1554 1544 1557 1554 1557 1556 1544 1546 1557 1550 1098 1558 1098 1123 1558 1123 1559 1558 1123 1122 1559 1558 1559 1560 1558 1560 1561 1550 1558 1561 1550 1561 1551 1104 1555 1562 1104 1562 1124 1124 1563 1129 1124 1562 1564 1124 1564 1563 1562 1555 1565 1562 1565 1564 1555 1556 1565 1566 1567 1568 1566 1568 1569 1566 1569 1570 1566 1570 1571 1566 1571 1572 1566 1572 1567 1559 1122 1573 1122 1145 1573 1145 1574 1573 1145 1144 1574 1568 1573 1574 1568 1574 1569 1568 1575 1573 1568 1567 1575 1559 1573 1575 1559 1575 1560 1563 1576 1577 1563 1577 1129 1129 1577 1146 1563 1564 1576 1578 1579 1580 1578 1580 1581 1146 1578 1581 1146 1581 1151 1146 1577 1578 1577 1582 1578 1577 1576 1582 1578 1582 1579 1580 1583 1581 1580 1579 1583 1584 1585 1586 1584 1586 1587 1584 1587 1588 1584 1588 1589 1584 1589 1590 1584 1590 1585 1570 1591 1592 1570 1569 1591 1170 1592 1591 1170 1591 1168 1170 1593 1592 1170 1169 1593 1586 1592 1593 1586 1593 1587 1586 1594 1592 1586 1585 1594 1570 1592 1594 1570 1594 1571 1574 1144 1595 1144 1171 1595 1171 1168 1595 1168 1591 1595 1591 1569 1595 1569 1574 1595 1151 1581 1596 1151 1596 1172 1597 1598 1599 1174 1597 1599 1174 1599 1173 1174 1172 1597 1172 1596 1597 1596 1581 1597 1581 1598 1597 1581 1583 1598 1600 1601 1602 1176 1600 1602 1176 1602 1175 1176 1173 1600 1173 1599 1600 1599 1603 1600 1599 1598 1603 1600 1603 1601 1604 1605 1606 1178 1604 1606 1178 1606 1177 1178 1175 1604 1175 1602 1604 1602 1607 1604 1602 1601 1607 1604 1607 1605 1608 1609 1610 1180 1608 1610 1180 1610 1179 1180 1177 1608 1177 1606 1608 1606 1611 1608 1606 1605 1611 1608 1611 1609 1612 1613 1614 1182 1612 1614 1182 1614 1181 1182 1179 1612 1179 1610 1612 1610 1615 1612 1610 1609 1615 1612 1615 1613 1588 1616 1617 1588 1587 1616 1184 1617 1616 1184 1616 1183 1184 1181 1617 1181 1614 1617 1614 1618 1617 1614 1613 1618 1588 1617 1618 1588 1618 1589 1593 1169 1619 1169 1185 1619 1185 1183 1619 1183 1616 1619 1616 1587 1619 1587 1593 1619 1620 1621 1622 1620 1623 1621 1620 1624 1623 1620 1625 1624 1620 1626 1625 1620 1622 1626 1627 1628 1629 1192 1188 1628 1192 1628 1627 1192 1630 1191 1192 1627 1630 1621 1623 1630 1621 1630 1627 1621 1631 1622 1621 1627 1631 1627 1629 1631 1632 1633 1634 1198 1195 1633 1198 1633 1632 1198 1632 1188 1188 1632 1628 1628 1635 1629 1628 1632 1635 1632 1634 1635 1636 1637 1638 1636 1639 1637 1195 1199 1639 1195 1639 1636 1195 1636 1633 1633 1640 1634 1633 1636 1640 1636 1638 1640 1637 1639 1641 1637 1641 1638 1642 1643 1644 1206 1202 1643 1206 1643 1642 1206 1645 1205 1206 1642 1645 1642 1646 1645 1642 1647 1646 1642 1644 1647 1624 1648 1623 1624 1649 1648 1211 1209 1648 1211 1648 1649 1211 1649 1202 1202 1649 1643 1643 1650 1644 1643 1649 1650 1624 1625 1650 1624 1650 1649 1630 1651 1191 1191 1651 1214 1214 1651 1209 1209 1651 1648 1648 1651 1623 1623 1651 1630 1199 1652 1639 1199 1219 1652 1653 1654 1655 1224 1222 1654 1224 1654 1653 1224 1653 1219 1219 1653 1652 1652 1653 1639 1639 1655 1641 1639 1653 1655 1222 1225 1656 1222 1656 1657 1222 1657 1654 1654 1657 1655 1658 1659 1660 1658 1661 1659 1658 1662 1661 1658 1663 1662 1658 1664 1663 1658 1660 1664 1645 1665 1205 1205 1665 1231 1231 1666 1230 1231 1665 1666 1659 1661 1666 1659 1666 1665 1659 1667 1660 1659 1665 1667 1645 1646 1667 1645 1667 1665 1656 1225 1668 1656 1668 1669 1225 1237 1670 1225 1670 1668 1237 1236 1670 1656 1669 1657 1668 1670 1671 1668 1671 1669 1662 1672 1661 1662 1673 1672 1244 1240 1672 1244 1672 1673 1244 1674 1243 1244 1673 1674 1673 1675 1674 1673 1676 1675 1662 1663 1676 1662 1676 1673 1666 1677 1230 1230 1677 1248 1248 1677 1240 1240 1677 1672 1672 1677 1661 1661 1677 1666 1236 1678 1670 1236 1253 1678 1253 1255 1679 1253 1679 1680 1253 1680 1678 1678 1680 1681 1678 1681 1670 1670 1681 1671 1674 1682 1243 1243 1682 1261 1261 1683 1260 1261 1682 1683 1682 1684 1683 1682 1685 1684 1674 1675 1685 1674 1685 1682 1679 1255 1686 1255 1267 1686 1267 1687 1686 1267 1266 1687 1686 1687 1688 1686 1688 1689 1679 1686 1689 1679 1689 1680 1683 1690 1260 1260 1690 1273 1273 1691 1272 1273 1690 1691 1690 1692 1691 1690 1693 1692 1683 1684 1693 1683 1693 1690 1687 1266 1694 1266 1279 1694 1279 1695 1694 1279 1278 1695 1694 1695 1696 1694 1696 1697 1687 1694 1697 1687 1697 1688 1691 1698 1272 1272 1698 1285 1285 1699 1284 1285 1698 1699 1698 1700 1699 1698 1701 1700 1691 1692 1701 1691 1701 1698 1695 1278 1702 1278 1291 1702 1291 1703 1702 1291 1290 1703 1702 1703 1704 1702 1704 1705 1695 1702 1705 1695 1705 1696 1699 1706 1284 1284 1707 1292 1284 1706 1707 1706 1708 1707 1706 1709 1708 1706 1710 1709 1699 1700 1710 1699 1710 1706 1292 1711 1295 1292 1707 1711 1703 1290 1712 1703 1712 1713 1290 1299 1714 1290 1714 1712 1299 1298 1714 1703 1713 1704 1712 1714 1715 1712 1715 1713 1708 1716 1707 1708 1717 1716 1717 1718 1716 1717 1719 1718 1717 1720 1719 1717 1721 1720 1708 1709 1721 1708 1721 1717 1711 1722 1295 1295 1722 1303 1303 1723 1302 1303 1722 1723 1716 1718 1723 1716 1723 1722 1716 1722 1707 1707 1722 1711 1298 1724 1714 1298 1307 1725 1298 1725 1724 1307 1306 1725 1724 1725 1726 1724 1726 1727 1724 1727 1714 1714 1727 1715 1719 1728 1718 1719 1729 1728 1729 1730 1728 1729 1731 1730 1729 1732 1731 1729 1733 1732 1719 1720 1733 1719 1733 1729 1723 1734 1302 1302 1734 1312 1312 1735 1311 1312 1734 1735 1728 1730 1735 1728 1735 1734 1728 1734 1718 1718 1734 1723 1306 1736 1725 1306 1315 1736 1315 1317 1737 1315 1737 1738 1315 1738 1736 1736 1738 1739 1736 1739 1725 1725 1739 1726 1731 1740 1730 1731 1741 1740 1324 1320 1740 1324 1740 1741 1324 1742 1323 1324 1741 1742 1741 1743 1742 1741 1744 1743 1731 1732 1744 1731 1744 1741 1735 1745 1311 1311 1745 1329 1329 1745 1320 1320 1745 1740 1740 1745 1730 1730 1745 1735 1737 1317 1746 1317 1335 1746 1335 1747 1746 1335 1334 1747 1746 1747 1748 1746 1748 1749 1737 1746 1749 1737 1749 1738 1742 1750 1323 1323 1750 1341 1341 1751 1340 1341 1750 1751 1750 1752 1751 1750 1753 1752 1742 1743 1753 1742 1753 1750 1747 1334 1754 1747 1754 1755 1334 1349 1756 1334 1756 1754 1349 1348 1756 1747 1755 1748 1754 1756 1757 1754 1757 1755 1751 1758 1340 1340 1758 1355 1355 1759 1354 1355 1758 1759 1758 1760 1759 1758 1761 1760 1751 1752 1761 1751 1761 1758 1348 1762 1756 1348 1363 1763 1348 1763 1762 1363 1362 1763 1762 1763 1764 1762 1764 1765 1762 1765 1756 1756 1765 1757 1759 1766 1354 1354 1766 1369 1369 1767 1368 1369 1766 1767 1766 1768 1767 1766 1769 1768 1759 1760 1769 1759 1769 1766 1362 1770 1763 1362 1379 1771 1362 1771 1770 1379 1378 1771 1770 1771 1772 1770 1772 1773 1770 1773 1763 1763 1773 1764 1767 1774 1368 1368 1774 1385 1385 1775 1384 1385 1774 1775 1774 1776 1775 1774 1777 1776 1767 1768 1777 1767 1777 1774 1378 1778 1771 1378 1395 1779 1378 1779 1778 1395 1394 1779 1778 1779 1780 1778 1780 1781 1778 1781 1771 1771 1781 1772 1775 1782 1384 1384 1782 1401 1401 1783 1400 1401 1782 1783 1782 1784 1783 1782 1785 1784 1775 1776 1785 1775 1785 1782 1394 1786 1779 1394 1411 1787 1394 1787 1786 1411 1410 1787 1786 1787 1788 1786 1788 1789 1786 1789 1779 1779 1789 1780 1783 1790 1400 1400 1790 1417 1417 1791 1416 1417 1790 1791 1790 1792 1791 1790 1793 1792 1783 1784 1793 1783 1793 1790 1410 1794 1795 1410 1795 1787 1410 1427 1794 1427 1796 1794 1427 1426 1796 1794 1796 1797 1794 1797 1798 1794 1798 1795 1787 1795 1799 1787 1799 1788 1791 1800 1416 1416 1800 1433 1433 1801 1432 1433 1800 1801 1800 1802 1801 1800 1803 1802 1791 1792 1803 1791 1803 1800 1796 1426 1804 1426 1441 1804 1441 1805 1804 1441 1440 1805 1804 1805 1806 1804 1806 1807 1796 1804 1807 1796 1807 1797 1801 1808 1432 1432 1808 1447 1447 1809 1446 1447 1808 1809 1808 1810 1809 1808 1811 1810 1801 1802 1811 1801 1811 1808 1805 1440 1812 1440 1453 1812 1453 1813 1812 1453 1452 1813 1812 1813 1814 1812 1814 1815 1805 1812 1815 1805 1815 1806 1809 1816 1446 1446 1816 1459 1459 1817 1458 1459 1816 1817 1816 1818 1817 1816 1819 1818 1809 1810 1819 1809 1819 1816 1813 1452 1820 1813 1820 1821 1452 1463 1820 1813 1821 1814 1463 1465 1822 1463 1822 1823 1463 1823 1820 1820 1823 1821 1817 1824 1458 1458 1824 1470 1470 1825 1469 1470 1824 1825 1824 1826 1825 1824 1827 1826 1817 1818 1827 1817 1827 1824 1822 1465 1828 1465 1475 1828 1475 1829 1828 1475 1474 1829 1828 1829 1830 1828 1830 1831 1822 1828 1831 1822 1831 1823 1832 1833 1834 1482 1478 1833 1482 1833 1832 1482 1835 1481 1482 1832 1835 1832 1836 1835 1832 1837 1836 1832 1834 1837 1825 1838 1469 1469 1838 1485 1485 1838 1478 1478 1838 1833 1833 1839 1834 1833 1838 1839 1825 1826 1839 1825 1839 1838 1829 1474 1840 1829 1840 1841 1474 1487 1840 1829 1841 1830 1487 1489 1842 1487 1842 1843 1487 1843 1840 1840 1843 1841 1835 1844 1481 1481 1844 1495 1495 1845 1494 1495 1844 1845 1844 1846 1845 1844 1847 1846 1835 1836 1847 1835 1847 1844 1842 1489 1848 1489 1501 1848 1501 1849 1848 1501 1500 1849 1848 1849 1850 1848 1850 1851 1842 1848 1851 1842 1851 1843 1845 1852 1494 1494 1852 1507 1507 1853 1506 1507 1852 1853 1852 1854 1853 1852 1855 1854 1845 1846 1855 1845 1855 1852 1849 1500 1856 1500 1513 1856 1513 1857 1856 1513 1512 1857 1856 1857 1858 1856 1858 1859 1849 1856 1859 1849 1859 1850 1853 1860 1861 1853 1861 1506 1506 1861 1862 1506 1862 1519 1519 1862 1518 1853 1854 1860 1861 1863 1862 1861 1860 1863 1864 1865 1866 1864 1866 1867 1864 1867 1868 1864 1868 1869 1864 1869 1870 1864 1870 1865 1857 1512 1871 1512 1525 1871 1525 1872 1871 1525 1524 1872 1866 1871 1872 1866 1872 1867 1866 1873 1871 1866 1865 1873 1857 1871 1873 1857 1873 1858 1518 1862 1874 1518 1874 1526 1526 1875 1529 1526 1874 1876 1526 1876 1875 1874 1862 1877 1874 1877 1876 1862 1863 1877 1868 1878 1879 1868 1867 1878 1534 1879 1878 1534 1878 1532 1534 1880 1879 1534 1533 1880 1879 1880 1881 1879 1881 1882 1868 1879 1882 1868 1882 1869 1872 1524 1883 1524 1535 1883 1535 1532 1883 1532 1878 1883 1878 1867 1883 1867 1872 1883 1875 1884 1885 1875 1885 1529 1529 1885 1886 1529 1886 1539 1539 1886 1538 1875 1876 1884 1885 1887 1886 1885 1884 1887 1888 1889 1890 1888 1890 1891 1888 1891 1892 1888 1892 1893 1888 1893 1894 1888 1894 1889 1880 1533 1895 1533 1543 1895 1543 1896 1895 1543 1542 1896 1890 1895 1896 1890 1896 1891 1890 1897 1895 1890 1889 1897 1880 1895 1897 1880 1897 1881 1538 1886 1898 1538 1898 1899 1538 1899 1547 1547 1899 1546 1898 1900 1899 1898 1886 1901 1898 1901 1900 1886 1887 1901 1902 1903 1904 1902 1904 1905 1902 1905 1906 1902 1906 1907 1902 1907 1908 1902 1908 1903 1892 1909 1910 1892 1891 1909 1552 1910 1909 1552 1909 1549 1552 1911 1910 1552 1551 1911 1904 1910 1911 1904 1911 1905 1904 1912 1910 1904 1903 1912 1892 1910 1912 1892 1912 1893 1896 1542 1913 1542 1553 1913 1553 1549 1913 1549 1909 1913 1909 1891 1913 1891 1896 1913 1546 1899 1914 1546 1914 1915 1546 1915 1557 1557 1915 1556 1916 1917 1918 1916 1918 1919 1916 1919 1920 1914 1916 1920 1914 1920 1915 1914 1899 1916 1899 1917 1916 1899 1900 1917 1921 1922 1923 1921 1923 1924 1921 1924 1925 1918 1921 1925 1918 1925 1919 1918 1926 1921 1918 1917 1926 1921 1926 1922 1923 1927 1924 1923 1922 1927 1928 1929 1930 1928 1930 1931 1928 1931 1932 1928 1932 1933 1928 1933 1934 1928 1934 1929 1935 1936 1937 1935 1937 1938 1935 1938 1939 1930 1935 1939 1930 1939 1931 1930 1940 1935 1930 1929 1940 1935 1940 1936 1906 1941 1942 1906 1905 1941 1942 1941 1943 1942 1943 1944 1937 1942 1944 1937 1944 1938 1937 1945 1942 1937 1936 1945 1906 1942 1945 1906 1945 1907 1911 1551 1946 1551 1561 1946 1561 1947 1946 1561 1560 1947 1941 1946 1947 1941 1947 1943 1941 1905 1946 1905 1911 1946 1556 1915 1948 1556 1948 1949 1556 1949 1565 1565 1949 1564 1920 1950 1951 1920 1919 1950 1951 1950 1952 1951 1952 1953 1948 1951 1953 1948 1953 1949 1948 1915 1951 1915 1920 1951 1925 1954 1955 1925 1924 1954 1955 1954 1956 1955 1956 1957 1950 1955 1957 1950 1957 1952 1950 1919 1955 1919 1925 1955 1958 1959 1960 1958 1960 1961 1958 1961 1962 1954 1958 1962 1954 1962 1956 1954 1924 1958 1924 1959 1958 1924 1927 1959 1963 1964 1965 1963 1965 1966 1963 1966 1967 1960 1963 1967 1960 1967 1961 1960 1968 1963 1960 1959 1968 1963 1968 1964 1969 1970 1971 1969 1971 1972 1969 1972 1973 1965 1969 1973 1965 1973 1966 1965 1974 1969 1965 1964 1974 1969 1974 1970 1932 1975 1976 1932 1931 1975 1976 1975 1977 1976 1977 1978 1971 1976 1978 1971 1978 1972 1971 1979 1976 1971 1970 1979 1932 1976 1979 1932 1979 1933 1939 1980 1981 1939 1938 1980 1981 1980 1982 1981 1982 1983 1975 1981 1983 1975 1983 1977 1975 1931 1981 1931 1939 1981 1944 1984 1985 1944 1943 1984 1572 1985 1984 1572 1984 1567 1572 1986 1985 1572 1571 1986 1980 1985 1986 1980 1986 1982 1980 1938 1985 1938 1944 1985 1947 1560 1987 1560 1575 1987 1575 1567 1987 1567 1984 1987 1984 1943 1987 1943 1947 1987 1564 1949 1988 1564 1988 1576 1953 1989 1990 1953 1952 1989 1582 1990 1989 1582 1989 1579 1582 1576 1990 1576 1988 1990 1988 1949 1990 1949 1953 1990 1957 1991 1992 1957 1956 1991 1992 1991 1993 1579 1992 1993 1579 1993 1583 1579 1989 1992 1989 1952 1992 1952 1957 1992 1962 1994 1995 1962 1961 1994 1995 1994 1996 1995 1996 1997 1991 1995 1997 1991 1997 1993 1991 1956 1995 1956 1962 1995 1967 1998 1999 1967 1966 1998 1999 1998 2000 1999 2000 2001 1994 1999 2001 1994 2001 1996 1994 1961 1999 1961 1967 1999 1973 2002 2003 1973 1972 2002 2003 2002 2004 2003 2004 2005 1998 2003 2005 1998 2005 2000 1998 1966 2003 1966 1973 2003 1978 2006 2007 1978 1977 2006 2007 2006 2008 2007 2008 2009 2002 2007 2009 2002 2009 2004 2002 1972 2007 1972 1978 2007 1983 2010 2011 1983 1982 2010 1590 2011 2010 1590 2010 1585 1590 2012 2011 1590 1589 2012 2006 2011 2012 2006 2012 2008 2006 1977 2011 1977 1983 2011 1986 1571 2013 1571 1594 2013 1594 1585 2013 1585 2010 2013 2010 1982 2013 1982 1986 2013 1583 1993 2014 1583 2014 1598 1997 2015 2016 1997 1996 2015 1603 2016 2015 1603 2015 1601 1603 1598 2016 1598 2014 2016 2014 1993 2016 1993 1997 2016 2001 2017 2018 2001 2000 2017 1607 2018 2017 1607 2017 1605 1607 1601 2018 1601 2015 2018 2015 1996 2018 1996 2001 2018 2005 2019 2020 2005 2004 2019 1611 2020 2019 1611 2019 1609 1611 1605 2020 1605 2017 2020 2017 2000 2020 2000 2005 2020 2009 2021 2022 2009 2008 2021 1615 2022 2021 1615 2021 1613 1615 1609 2022 1609 2019 2022 2019 2004 2022 2004 2009 2022 2012 1589 2023 1589 1618 2023 1618 1613 2023 1613 2021 2023 2021 2008 2023 2008 2012 2023 2024 2025 2026 1626 1622 2025 1626 2025 2024 1626 2027 1625 1626 2024 2027 2024 2028 2027 2024 2029 2028 2024 2026 2029 2030 2031 2032 1631 1629 2031 1631 2031 2030 1631 2030 1622 1622 2030 2025 2025 2033 2026 2025 2030 2033 2030 2032 2033 2034 2035 2036 1635 1634 2035 1635 2035 2034 1635 2034 1629 1629 2034 2031 2031 2037 2032 2031 2034 2037 2034 2036 2037 2038 2039 2040 1640 1638 2039 1640 2039 2038 1640 2038 1634 1634 2038 2035 2035 2041 2036 2035 2038 2041 2038 2040 2041 1638 1641 2042 1638 2042 2043 1638 2043 2039 2039 2043 2040 2044 2045 2046 1647 1644 2045 1647 2045 2044 1647 2047 1646 1647 2044 2047 2044 2048 2047 2044 2049 2048 2044 2046 2049 2027 2050 1625 1625 2050 1650 1650 2050 1644 1644 2050 2045 2045 2051 2046 2045 2050 2051 2027 2028 2051 2027 2051 2050 2042 1641 2052 2042 2052 2053 1641 1655 2052 2042 2053 2043 1655 1657 2054 1655 2054 2055 1655 2055 2052 2052 2055 2053 2056 2057 2058 1664 1660 2057 1664 2057 2056 1664 2059 1663 1664 2056 2059 2056 2060 2059 2056 2061 2060 2056 2058 2061 2047 2062 1646 1646 2062 1667 1667 2062 1660 1660 2062 2057 2057 2063 2058 2057 2062 2063 2047 2048 2063 2047 2063 2062 2054 1657 2064 2054 2064 2065 1657 1669 2064 2054 2065 2055 1669 1671 2066 1669 2066 2067 1669 2067 2064 2064 2067 2065 2059 2068 1663 1663 2068 1676 1676 2069 1675 1676 2068 2069 2068 2070 2069 2068 2071 2070 2059 2060 2071 2059 2071 2068 2066 1671 2072 1671 1681 2072 1681 2073 2072 1681 1680 2073 2072 2073 2074 2072 2074 2075 2066 2072 2075 2066 2075 2067 2069 2076 1675 1675 2076 1685 1685 2077 1684 1685 2076 2077 2076 2078 2077 2076 2079 2078 2069 2070 2079 2069 2079 2076 2073 1680 2080 1680 1689 2080 1689 2081 2080 1689 1688 2081 2080 2081 2082 2080 2082 2083 2073 2080 2083 2073 2083 2074 2077 2084 1684 1684 2084 1693 1693 2085 1692 1693 2084 2085 2084 2086 2085 2084 2087 2086 2077 2078 2087 2077 2087 2084 2081 1688 2088 1688 1697 2088 1697 2089 2088 1697 1696 2089 2088 2089 2090 2088 2090 2091 2081 2088 2091 2081 2091 2082 2085 2092 1692 1692 2092 1701 1701 2093 1700 1701 2092 2093 2092 2094 2093 2092 2095 2094 2085 2086 2095 2085 2095 2092 2089 1696 2096 1696 1705 2096 1705 2097 2096 1705 1704 2097 2096 2097 2098 2096 2098 2099 2089 2096 2099 2089 2099 2090 2093 2100 1700 1700 2100 1710 1710 2101 1709 1710 2100 2101 2100 2102 2101 2100 2103 2102 2093 2094 2103 2093 2103 2100 2097 1704 2104 2097 2104 2105 1704 1713 2104 2097 2105 2098 1713 1715 2106 1713 2106 2107 1713 2107 2104 2104 2107 2105 2101 2108 1709 1709 2108 1721 1721 2109 1720 1721 2108 2109 2108 2110 2109 2108 2111 2110 2101 2102 2111 2101 2111 2108 2106 1715 2112 1715 1727 2112 1727 2113 2112 1727 1726 2113 2112 2113 2114 2112 2114 2115 2106 2112 2115 2106 2115 2107 2109 2116 1720 1720 2116 1733 1733 2117 1732 1733 2116 2117 2116 2118 2117 2116 2119 2118 2109 2110 2119 2109 2119 2116 2113 1726 2120 1726 1739 2120 1739 2121 2120 1739 1738 2121 2120 2121 2122 2120 2122 2123 2113 2120 2123 2113 2123 2114 2117 2124 1732 1732 2124 1744 1744 2125 1743 1744 2124 2125 2124 2126 2125 2124 2127 2126 2117 2118 2127 2117 2127 2124 2121 1738 2128 1738 1749 2128 1749 2129 2128 1749 1748 2129 2128 2129 2130 2128 2130 2131 2121 2128 2131 2121 2131 2122 2125 2132 1743 1743 2132 1753 1753 2133 1752 1753 2132 2133 2132 2134 2133 2132 2135 2134 2125 2126 2135 2125 2135 2132 2129 1748 2136 1748 2137 2136 1748 1755 2137 2136 2137 2138 2136 2138 2139 2136 2139 2140 2129 2136 2140 2129 2140 2130 1755 1757 2141 1755 2141 2137 2133 2142 1752 1752 2142 1761 1761 2143 1760 1761 2142 2143 2142 2144 2143 2142 2145 2144 2133 2134 2145 2133 2145 2142 2138 2137 2146 2138 2146 2139 2141 1757 2147 1757 1765 2147 1765 2148 2147 1765 1764 2148 2147 2148 2149 2137 2147 2149 2137 2149 2146 2137 2141 2147 2143 2150 1760 1760 2150 1769 1769 2151 1768 1769 2150 2151 2150 2152 2151 2150 2153 2152 2143 2144 2153 2143 2153 2150 2148 1764 2154 1764 1773 2154 1773 2155 2154 1773 1772 2155 2154 2155 2156 2154 2156 2157 2148 2154 2157 2148 2157 2149 2151 2158 1768 1768 2158 1777 1777 2159 1776 1777 2158 2159 2158 2160 2159 2158 2161 2160 2151 2152 2161 2151 2161 2158 2155 1772 2162 1772 1781 2162 1781 2163 2162 1781 1780 2163 2162 2163 2164 2162 2164 2165 2155 2162 2165 2155 2165 2156 2159 2166 1776 1776 2166 1785 1785 2167 1784 1785 2166 2167 2166 2168 2167 2166 2169 2168 2159 2160 2169 2159 2169 2166 2170 2171 2172 2170 2172 2173 2170 2173 2174 2170 2174 2175 2170 2175 2176 2170 2176 2171 2163 1780 2177 1780 1789 2177 1789 2178 2177 1789 1788 2178 2172 2177 2178 2172 2178 2173 2172 2179 2177 2172 2171 2179 2163 2177 2179 2163 2179 2164 2167 2180 1784 1784 2180 1793 1793 2181 1792 1793 2180 2181 2180 2182 2181 2180 2183 2182 2167 2168 2183 2167 2183 2180 2174 2184 2185 2174 2173 2184 1798 2185 2184 1798 2184 1795 1798 2186 2185 1798 1797 2186 2185 2186 2187 2185 2187 2188 2174 2185 2188 2174 2188 2175 2178 1788 2189 1788 1799 2189 1799 1795 2189 1795 2184 2189 2184 2173 2189 2173 2178 2189 2181 2190 1792 1792 2190 1803 1803 2191 1802 1803 2190 2191 2190 2192 2191 2190 2193 2192 2181 2182 2193 2181 2193 2190 2186 1797 2194 1797 1807 2194 1807 2195 2194 1807 1806 2195 2194 2195 2196 2194 2196 2197 2186 2194 2197 2186 2197 2187 2191 2198 2199 2191 2199 1802 1802 2199 2200 1802 2200 1811 1811 2200 1810 2191 2192 2198 2199 2201 2200 2199 2198 2201 2195 1806 2202 1806 1815 2202 1815 2203 2202 1815 1814 2203 2202 2203 2204 2202 2204 2205 2195 2202 2205 2195 2205 2196 1810 2200 2206 1810 2206 2207 1810 2207 1819 1819 2207 1818 2206 2208 2207 2206 2200 2209 2206 2209 2208 2200 2201 2209 2203 1814 2210 1814 2211 2210 1814 1821 2211 2210 2211 2212 2210 2212 2213 2210 2213 2214 2203 2210 2214 2203 2214 2204 1821 1823 2215 1821 2215 2211 1818 2207 2216 1818 2216 2217 1818 2217 1827 1827 2217 1826 2216 2218 2217 2216 2207 2219 2216 2219 2218 2207 2208 2219 2212 2220 2221 2212 2211 2220 2221 2220 2222 2221 2222 2223 2221 2223 2224 2221 2224 2225 2212 2221 2225 2212 2225 2213 2215 1823 2226 1823 1831 2226 1831 2227 2226 1831 1830 2227 2220 2226 2227 2220 2227 2222 2220 2211 2226 2211 2215 2226 1837 1834 2228 1837 2228 1836 1826 2217 2229 1826 2229 2230 1826 2230 1839 1839 2230 2231 1839 2231 1834 1834 2231 2228 2229 2232 2230 2229 2217 2233 2229 2233 2232 2217 2218 2233 2223 2234 2235 2223 2222 2234 2235 2234 2236 2235 2236 2237 2235 2237 2238 2235 2238 2239 2223 2235 2239 2223 2239 2224 2227 1830 2240 1830 2241 2240 1830 1841 2241 2240 2241 2242 2234 2240 2242 2234 2242 2236 2234 2222 2240 2222 2227 2240 1841 1843 2243 1841 2243 2241 1836 2228 2244 1836 2244 2245 1836 2245 1847 1847 2245 1846 2231 2246 2247 2231 2230 2246 2247 2246 2248 2247 2248 2249 2244 2247 2249 2244 2249 2245 2244 2228 2247 2228 2231 2247 2246 2250 2248 2246 2230 2251 2246 2251 2250 2230 2232 2251 2237 2252 2253 2237 2236 2252 2253 2252 2254 2253 2254 2255 2253 2255 2256 2253 2256 2257 2237 2253 2257 2237 2257 2238 2242 2258 2259 2242 2241 2258 2259 2258 2260 2259 2260 2261 2252 2259 2261 2252 2261 2254 2252 2236 2259 2236 2242 2259 2243 1843 2262 1843 1851 2262 1851 2263 2262 1851 1850 2263 2258 2262 2263 2258 2263 2260 2258 2241 2262 2241 2243 2262 1846 2245 2264 1846 2264 2265 1846 2265 1855 1855 2265 1854 2249 2266 2267 2249 2248 2266 2267 2266 2268 2267 2268 2269 2264 2267 2269 2264 2269 2265 2264 2245 2267 2245 2249 2267 2266 2270 2268 2266 2248 2271 2266 2271 2270 2248 2250 2271 2255 2272 2273 2255 2254 2272 2273 2272 2274 2273 2274 2275 2273 2275 2276 2273 2276 2277 2255 2273 2277 2255 2277 2256 2261 2278 2279 2261 2260 2278 2279 2278 2280 2279 2280 2281 2272 2279 2281 2272 2281 2274 2272 2254 2279 2254 2261 2279 2263 1850 2282 1850 1859 2282 1859 2283 2282 1859 1858 2283 2278 2282 2283 2278 2283 2280 2278 2260 2282 2260 2263 2282 1854 2265 2284 1854 2284 1860 2269 2285 2286 2269 2268 2285 2286 2285 2287 1860 2286 2287 1860 2287 1863 1860 2284 2286 2284 2265 2286 2265 2269 2286 2285 2288 2287 2285 2268 2289 2285 2289 2288 2268 2270 2289 2275 2290 2291 2275 2274 2290 2291 2290 2292 2291 2292 2293 2291 2293 2294 2291 2294 2295 2275 2291 2295 2275 2295 2276 2281 2296 2297 2281 2280 2296 1870 2297 2296 1870 2296 1865 1870 2298 2297 1870 1869 2298 2290 2297 2298 2290 2298 2292 2290 2274 2297 2274 2281 2297 2283 1858 2299 1858 1873 2299 1873 1865 2299 1865 2296 2299 2296 2280 2299 2280 2283 2299 1863 2287 2300 1863 2300 2301 1863 2301 1877 1877 2301 1876 2302 2303 2304 2302 2304 2305 2302 2305 2306 2300 2302 2306 2300 2306 2301 2300 2287 2302 2287 2303 2302 2287 2288 2303 2304 2307 2305 2304 2303 2307 2308 2309 2310 2308 2310 2311 2308 2311 2312 2308 2312 2313 2308 2313 2314 2308 2314 2309 2293 2315 2316 2293 2292 2315 2316 2315 2317 2316 2317 2318 2310 2316 2318 2310 2318 2311 2310 2319 2316 2310 2309 2319 2293 2316 2319 2293 2319 2294 2298 1869 2320 1869 1882 2320 1882 2321 2320 1882 1881 2321 2315 2320 2321 2315 2321 2317 2315 2292 2320 2292 2298 2320 1876 2301 2322 1876 2322 1884 2306 2323 2324 2306 2305 2323 2324 2323 2325 1884 2324 2325 1884 2325 1887 1884 2322 2324 2322 2301 2324 2301 2306 2324 2326 2327 2328 2326 2328 2329 2326 2329 2330 2323 2326 2330 2323 2330 2325 2323 2305 2326 2305 2327 2326 2305 2307 2327 2328 2331 2329 2328 2327 2331 2332 2333 2334 2332 2334 2335 2332 2335 2336 2332 2336 2337 2332 2337 2338 2332 2338 2333 2312 2339 2340 2312 2311 2339 2340 2339 2341 2340 2341 2342 2334 2340 2342 2334 2342 2335 2334 2343 2340 2334 2333 2343 2312 2340 2343 2312 2343 2313 2318 2344 2345 2318 2317 2344 1894 2345 2344 1894 2344 1889 1894 2346 2345 1894 1893 2346 2339 2345 2346 2339 2346 2341 2339 2311 2345 2311 2318 2345 2321 1881 2347 1881 1897 2347 1897 1889 2347 1889 2344 2347 2344 2317 2347 2317 2321 2347 1887 2325 2348 1887 2348 2349 1887 2349 1901 1901 2349 1900 2330 2350 2351 2330 2329 2350 2351 2350 2352 2351 2352 2353 2348 2351 2353 2348 2353 2349 2348 2325 2351 2325 2330 2351 2354 2355 2356 2354 2356 2357 2354 2357 2358 2350 2354 2358 2350 2358 2352 2350 2329 2354 2329 2355 2354 2329 2331 2355 2359 2360 2361 2359 2361 2362 2359 2362 2363 2356 2359 2363 2356 2363 2357 2356 2364 2359 2356 2355 2364 2359 2364 2360 2365 2366 2367 2365 2367 2368 2365 2368 2369 2361 2365 2369 2361 2369 2362 2361 2370 2365 2361 2360 2370 2365 2370 2366 2371 2372 2373 2371 2373 2374 2371 2374 2375 2367 2371 2375 2367 2375 2368 2367 2376 2371 2367 2366 2376 2371 2376 2372 2336 2377 2378 2336 2335 2377 2378 2377 2379 2378 2379 2380 2373 2378 2380 2373 2380 2374 2373 2381 2378 2373 2372 2381 2336 2378 2381 2336 2381 2337 2342 2382 2383 2342 2341 2382 1908 2383 2382 1908 2382 1903 1908 2384 2383 1908 1907 2384 2377 2383 2384 2377 2384 2379 2377 2335 2383 2335 2342 2383 2346 1893 2385 1893 1912 2385 1912 1903 2385 1903 2382 2385 2382 2341 2385 2341 2346 2385 1900 2349 2386 1900 2386 1917 2353 2387 2388 2353 2352 2387 1926 2388 2387 1926 2387 1922 1926 1917 2388 1917 2386 2388 2386 2349 2388 2349 2353 2388 2358 2389 2390 2358 2357 2389 2390 2389 2391 1922 2390 2391 1922 2391 1927 1922 2387 2390 2387 2352 2390 2352 2358 2390 2363 2392 2393 2363 2362 2392 2393 2392 2394 2393 2394 2395 2389 2393 2395 2389 2395 2391 2389 2357 2393 2357 2363 2393 2369 2396 2397 2369 2368 2396 2397 2396 2398 2397 2398 2399 2392 2397 2399 2392 2399 2394 2392 2362 2397 2362 2369 2397 2375 2400 2401 2375 2374 2400 1934 2401 2400 1934 2400 1929 1934 2402 2401 1934 1933 2402 2396 2401 2402 2396 2402 2398 2396 2368 2401 2368 2375 2401 2380 2403 2404 2380 2379 2403 1940 2404 2403 1940 2403 1936 1940 1929 2404 1929 2400 2404 2400 2374 2404 2374 2380 2404 2384 1907 2405 1907 1945 2405 1945 1936 2405 1936 2403 2405 2403 2379 2405 2379 2384 2405 1927 2391 2406 1927 2406 1959 2395 2407 2408 2395 2394 2407 1968 2408 2407 1968 2407 1964 1968 1959 2408 1959 2406 2408 2406 2391 2408 2391 2395 2408 2399 2409 2410 2399 2398 2409 1974 2410 2409 1974 2409 1970 1974 1964 2410 1964 2407 2410 2407 2394 2410 2394 2399 2410 2402 1933 2411 1933 1979 2411 1979 1970 2411 1970 2409 2411 2409 2398 2411 2398 2402 2411 2412 2413 2414 2029 2026 2413 2029 2413 2412 2029 2415 2028 2029 2412 2415 2412 2416 2415 2412 2417 2416 2412 2414 2417 2418 2419 2420 2033 2032 2419 2033 2419 2418 2033 2418 2026 2026 2418 2413 2413 2421 2414 2413 2418 2421 2418 2420 2421 2422 2423 2424 2037 2036 2423 2037 2423 2422 2037 2422 2032 2032 2422 2419 2419 2425 2420 2419 2422 2425 2422 2424 2425 2426 2427 2428 2041 2040 2427 2041 2427 2426 2041 2426 2036 2036 2426 2423 2423 2429 2424 2423 2426 2429 2426 2428 2429 2040 2043 2430 2040 2430 2431 2040 2431 2427 2427 2431 2428 2432 2433 2434 2049 2046 2433 2049 2433 2432 2049 2435 2048 2049 2432 2435 2432 2436 2435 2432 2437 2436 2432 2434 2437 2415 2438 2028 2028 2438 2051 2051 2438 2046 2046 2438 2433 2433 2439 2434 2433 2438 2439 2415 2416 2439 2415 2439 2438 2430 2043 2440 2430 2440 2441 2043 2053 2440 2430 2441 2431 2053 2055 2442 2053 2442 2443 2053 2443 2440 2440 2443 2441 2061 2058 2444 2061 2444 2060 2435 2445 2048 2048 2445 2063 2063 2445 2058 2058 2446 2444 2058 2445 2446 2445 2447 2446 2435 2436 2447 2435 2447 2445 2442 2055 2448 2055 2449 2448 2055 2065 2449 2448 2449 2450 2448 2450 2451 2448 2451 2452 2442 2448 2452 2442 2452 2443 2065 2067 2453 2065 2453 2449 2060 2444 2454 2060 2454 2455 2060 2455 2071 2071 2456 2070 2071 2455 2456 2455 2457 2456 2455 2458 2457 2455 2454 2458 2444 2459 2454 2444 2446 2459 2450 2449 2460 2450 2460 2451 2453 2067 2461 2067 2075 2461 2075 2462 2461 2075 2074 2462 2461 2462 2463 2449 2461 2463 2449 2463 2460 2449 2453 2461 2456 2464 2070 2070 2464 2079 2079 2465 2078 2079 2464 2465 2464 2466 2465 2464 2467 2466 2456 2457 2467 2456 2467 2464 2462 2074 2468 2074 2083 2468 2083 2469 2468 2083 2082 2469 2468 2469 2470 2468 2470 2471 2462 2468 2471 2462 2471 2463 2465 2472 2078 2078 2472 2087 2087 2473 2086 2087 2472 2473 2472 2474 2473 2472 2475 2474 2465 2466 2475 2465 2475 2472 2469 2082 2476 2082 2091 2476 2091 2477 2476 2091 2090 2477 2476 2477 2478 2476 2478 2479 2469 2476 2479 2469 2479 2470 2473 2480 2086 2086 2480 2095 2095 2481 2094 2095 2480 2481 2480 2482 2481 2480 2483 2482 2473 2474 2483 2473 2483 2480 2477 2090 2484 2090 2099 2484 2099 2485 2484 2099 2098 2485 2484 2485 2486 2484 2486 2487 2477 2484 2487 2477 2487 2478 2481 2488 2489 2481 2489 2094 2094 2489 2490 2094 2490 2103 2103 2490 2102 2481 2482 2488 2489 2491 2490 2489 2488 2491 2485 2098 2492 2098 2493 2492 2098 2105 2493 2492 2493 2494 2492 2494 2495 2492 2495 2496 2485 2492 2496 2485 2496 2486 2105 2107 2497 2105 2497 2493 2102 2490 2498 2102 2498 2499 2102 2499 2111 2111 2499 2110 2498 2500 2499 2498 2490 2501 2498 2501 2500 2490 2491 2501 2494 2502 2503 2494 2493 2502 2503 2502 2504 2503 2504 2505 2503 2505 2506 2503 2506 2507 2494 2503 2507 2494 2507 2495 2497 2107 2508 2107 2115 2508 2115 2509 2508 2115 2114 2509 2502 2508 2509 2502 2509 2504 2502 2493 2508 2493 2497 2508 2110 2499 2510 2110 2510 2511 2110 2511 2119 2119 2511 2118 2510 2512 2511 2510 2499 2513 2510 2513 2512 2499 2500 2513 2505 2514 2515 2505 2504 2514 2515 2514 2516 2515 2516 2517 2515 2517 2518 2515 2518 2519 2505 2515 2519 2505 2519 2506 2509 2114 2520 2114 2123 2520 2123 2521 2520 2123 2122 2521 2514 2520 2521 2514 2521 2516 2514 2504 2520 2504 2509 2520 2118 2511 2522 2118 2522 2523 2118 2523 2127 2127 2523 2126 2522 2524 2523 2522 2511 2525 2522 2525 2524 2511 2512 2525 2517 2516 2526 2517 2526 2518 2521 2122 2527 2122 2131 2527 2131 2528 2527 2131 2130 2528 2527 2528 2529 2516 2527 2529 2516 2529 2526 2516 2521 2527 2126 2523 2530 2126 2530 2531 2126 2531 2135 2135 2531 2134 2530 2532 2531 2530 2523 2533 2530 2533 2532 2523 2524 2533 2528 2130 2534 2130 2140 2534 2140 2535 2534 2140 2139 2535 2534 2535 2536 2534 2536 2537 2528 2534 2537 2528 2537 2529 2134 2531 2538 2134 2538 2539 2134 2539 2145 2145 2540 2144 2145 2539 2540 2539 2541 2540 2539 2542 2541 2539 2538 2542 2531 2543 2538 2531 2532 2543 2535 2139 2544 2139 2545 2544 2139 2146 2545 2544 2545 2546 2544 2546 2547 2544 2547 2548 2535 2544 2548 2535 2548 2536 2146 2149 2549 2146 2549 2545 2540 2550 2144 2144 2550 2153 2153 2551 2152 2153 2550 2551 2550 2552 2551 2550 2553 2552 2540 2541 2553 2540 2553 2550 2546 2554 2555 2546 2545 2554 2555 2554 2556 2555 2556 2557 2555 2557 2558 2555 2558 2559 2546 2555 2559 2546 2559 2547 2549 2149 2560 2149 2157 2560 2157 2561 2560 2157 2156 2561 2554 2560 2561 2554 2561 2556 2554 2545 2560 2545 2549 2560 2551 2562 2152 2152 2562 2161 2161 2563 2160 2161 2562 2563 2562 2564 2563 2562 2565 2564 2551 2552 2565 2551 2565 2562 2557 2566 2567 2557 2556 2566 2567 2566 2568 2567 2568 2569 2567 2569 2570 2567 2570 2571 2557 2567 2571 2557 2571 2558 2561 2156 2572 2156 2165 2572 2165 2573 2572 2165 2164 2573 2566 2572 2573 2566 2573 2568 2566 2556 2572 2556 2561 2572 2563 2574 2575 2563 2575 2160 2160 2575 2576 2160 2576 2169 2169 2576 2168 2563 2564 2574 2575 2577 2576 2575 2574 2577 2569 2578 2579 2569 2568 2578 2176 2579 2578 2176 2578 2171 2176 2580 2579 2176 2175 2580 2579 2580 2581 2579 2581 2582 2569 2579 2582 2569 2582 2570 2573 2164 2583 2164 2179 2583 2179 2171 2583 2171 2578 2583 2578 2568 2583 2568 2573 2583 2168 2576 2584 2168 2584 2585 2168 2585 2183 2183 2585 2182 2584 2586 2585 2584 2576 2587 2584 2587 2586 2576 2577 2587 2580 2175 2588 2175 2188 2588 2188 2589 2588 2188 2187 2589 2588 2589 2590 2588 2590 2591 2580 2588 2591 2580 2591 2581 2182 2585 2592 2182 2592 2593 2182 2593 2193 2193 2593 2192 2592 2594 2593 2592 2585 2595 2592 2595 2594 2585 2586 2595 2596 2597 2598 2596 2598 2599 2596 2599 2600 2596 2600 2601 2596 2601 2602 2596 2602 2597 2589 2187 2603 2187 2197 2603 2197 2604 2603 2197 2196 2604 2598 2603 2604 2598 2604 2599 2598 2605 2603 2598 2597 2605 2589 2603 2605 2589 2605 2590 2192 2593 2606 2192 2606 2198 2198 2607 2201 2198 2606 2608 2198 2608 2607 2606 2593 2609 2606 2609 2608 2593 2594 2609 2600 2610 2611 2600 2599 2610 2611 2610 2612 2611 2612 2613 2611 2613 2614 2611 2614 2615 2600 2611 2615 2600 2615 2601 2604 2196 2616 2196 2205 2616 2205 2617 2616 2205 2204 2617 2610 2616 2617 2610 2617 2612 2610 2599 2616 2599 2604 2616 2607 2618 2619 2607 2619 2201 2201 2619 2620 2201 2620 2209 2209 2620 2208 2607 2608 2618 2619 2621 2620 2619 2618 2621 2613 2622 2623 2613 2612 2622 2623 2622 2624 2623 2624 2625 2623 2625 2626 2623 2626 2627 2613 2623 2627 2613 2627 2614 2617 2204 2628 2204 2214 2628 2214 2629 2628 2214 2213 2629 2622 2628 2629 2622 2629 2624 2622 2612 2628 2612 2617 2628 2208 2620 2630 2208 2630 2631 2208 2631 2219 2219 2631 2218 2630 2632 2631 2630 2620 2633 2630 2633 2632 2620 2621 2633 2625 2634 2635 2625 2624 2634 2635 2634 2636 2635 2636 2637 2635 2637 2638 2635 2638 2639 2625 2635 2639 2625 2639 2626 2629 2213 2640 2213 2225 2640 2225 2641 2640 2225 2224 2641 2634 2640 2641 2634 2641 2636 2634 2624 2640 2624 2629 2640 2218 2631 2642 2218 2642 2643 2218 2643 2233 2233 2643 2232 2644 2645 2646 2644 2646 2647 2644 2647 2648 2642 2644 2648 2642 2648 2643 2642 2631 2644 2631 2645 2644 2631 2632 2645 2646 2649 2647 2646 2645 2649 2650 2651 2652 2650 2652 2653 2650 2653 2654 2650 2654 2655 2650 2655 2656 2650 2656 2651 2637 2657 2658 2637 2636 2657 2658 2657 2659 2658 2659 2660 2652 2658 2660 2652 2660 2653 2652 2661 2658 2652 2651 2661 2637 2658 2661 2637 2661 2638 2641 2224 2662 2224 2239 2662 2239 2663 2662 2239 2238 2663 2657 2662 2663 2657 2663 2659 2657 2636 2662 2636 2641 2662 2232 2643 2664 2232 2664 2665 2232 2665 2251 2251 2665 2250 2648 2666 2667 2648 2647 2666 2667 2666 2668 2667 2668 2669 2664 2667 2669 2664 2669 2665 2664 2643 2667 2643 2648 2667 2666 2670 2668 2666 2647 2671 2666 2671 2670 2647 2649 2671 2672 2673 2674 2672 2674 2675 2672 2675 2676 2672 2676 2677 2672 2677 2678 2672 2678 2673 2654 2679 2680 2654 2653 2679 2680 2679 2681 2680 2681 2682 2674 2680 2682 2674 2682 2675 2674 2683 2680 2674 2673 2683 2654 2680 2683 2654 2683 2655 2660 2684 2685 2660 2659 2684 2685 2684 2686 2685 2686 2687 2679 2685 2687 2679 2687 2681 2679 2653 2685 2653 2660 2685 2663 2238 2688 2238 2257 2688 2257 2689 2688 2257 2256 2689 2684 2688 2689 2684 2689 2686 2684 2659 2688 2659 2663 2688 2250 2665 2690 2250 2690 2691 2250 2691 2271 2271 2691 2270 2669 2692 2693 2669 2668 2692 2693 2692 2694 2693 2694 2695 2690 2693 2695 2690 2695 2691 2690 2665 2693 2665 2669 2693 2696 2697 2698 2696 2698 2699 2696 2699 2700 2692 2696 2700 2692 2700 2694 2692 2668 2696 2668 2697 2696 2668 2670 2697 2701 2702 2703 2701 2703 2704 2701 2704 2705 2698 2701 2705 2698 2705 2699 2698 2706 2701 2698 2697 2706 2701 2706 2702 2707 2708 2709 2707 2709 2710 2707 2710 2711 2703 2707 2711 2703 2711 2704 2703 2712 2707 2703 2702 2712 2707 2712 2708 2676 2713 2714 2676 2675 2713 2714 2713 2715 2714 2715 2716 2709 2714 2716 2709 2716 2710 2709 2717 2714 2709 2708 2717 2676 2714 2717 2676 2717 2677 2682 2718 2719 2682 2681 2718 2719 2718 2720 2719 2720 2721 2713 2719 2721 2713 2721 2715 2713 2675 2719 2675 2682 2719 2687 2722 2723 2687 2686 2722 2723 2722 2724 2723 2724 2725 2718 2723 2725 2718 2725 2720 2718 2681 2723 2681 2687 2723 2689 2256 2726 2256 2277 2726 2277 2727 2726 2277 2276 2727 2722 2726 2727 2722 2727 2724 2722 2686 2726 2686 2689 2726 2270 2691 2728 2270 2728 2729 2270 2729 2289 2289 2729 2288 2695 2730 2731 2695 2694 2730 2731 2730 2732 2731 2732 2733 2728 2731 2733 2728 2733 2729 2728 2691 2731 2691 2695 2731 2700 2734 2735 2700 2699 2734 2735 2734 2736 2735 2736 2737 2730 2735 2737 2730 2737 2732 2730 2694 2735 2694 2700 2735 2705 2738 2739 2705 2704 2738 2739 2738 2740 2739 2740 2741 2734 2739 2741 2734 2741 2736 2734 2699 2739 2699 2705 2739 2711 2742 2743 2711 2710 2742 2743 2742 2744 2743 2744 2745 2738 2743 2745 2738 2745 2740 2738 2704 2743 2704 2711 2743 2716 2746 2747 2716 2715 2746 2747 2746 2748 2747 2748 2749 2742 2747 2749 2742 2749 2744 2742 2710 2747 2710 2716 2747 2721 2750 2751 2721 2720 2750 2751 2750 2752 2751 2752 2753 2746 2751 2753 2746 2753 2748 2746 2715 2751 2715 2721 2751 2725 2754 2755 2725 2724 2754 2755 2754 2756 2755 2756 2757 2750 2755 2757 2750 2757 2752 2750 2720 2755 2720 2725 2755 2727 2276 2758 2276 2295 2758 2295 2759 2758 2295 2294 2759 2754 2758 2759 2754 2759 2756 2754 2724 2758 2724 2727 2758 2288 2729 2760 2288 2760 2303 2733 2761 2762 2733 2732 2761 2762 2761 2763 2303 2762 2763 2303 2763 2307 2303 2760 2762 2760 2729 2762 2729 2733 2762 2737 2764 2765 2737 2736 2764 2765 2764 2766 2765 2766 2767 2761 2765 2767 2761 2767 2763 2761 2732 2765 2732 2737 2765 2741 2768 2769 2741 2740 2768 2769 2768 2770 2769 2770 2771 2764 2769 2771 2764 2771 2766 2764 2736 2769 2736 2741 2769 2745 2772 2773 2745 2744 2772 2773 2772 2774 2773 2774 2775 2768 2773 2775 2768 2775 2770 2768 2740 2773 2740 2745 2773 2749 2776 2777 2749 2748 2776 2777 2776 2778 2777 2778 2779 2772 2777 2779 2772 2779 2774 2772 2744 2777 2744 2749 2777 2753 2780 2781 2753 2752 2780 2781 2780 2782 2781 2782 2783 2776 2781 2783 2776 2783 2778 2776 2748 2781 2748 2753 2781 2757 2784 2785 2757 2756 2784 2314 2785 2784 2314 2784 2309 2314 2786 2785 2314 2313 2786 2780 2785 2786 2780 2786 2782 2780 2752 2785 2752 2757 2785 2759 2294 2787 2294 2319 2787 2319 2309 2787 2309 2784 2787 2784 2756 2787 2756 2759 2787 2307 2763 2788 2307 2788 2327 2767 2789 2790 2767 2766 2789 2790 2789 2791 2327 2790 2791 2327 2791 2331 2327 2788 2790 2788 2763 2790 2763 2767 2790 2771 2792 2793 2771 2770 2792 2793 2792 2794 2793 2794 2795 2789 2793 2795 2789 2795 2791 2789 2766 2793 2766 2771 2793 2775 2796 2797 2775 2774 2796 2797 2796 2798 2797 2798 2799 2792 2797 2799 2792 2799 2794 2792 2770 2797 2770 2775 2797 2779 2800 2801 2779 2778 2800 2801 2800 2802 2801 2802 2803 2796 2801 2803 2796 2803 2798 2796 2774 2801 2774 2779 2801 2783 2804 2805 2783 2782 2804 2338 2805 2804 2338 2804 2333 2338 2806 2805 2338 2337 2806 2800 2805 2806 2800 2806 2802 2800 2778 2805 2778 2783 2805 2786 2313 2807 2313 2343 2807 2343 2333 2807 2333 2804 2807 2804 2782 2807 2782 2786 2807 2331 2791 2808 2331 2808 2355 2795 2809 2810 2795 2794 2809 2364 2810 2809 2364 2809 2360 2364 2355 2810 2355 2808 2810 2808 2791 2810 2791 2795 2810 2799 2811 2812 2799 2798 2811 2370 2812 2811 2370 2811 2366 2370 2360 2812 2360 2809 2812 2809 2794 2812 2794 2799 2812 2803 2813 2814 2803 2802 2813 2376 2814 2813 2376 2813 2372 2376 2366 2814 2366 2811 2814 2811 2798 2814 2798 2803 2814 2806 2337 2815 2337 2381 2815 2381 2372 2815 2372 2813 2815 2813 2802 2815 2802 2806 2815 2417 2414 2816 2417 2816 2416 2421 2420 2817 2421 2817 2818 2421 2818 2414 2414 2818 2816 2425 2424 2819 2425 2819 2820 2425 2820 2420 2420 2820 2817 2429 2428 2821 2429 2821 2822 2429 2822 2424 2424 2822 2819 2428 2431 2823 2428 2823 2821 2437 2434 2824 2437 2824 2436 2416 2816 2825 2416 2825 2826 2416 2826 2439 2439 2826 2434 2434 2827 2824 2434 2826 2827 2826 2828 2827 2826 2825 2828 2818 2817 2829 2816 2830 2825 2816 2818 2829 2816 2829 2830 2820 2819 2831 2817 2832 2829 2817 2820 2831 2817 2831 2832 2822 2821 2833 2819 2834 2831 2819 2822 2833 2819 2833 2834 2823 2431 2835 2431 2836 2835 2431 2441 2836 2835 2836 2837 2835 2837 2838 2821 2835 2838 2821 2838 2833 2821 2823 2835 2441 2443 2839 2441 2839 2836 2436 2824 2840 2436 2840 2841 2436 2841 2447 2447 2842 2446 2447 2841 2842 2841 2843 2842 2841 2844 2843 2841 2840 2844 2824 2845 2840 2824 2827 2845 2837 2836 2846 2837 2846 2838 2839 2443 2847 2443 2452 2847 2452 2848 2847 2452 2451 2848 2847 2848 2849 2836 2847 2849 2836 2849 2846 2836 2839 2847 2458 2454 2850 2458 2850 2457 2842 2851 2446 2446 2851 2459 2459 2851 2454 2454 2852 2850 2454 2851 2852 2851 2853 2852 2842 2843 2853 2842 2853 2851 2848 2451 2854 2451 2855 2854 2451 2460 2855 2854 2855 2856 2854 2856 2857 2854 2857 2858 2848 2854 2858 2848 2858 2849 2460 2463 2859 2460 2859 2855 2457 2850 2860 2457 2860 2861 2457 2861 2467 2467 2861 2466 2860 2862 2861 2860 2850 2863 2860 2863 2862 2850 2852 2863 2856 2864 2865 2856 2855 2864 2865 2864 2866 2865 2866 2867 2865 2867 2868 2865 2868 2869 2856 2865 2869 2856 2869 2857 2859 2463 2870 2463 2471 2870 2471 2871 2870 2471 2470 2871 2864 2870 2871 2864 2871 2866 2864 2855 2870 2855 2859 2870 2466 2861 2872 2466 2872 2873 2466 2873 2475 2475 2873 2474 2872 2874 2873 2872 2861 2875 2872 2875 2874 2861 2862 2875 2867 2876 2877 2867 2866 2876 2877 2876 2878 2877 2878 2879 2877 2879 2880 2877 2880 2881 2867 2877 2881 2867 2881 2868 2871 2470 2882 2470 2479 2882 2479 2883 2882 2479 2478 2883 2876 2882 2883 2876 2883 2878 2876 2866 2882 2866 2871 2882 2474 2873 2884 2474 2884 2885 2474 2885 2483 2483 2885 2482 2884 2886 2885 2884 2873 2887 2884 2887 2886 2873 2874 2887 2879 2888 2889 2879 2878 2888 2889 2888 2890 2889 2890 2891 2889 2891 2892 2889 2892 2893 2879 2889 2893 2879 2893 2880 2883 2478 2894 2478 2487 2894 2487 2895 2894 2487 2486 2895 2888 2894 2895 2888 2895 2890 2888 2878 2894 2878 2883 2894 2482 2885 2896 2482 2896 2488 2488 2897 2491 2488 2896 2898 2488 2898 2897 2896 2885 2899 2896 2899 2898 2885 2886 2899 2891 2900 2901 2891 2890 2900 2901 2900 2902 2901 2902 2903 2901 2903 2904 2901 2904 2905 2891 2901 2905 2891 2905 2892 2895 2486 2906 2486 2496 2906 2496 2907 2906 2496 2495 2907 2900 2906 2907 2900 2907 2902 2900 2890 2906 2890 2895 2906 2897 2908 2909 2897 2909 2491 2491 2909 2910 2491 2910 2501 2501 2910 2500 2897 2898 2908 2909 2911 2910 2909 2908 2911 2903 2912 2913 2903 2902 2912 2913 2912 2914 2913 2914 2915 2913 2915 2916 2913 2916 2917 2903 2913 2917 2903 2917 2904 2907 2495 2918 2495 2507 2918 2507 2919 2918 2507 2506 2919 2912 2918 2919 2912 2919 2914 2912 2902 2918 2902 2907 2918 2500 2910 2920 2500 2920 2921 2500 2921 2513 2513 2921 2512 2920 2922 2921 2920 2910 2923 2920 2923 2922 2910 2911 2923 2915 2924 2925 2915 2914 2924 2925 2924 2926 2925 2926 2927 2925 2927 2928 2925 2928 2929 2915 2925 2929 2915 2929 2916 2919 2506 2930 2506 2519 2930 2519 2931 2930 2519 2518 2931 2924 2930 2931 2924 2931 2926 2924 2914 2930 2914 2919 2930 2512 2921 2932 2512 2932 2933 2512 2933 2525 2525 2933 2524 2932 2934 2933 2932 2921 2935 2932 2935 2934 2921 2922 2935 2927 2936 2937 2927 2926 2936 2937 2936 2938 2937 2938 2939 2937 2939 2940 2937 2940 2941 2927 2937 2941 2927 2941 2928 2931 2518 2942 2518 2943 2942 2518 2526 2943 2942 2943 2944 2936 2942 2944 2936 2944 2938 2936 2926 2942 2926 2931 2942 2526 2529 2945 2526 2945 2943 2524 2933 2946 2524 2946 2947 2524 2947 2533 2533 2947 2532 2946 2948 2947 2946 2933 2949 2946 2949 2948 2933 2934 2949 2939 2938 2950 2939 2950 2940 2944 2951 2952 2944 2943 2951 2952 2951 2953 2952 2953 2954 2952 2954 2955 2938 2952 2955 2938 2955 2950 2938 2944 2952 2945 2529 2956 2529 2537 2956 2537 2957 2956 2537 2536 2957 2951 2956 2957 2951 2957 2953 2951 2943 2956 2943 2945 2956 2542 2538 2958 2542 2958 2541 2532 2947 2959 2532 2959 2960 2532 2960 2543 2543 2960 2961 2543 2961 2538 2538 2961 2958 2959 2962 2960 2959 2947 2963 2959 2963 2962 2947 2948 2963 2954 2964 2965 2954 2953 2964 2965 2964 2966 2965 2966 2967 2965 2967 2968 2965 2968 2969 2954 2965 2969 2954 2969 2955 2957 2536 2970 2536 2548 2970 2548 2971 2970 2548 2547 2971 2964 2970 2971 2964 2971 2966 2964 2953 2970 2953 2957 2970 2541 2958 2972 2541 2972 2973 2541 2973 2553 2553 2973 2552 2961 2974 2975 2961 2960 2974 2975 2974 2976 2975 2976 2977 2972 2975 2977 2972 2977 2973 2972 2958 2975 2958 2961 2975 2974 2978 2976 2974 2960 2979 2974 2979 2978 2960 2962 2979 2967 2980 2981 2967 2966 2980 2981 2980 2982 2981 2982 2983 2981 2983 2984 2981 2984 2985 2967 2981 2985 2967 2985 2968 2971 2547 2986 2547 2559 2986 2559 2987 2986 2559 2558 2987 2980 2986 2987 2980 2987 2982 2980 2966 2986 2966 2971 2986 2552 2973 2988 2552 2988 2989 2552 2989 2565 2565 2989 2564 2977 2990 2991 2977 2976 2990 2991 2990 2992 2991 2992 2993 2988 2991 2993 2988 2993 2989 2988 2973 2991 2973 2977 2991 2990 2994 2992 2990 2976 2995 2990 2995 2994 2976 2978 2995 2983 2996 2997 2983 2982 2996 2997 2996 2998 2997 2998 2999 2997 2999 3000 2997 3000 3001 2983 2997 3001 2983 3001 2984 2987 2558 3002 2558 2571 3002 2571 3003 3002 2571 2570 3003 2996 3002 3003 2996 3003 2998 2996 2982 3002 2982 2987 3002 2564 2989 3004 2564 3004 2574 2993 3005 3006 2993 2992 3005 3006 3005 3007 2574 3006 3007 2574 3007 2577 2574 3004 3006 3004 2989 3006 2989 2993 3006 3005 3008 3007 3005 2992 3009 3005 3009 3008 2992 2994 3009 2999 3010 3011 2999 2998 3010 3011 3010 3012 3011 3012 3013 3011 3013 3014 3011 3014 3015 2999 3011 3015 2999 3015 3000 3003 2570 3016 2570 2582 3016 2582 3017 3016 2582 2581 3017 3010 3016 3017 3010 3017 3012 3010 2998 3016 2998 3003 3016 2577 3007 3018 2577 3018 3019 2577 3019 2587 2587 3019 2586 3018 3020 3019 3018 3007 3021 3018 3021 3020 3007 3008 3021 3022 3023 3024 3022 3024 3025 3022 3025 3026 3022 3026 3027 3022 3027 3028 3022 3028 3023 3013 3029 3030 3013 3012 3029 3030 3029 3031 3030 3031 3032 3024 3030 3032 3024 3032 3025 3024 3033 3030 3024 3023 3033 3013 3030 3033 3013 3033 3014 3017 2581 3034 2581 2591 3034 2591 3035 3034 2591 2590 3035 3029 3034 3035 3029 3035 3031 3029 3012 3034 3012 3017 3034 2586 3019 3036 2586 3036 3037 2586 3037 2595 2595 3037 2594 3038 3039 3040 3038 3040 3041 3038 3041 3042 3036 3038 3042 3036 3042 3037 3036 3019 3038 3019 3039 3038 3019 3020 3039 3040 3043 3041 3040 3039 3043 3026 3044 3045 3026 3025 3044 3045 3044 3046 3045 3046 3047 3045 3047 3048 3045 3048 3049 3026 3045 3049 3026 3049 3027 3032 3050 3051 3032 3031 3050 2602 3051 3050 2602 3050 2597 2602 3052 3051 2602 2601 3052 3044 3051 3052 3044 3052 3046 3044 3025 3051 3025 3032 3051 3035 2590 3053 2590 2605 3053 2605 2597 3053 2597 3050 3053 3050 3031 3053 3031 3035 3053 2594 3037 3054 2594 3054 3055 2594 3055 2609 2609 3055 2608 3042 3056 3057 3042 3041 3056 3057 3056 3058 3057 3058 3059 3054 3057 3059 3054 3059 3055 3054 3037 3057 3037 3042 3057 3056 3060 3058 3056 3041 3061 3056 3061 3060 3041 3043 3061 3062 3063 3064 3062 3064 3065 3062 3065 3066 3062 3066 3067 3062 3067 3068 3062 3068 3063 3047 3069 3070 3047 3046 3069 3070 3069 3071 3070 3071 3072 3064 3070 3072 3064 3072 3065 3064 3073 3070 3064 3063 3073 3047 3070 3073 3047 3073 3048 3052 2601 3074 2601 2615 3074 2615 3075 3074 2615 2614 3075 3069 3074 3075 3069 3075 3071 3069 3046 3074 3046 3052 3074 2608 3055 3076 2608 3076 2618 3059 3077 3078 3059 3058 3077 3078 3077 3079 2618 3078 3079 2618 3079 2621 2618 3076 3078 3076 3055 3078 3055 3059 3078 3080 3081 3082 3080 3082 3083 3080 3083 3084 3077 3080 3084 3077 3084 3079 3077 3058 3080 3058 3081 3080 3058 3060 3081 3085 3086 3087 3085 3087 3088 3085 3088 3089 3082 3085 3089 3082 3089 3083 3082 3090 3085 3082 3081 3090 3085 3090 3086 3091 3092 3093 3091 3093 3094 3091 3094 3095 3087 3091 3095 3087 3095 3088 3087 3096 3091 3087 3086 3096 3091 3096 3092 3066 3097 3098 3066 3065 3097 3098 3097 3099 3098 3099 3100 3093 3098 3100 3093 3100 3094 3093 3101 3098 3093 3092 3101 3066 3098 3101 3066 3101 3067 3072 3102 3103 3072 3071 3102 3103 3102 3104 3103 3104 3105 3097 3103 3105 3097 3105 3099 3097 3065 3103 3065 3072 3103 3075 2614 3106 2614 2627 3106 2627 3107 3106 2627 2626 3107 3102 3106 3107 3102 3107 3104 3102 3071 3106 3071 3075 3106 2621 3079 3108 2621 3108 3109 2621 3109 2633 2633 3109 2632 3084 3110 3111 3084 3083 3110 3111 3110 3112 3111 3112 3113 3108 3111 3113 3108 3113 3109 3108 3079 3111 3079 3084 3111 3089 3114 3115 3089 3088 3114 3115 3114 3116 3115 3116 3117 3110 3115 3117 3110 3117 3112 3110 3083 3115 3083 3089 3115 3095 3118 3119 3095 3094 3118 3119 3118 3120 3119 3120 3121 3114 3119 3121 3114 3121 3116 3114 3088 3119 3088 3095 3119 3100 3122 3123 3100 3099 3122 3123 3122 3124 3123 3124 3125 3118 3123 3125 3118 3125 3120 3118 3094 3123 3094 3100 3123 3105 3126 3127 3105 3104 3126 3127 3126 3128 3127 3128 3129 3122 3127 3129 3122 3129 3124 3122 3099 3127 3099 3105 3127 3107 2626 3130 2626 2639 3130 2639 3131 3130 2639 2638 3131 3126 3130 3131 3126 3131 3128 3126 3104 3130 3104 3107 3130 2632 3109 3132 2632 3132 2645 3113 3133 3134 3113 3112 3133 3134 3133 3135 2645 3134 3135 2645 3135 2649 2645 3132 3134 3132 3109 3134 3109 3113 3134 3117 3136 3137 3117 3116 3136 3137 3136 3138 3137 3138 3139 3133 3137 3139 3133 3139 3135 3133 3112 3137 3112 3117 3137 3121 3140 3141 3121 3120 3140 3141 3140 3142 3141 3142 3143 3136 3141 3143 3136 3143 3138 3136 3116 3141 3116 3121 3141 3125 3144 3145 3125 3124 3144 3145 3144 3146 3145 3146 3147 3140 3145 3147 3140 3147 3142 3140 3120 3145 3120 3125 3145 3129 3148 3149 3129 3128 3148 2656 3149 3148 2656 3148 2651 2656 3150 3149 2656 2655 3150 3144 3149 3150 3144 3150 3146 3144 3124 3149 3124 3129 3149 3131 2638 3151 2638 2661 3151 2661 2651 3151 2651 3148 3151 3148 3128 3151 3128 3131 3151 2649 3135 3152 2649 3152 3153 2649 3153 2671 2671 3153 2670 3139 3154 3155 3139 3138 3154 3155 3154 3156 3155 3156 3157 3152 3155 3157 3152 3157 3153 3152 3135 3155 3135 3139 3155 3143 3158 3159 3143 3142 3158 3159 3158 3160 3159 3160 3161 3154 3159 3161 3154 3161 3156 3154 3138 3159 3138 3143 3159 3147 3162 3163 3147 3146 3162 2678 3163 3162 2678 3162 2673 2678 3164 3163 2678 2677 3164 3158 3163 3164 3158 3164 3160 3158 3142 3163 3142 3147 3163 3150 2655 3165 2655 2683 3165 2683 2673 3165 2673 3162 3165 3162 3146 3165 3146 3150 3165 2670 3153 3166 2670 3166 2697 3157 3167 3168 3157 3156 3167 2706 3168 3167 2706 3167 2702 2706 2697 3168 2697 3166 3168 3166 3153 3168 3153 3157 3168 3161 3169 3170 3161 3160 3169 2712 3170 3169 2712 3169 2708 2712 2702 3170 2702 3167 3170 3167 3156 3170 3156 3161 3170 3164 2677 3171 2677 2717 3171 2717 2708 3171 2708 3169 3171 3169 3160 3171 3160 3164 3171 2828 2825 3172 2828 3172 2827 2830 2829 3173 2830 3173 3174 2830 3174 2825 2825 3174 3172 2832 2831 3175 2832 3175 3176 2832 3176 2829 2829 3176 3173 2834 2833 3177 2834 3177 3178 2834 3178 2831 2831 3178 3175 2833 2838 3179 2833 3179 3177 2844 2840 3180 2844 3180 2843 2827 3172 3181 2827 3181 3182 2827 3182 2845 2845 3182 2840 2840 3183 3180 2840 3182 3183 3182 3184 3183 3182 3181 3184 3174 3173 3185 3172 3186 3181 3172 3174 3185 3172 3185 3186 3176 3175 3187 3173 3188 3185 3173 3176 3187 3173 3187 3188 3178 3177 3189 3175 3190 3187 3175 3178 3189 3175 3189 3190 3179 2838 3191 2838 3192 3191 2838 2846 3192 3191 3192 3193 3191 3193 3194 3177 3191 3194 3177 3194 3189 3177 3179 3191 2846 2849 3195 2846 3195 3192 2843 3180 3196 2843 3196 3197 2843 3197 2853 2853 3197 2852 3196 3198 3197 3196 3180 3199 3196 3199 3198 3180 3183 3199 3193 3200 3201 3193 3192 3200 3201 3200 3202 3201 3202 3203 3201 3203 3204 3201 3204 3205 3193 3201 3205 3193 3205 3194 3195 2849 3206 2849 2858 3206 2858 3207 3206 2858 2857 3207 3200 3206 3207 3200 3207 3202 3200 3192 3206 3192 3195 3206 2852 3197 3208 2852 3208 3209 2852 3209 2863 2863 3210 2862 2863 3209 3210 3209 3211 3210 3209 3212 3211 3209 3208 3212 3197 3213 3208 3197 3198 3213 3203 3202 3214 3203 3214 3204 3207 2857 3215 2857 2869 3215 2869 3216 3215 2869 2868 3216 3215 3216 3217 3202 3215 3217 3202 3217 3214 3202 3207 3215 3210 3218 2862 2862 3218 2875 2875 3219 2874 2875 3218 3219 3218 3220 3219 3218 3221 3220 3210 3211 3221 3210 3221 3218 3216 2868 3222 2868 2881 3222 2881 3223 3222 2881 2880 3223 3222 3223 3224 3222 3224 3225 3216 3222 3225 3216 3225 3217 3219 3226 3227 3219 3227 2874 2874 3227 3228 2874 3228 2887 2887 3228 2886 3219 3220 3226 3227 3229 3228 3227 3226 3229 3230 3231 3232 3230 3232 3233 3230 3233 3234 3230 3234 3235 3230 3235 3236 3230 3236 3231 3223 2880 3237 2880 2893 3237 2893 3238 3237 2893 2892 3238 3232 3237 3238 3232 3238 3233 3232 3239 3237 3232 3231 3239 3223 3237 3239 3223 3239 3224 2886 3228 3240 2886 3240 3241 2886 3241 2899 2899 3241 2898 3240 3242 3241 3240 3228 3243 3240 3243 3242 3228 3229 3243 3234 3244 3245 3234 3233 3244 3245 3244 3246 3245 3246 3247 3245 3247 3248 3245 3248 3249 3234 3245 3249 3234 3249 3235 3238 2892 3250 2892 2905 3250 2905 3251 3250 2905 2904 3251 3244 3250 3251 3244 3251 3246 3244 3233 3250 3233 3238 3250 2898 3241 3252 2898 3252 2908 3253 3254 3255 3253 3255 3256 2908 3253 3256 2908 3256 2911 2908 3252 3253 3252 3241 3253 3241 3254 3253 3241 3242 3254 3257 3258 3259 3257 3259 3260 3257 3260 3261 3255 3257 3261 3255 3261 3256 3255 3262 3257 3255 3254 3262 3257 3262 3258 3263 3264 3265 3263 3265 3266 3263 3266 3267 3259 3263 3267 3259 3267 3260 3259 3268 3263 3259 3258 3268 3263 3268 3264 3269 3270 3271 3269 3271 3272 3269 3272 3273 3265 3269 3273 3265 3273 3266 3265 3274 3269 3265 3264 3274 3269 3274 3270 3247 3275 3276 3247 3246 3275 3276 3275 3277 3276 3277 3278 3271 3276 3278 3271 3278 3272 3271 3279 3276 3271 3270 3279 3247 3276 3279 3247 3279 3248 3251 2904 3280 2904 2917 3280 2917 3281 3280 2917 2916 3281 3275 3280 3281 3275 3281 3277 3275 3246 3280 3246 3251 3280 2911 3256 3282 2911 3282 3283 2911 3283 2923 2923 3283 2922 3261 3284 3285 3261 3260 3284 3285 3284 3286 3285 3286 3287 3282 3285 3287 3282 3287 3283 3282 3256 3285 3256 3261 3285 3267 3288 3289 3267 3266 3288 3289 3288 3290 3289 3290 3291 3284 3289 3291 3284 3291 3286 3284 3260 3289 3260 3267 3289 3273 3292 3293 3273 3272 3292 3293 3292 3294 3293 3294 3295 3288 3293 3295 3288 3295 3290 3288 3266 3293 3266 3273 3293 3278 3296 3297 3278 3277 3296 3297 3296 3298 3297 3298 3299 3292 3297 3299 3292 3299 3294 3292 3272 3297 3272 3278 3297 3281 2916 3300 2916 2929 3300 2929 3301 3300 2929 2928 3301 3296 3300 3301 3296 3301 3298 3296 3277 3300 3277 3281 3300 2922 3283 3302 2922 3302 3303 2922 3303 2935 2935 3303 2934 3287 3304 3305 3287 3286 3304 3305 3304 3306 3305 3306 3307 3302 3305 3307 3302 3307 3303 3302 3283 3305 3283 3287 3305 3291 3308 3309 3291 3290 3308 3309 3308 3310 3309 3310 3311 3304 3309 3311 3304 3311 3306 3304 3286 3309 3286 3291 3309 3295 3312 3313 3295 3294 3312 3313 3312 3314 3313 3314 3315 3308 3313 3315 3308 3315 3310 3308 3290 3313 3290 3295 3313 3299 3316 3317 3299 3298 3316 3317 3316 3318 3317 3318 3319 3312 3317 3319 3312 3319 3314 3312 3294 3317 3294 3299 3317 3301 2928 3320 2928 2941 3320 2941 3321 3320 2941 2940 3321 3316 3320 3321 3316 3321 3318 3316 3298 3320 3298 3301 3320 2934 3303 3322 2934 3322 3323 2934 3323 2949 2949 3323 2948 3307 3324 3325 3307 3306 3324 3325 3324 3326 3325 3326 3327 3322 3325 3327 3322 3327 3323 3322 3303 3325 3303 3307 3325 3311 3328 3329 3311 3310 3328 3329 3328 3330 3329 3330 3331 3324 3329 3331 3324 3331 3326 3324 3306 3329 3306 3311 3329 3315 3332 3333 3315 3314 3332 3333 3332 3334 3333 3334 3335 3328 3333 3335 3328 3335 3330 3328 3310 3333 3310 3315 3333 3319 3336 3337 3319 3318 3336 3337 3336 3338 3337 3338 3339 3332 3337 3339 3332 3339 3334 3332 3314 3337 3314 3319 3337 3321 2940 3340 2940 3341 3340 2940 2950 3341 3340 3341 3342 3336 3340 3342 3336 3342 3338 3336 3318 3340 3318 3321 3340 2950 2955 3343 2950 3343 3341 2948 3323 3344 2948 3344 3345 2948 3345 2963 2963 3345 2962 3327 3346 3347 3327 3326 3346 3347 3346 3348 3347 3348 3349 3344 3347 3349 3344 3349 3345 3344 3323 3347 3323 3327 3347 3331 3350 3351 3331 3330 3350 3351 3350 3352 3351 3352 3353 3346 3351 3353 3346 3353 3348 3346 3326 3351 3326 3331 3351 3335 3354 3355 3335 3334 3354 3355 3354 3356 3355 3356 3357 3350 3355 3357 3350 3357 3352 3350 3330 3355 3330 3335 3355 3339 3358 3359 3339 3338 3358 3359 3358 3360 3359 3360 3361 3354 3359 3361 3354 3361 3356 3354 3334 3359 3334 3339 3359 3342 3362 3363 3342 3341 3362 3363 3362 3364 3363 3364 3365 3358 3363 3365 3358 3365 3360 3358 3338 3363 3338 3342 3363 3343 2955 3366 2955 2969 3366 2969 3367 3366 2969 2968 3367 3362 3366 3367 3362 3367 3364 3362 3341 3366 3341 3343 3366 2962 3345 3368 2962 3368 3369 2962 3369 2979 2979 3369 2978 3349 3370 3371 3349 3348 3370 3371 3370 3372 3371 3372 3373 3368 3371 3373 3368 3373 3369 3368 3345 3371 3345 3349 3371 3353 3374 3375 3353 3352 3374 3375 3374 3376 3375 3376 3377 3370 3375 3377 3370 3377 3372 3370 3348 3375 3348 3353 3375 3357 3378 3379 3357 3356 3378 3379 3378 3380 3379 3380 3381 3374 3379 3381 3374 3381 3376 3374 3352 3379 3352 3357 3379 3361 3382 3383 3361 3360 3382 3383 3382 3384 3383 3384 3385 3378 3383 3385 3378 3385 3380 3378 3356 3383 3356 3361 3383 3365 3386 3387 3365 3364 3386 3387 3386 3388 3387 3388 3389 3382 3387 3389 3382 3389 3384 3382 3360 3387 3360 3365 3387 3367 2968 3390 2968 2985 3390 2985 3391 3390 2985 2984 3391 3386 3390 3391 3386 3391 3388 3386 3364 3390 3364 3367 3390 2978 3369 3392 2978 3392 3393 2978 3393 2995 2995 3393 2994 3373 3394 3395 3373 3372 3394 3395 3394 3396 3395 3396 3397 3392 3395 3397 3392 3397 3393 3392 3369 3395 3369 3373 3395 3377 3398 3399 3377 3376 3398 3399 3398 3400 3399 3400 3401 3394 3399 3401 3394 3401 3396 3394 3372 3399 3372 3377 3399 3381 3402 3403 3381 3380 3402 3403 3402 3404 3403 3404 3405 3398 3403 3405 3398 3405 3400 3398 3376 3403 3376 3381 3403 3385 3406 3407 3385 3384 3406 3407 3406 3408 3407 3408 3409 3402 3407 3409 3402 3409 3404 3402 3380 3407 3380 3385 3407 3389 3410 3411 3389 3388 3410 3411 3410 3412 3411 3412 3413 3406 3411 3413 3406 3413 3408 3406 3384 3411 3384 3389 3411 3391 2984 3414 2984 3001 3414 3001 3415 3414 3001 3000 3415 3410 3414 3415 3410 3415 3412 3410 3388 3414 3388 3391 3414 2994 3393 3416 2994 3416 3417 2994 3417 3009 3009 3417 3008 3397 3418 3419 3397 3396 3418 3419 3418 3420 3419 3420 3421 3416 3419 3421 3416 3421 3417 3416 3393 3419 3393 3397 3419 3401 3422 3423 3401 3400 3422 3423 3422 3424 3423 3424 3425 3418 3423 3425 3418 3425 3420 3418 3396 3423 3396 3401 3423 3405 3426 3427 3405 3404 3426 3427 3426 3428 3427 3428 3429 3422 3427 3429 3422 3429 3424 3422 3400 3427 3400 3405 3427 3409 3430 3431 3409 3408 3430 3431 3430 3432 3431 3432 3433 3426 3431 3433 3426 3433 3428 3426 3404 3431 3404 3409 3431 3413 3434 3435 3413 3412 3434 3435 3434 3436 3435 3436 3437 3430 3435 3437 3430 3437 3432 3430 3408 3435 3408 3413 3435 3415 3000 3438 3000 3015 3438 3015 3439 3438 3015 3014 3439 3434 3438 3439 3434 3439 3436 3434 3412 3438 3412 3415 3438 3008 3417 3440 3008 3440 3441 3008 3441 3021 3021 3441 3020 3421 3442 3443 3421 3420 3442 3443 3442 3444 3443 3444 3445 3440 3443 3445 3440 3445 3441 3440 3417 3443 3417 3421 3443 3425 3446 3447 3425 3424 3446 3447 3446 3448 3447 3448 3449 3442 3447 3449 3442 3449 3444 3442 3420 3447 3420 3425 3447 3429 3450 3451 3429 3428 3450 3451 3450 3452 3451 3452 3453 3446 3451 3453 3446 3453 3448 3446 3424 3451 3424 3429 3451 3433 3454 3455 3433 3432 3454 3455 3454 3456 3455 3456 3457 3450 3455 3457 3450 3457 3452 3450 3428 3455 3428 3433 3455 3437 3458 3459 3437 3436 3458 3028 3459 3458 3028 3458 3023 3028 3460 3459 3028 3027 3460 3454 3459 3460 3454 3460 3456 3454 3432 3459 3432 3437 3459 3439 3014 3461 3014 3033 3461 3033 3023 3461 3023 3458 3461 3458 3436 3461 3436 3439 3461 3020 3441 3462 3020 3462 3039 3445 3463 3464 3445 3444 3463 3464 3463 3465 3039 3464 3465 3039 3465 3043 3039 3462 3464 3462 3441 3464 3441 3445 3464 3449 3466 3467 3449 3448 3466 3467 3466 3468 3467 3468 3469 3463 3467 3469 3463 3469 3465 3463 3444 3467 3444 3449 3467 3453 3470 3471 3453 3452 3470 3471 3470 3472 3471 3472 3473 3466 3471 3473 3466 3473 3468 3466 3448 3471 3448 3453 3471 3457 3474 3475 3457 3456 3474 3475 3474 3476 3475 3476 3477 3470 3475 3477 3470 3477 3472 3470 3452 3475 3452 3457 3475 3460 3027 3478 3027 3049 3478 3049 3479 3478 3049 3048 3479 3474 3478 3479 3474 3479 3476 3474 3456 3478 3456 3460 3478 3043 3465 3480 3043 3480 3481 3043 3481 3061 3061 3481 3060 3469 3482 3483 3469 3468 3482 3483 3482 3484 3483 3484 3485 3480 3483 3485 3480 3485 3481 3480 3465 3483 3465 3469 3483 3473 3486 3487 3473 3472 3486 3487 3486 3488 3487 3488 3489 3482 3487 3489 3482 3489 3484 3482 3468 3487 3468 3473 3487 3477 3490 3491 3477 3476 3490 3068 3491 3490 3068 3490 3063 3068 3492 3491 3068 3067 3492 3486 3491 3492 3486 3492 3488 3486 3472 3491 3472 3477 3491 3479 3048 3493 3048 3073 3493 3073 3063 3493 3063 3490 3493 3490 3476 3493 3476 3479 3493 3060 3481 3494 3060 3494 3081 3485 3495 3496 3485 3484 3495 3090 3496 3495 3090 3495 3086 3090 3081 3496 3081 3494 3496 3494 3481 3496 3481 3485 3496 3489 3497 3498 3489 3488 3497 3096 3498 3497 3096 3497 3092 3096 3086 3498 3086 3495 3498 3495 3484 3498 3484 3489 3498 3492 3067 3499 3067 3101 3499 3101 3092 3499 3092 3497 3499 3497 3488 3499 3488 3492 3499 3184 3181 3500 3184 3500 3183 3186 3185 3501 3186 3501 3502 3186 3502 3181 3181 3502 3500 3188 3187 3503 3188 3503 3504 3188 3504 3185 3185 3504 3501 3190 3189 3505 3190 3505 3506 3190 3506 3187 3187 3506 3503 3189 3194 3507 3189 3507 3505 3183 3500 3508 3183 3508 3509 3183 3509 3199 3199 3509 3198 3502 3510 3511 3502 3501 3510 3511 3510 3512 3511 3512 3513 3508 3511 3513 3508 3513 3509 3508 3500 3511 3500 3502 3511 3504 3514 3515 3504 3503 3514 3515 3514 3516 3515 3516 3517 3510 3515 3517 3510 3517 3512 3510 3501 3515 3501 3504 3515 3506 3518 3519 3506 3505 3518 3519 3518 3520 3519 3520 3521 3514 3519 3521 3514 3521 3516 3514 3503 3519 3503 3506 3519 3507 3194 3522 3194 3205 3522 3205 3523 3522 3205 3204 3523 3518 3522 3523 3518 3523 3520 3518 3505 3522 3505 3507 3522 3212 3208 3524 3212 3524 3211 3198 3509 3525 3198 3525 3526 3198 3526 3213 3213 3526 3527 3213 3527 3208 3208 3527 3524 3513 3528 3529 3513 3512 3528 3529 3528 3530 3529 3530 3531 3525 3529 3531 3525 3531 3526 3525 3509 3529 3509 3513 3529 3517 3532 3533 3517 3516 3532 3533 3532 3534 3533 3534 3535 3528 3533 3535 3528 3535 3530 3528 3512 3533 3512 3517 3533 3521 3536 3537 3521 3520 3536 3537 3536 3538 3537 3538 3539 3532 3537 3539 3532 3539 3534 3532 3516 3537 3516 3521 3537 3523 3204 3540 3204 3541 3540 3204 3214 3541 3540 3541 3542 3536 3540 3542 3536 3542 3538 3536 3520 3540 3520 3523 3540 3214 3217 3543 3214 3543 3541 3211 3524 3544 3211 3544 3545 3211 3545 3221 3221 3545 3220 3527 3546 3547 3527 3526 3546 3547 3546 3548 3547 3548 3549 3544 3547 3549 3544 3549 3545 3544 3524 3547 3524 3527 3547 3531 3550 3551 3531 3530 3550 3551 3550 3552 3551 3552 3553 3546 3551 3553 3546 3553 3548 3546 3526 3551 3526 3531 3551 3535 3554 3555 3535 3534 3554 3555 3554 3556 3555 3556 3557 3550 3555 3557 3550 3557 3552 3550 3530 3555 3530 3535 3555 3539 3558 3559 3539 3538 3558 3559 3558 3560 3559 3560 3561 3554 3559 3561 3554 3561 3556 3554 3534 3559 3534 3539 3559 3542 3562 3563 3542 3541 3562 3563 3562 3564 3563 3564 3565 3558 3563 3565 3558 3565 3560 3558 3538 3563 3538 3542 3563 3543 3217 3566 3217 3225 3566 3225 3567 3566 3225 3224 3567 3562 3566 3567 3562 3567 3564 3562 3541 3566 3541 3543 3566 3220 3545 3568 3220 3568 3226 3549 3569 3570 3549 3548 3569 3570 3569 3571 3226 3570 3571 3226 3571 3229 3226 3568 3570 3568 3545 3570 3545 3549 3570 3553 3572 3573 3553 3552 3572 3573 3572 3574 3573 3574 3575 3569 3573 3575 3569 3575 3571 3569 3548 3573 3548 3553 3573 3557 3576 3577 3557 3556 3576 3577 3576 3578 3577 3578 3579 3572 3577 3579 3572 3579 3574 3572 3552 3577 3552 3557 3577 3561 3580 3581 3561 3560 3580 3581 3580 3582 3581 3582 3583 3576 3581 3583 3576 3583 3578 3576 3556 3581 3556 3561 3581 3565 3584 3585 3565 3564 3584 3236 3585 3584 3236 3584 3231 3236 3586 3585 3236 3235 3586 3580 3585 3586 3580 3586 3582 3580 3560 3585 3560 3565 3585 3567 3224 3587 3224 3239 3587 3239 3231 3587 3231 3584 3587 3584 3564 3587 3564 3567 3587 3229 3571 3588 3229 3588 3589 3229 3589 3243 3243 3589 3242 3575 3590 3591 3575 3574 3590 3591 3590 3592 3591 3592 3593 3588 3591 3593 3588 3593 3589 3588 3571 3591 3571 3575 3591 3579 3594 3595 3579 3578 3594 3595 3594 3596 3595 3596 3597 3590 3595 3597 3590 3597 3592 3590 3574 3595 3574 3579 3595 3583 3598 3599 3583 3582 3598 3599 3598 3600 3599 3600 3601 3594 3599 3601 3594 3601 3596 3594 3578 3599 3578 3583 3599 3586 3235 3602 3235 3249 3602 3249 3603 3602 3249 3248 3603 3598 3602 3603 3598 3603 3600 3598 3582 3602 3582 3586 3602 3242 3589 3604 3242 3604 3254 3593 3605 3606 3593 3592 3605 3262 3606 3605 3262 3605 3258 3262 3254 3606 3254 3604 3606 3604 3589 3606 3589 3593 3606 3597 3607 3608 3597 3596 3607 3268 3608 3607 3268 3607 3264 3268 3258 3608 3258 3605 3608 3605 3592 3608 3592 3597 3608 3601 3609 3610 3601 3600 3609 3274 3610 3609 3274 3609 3270 3274 3264 3610 3264 3607 3610 3607 3596 3610 3596 3601 3610 3603 3248 3611 3248 3279 3611 3279 3270 3611 3270 3609 3611 3609 3600 3611 3600 3603 3611</p></triangles>
</mesh></geometry></library_geometries>
<library_visual_scenes><visual_scene id="Scene"><node id="foot-node"><instance_geometry url="#foot"/></node></visual_scene></library_visual_scenes>
<scene><instance_visual_scene url="#Scene"/></scene>
</COLLADA>
