#VRML V2.0 utf8
Shape { geometry IndexedFaceSet { solid FALSE coord Coordinate { point [ -0.0121097574 0.00189024280 -0.0298902430, -0.0120000001 0.00185250794 -0.0298525076, -0.0120000001 0.00200000009 -0.0293882228, -0.0120000001 0.00181906554 -0.0299999993, -0.0121298190 0.00187018141 -0.0299999993, -0.0123513667 0.00200000009 -0.0299999993, -0.0122256009 0.00200000009 -0.0297743995, -0.00514249457 0.000857505365 -0.0288575049, -0.00400000019 0.000673914270 -0.0286739133, -0.00400000019 0.00200000009 -0.0221827049, -0.00400000019 0.000480608898 -0.0299999993, -0.00536240172 0.000637598452 -0.0299999993, -0.00738766557 0.00200000009 -0.0266123340, 0.00267391419 0.000673914270 -0.0286739133, 0.00400000019 0.000673914270 -0.0286739133, 0.00400000019 0.00200000009 -0.0221827049, 0.00400000019 0.000480608898 -0.0299999993, 0.00248060888 0.000480608898 -0.0299999993, -0.00381729472 0.00200000009 -0.0221827049, 0.0118247205 0.00182472018 -0.0298247207, 0.0120000001 0.00185250794 -0.0298525076, 0.0120000001 0.00200000009 -0.0293882228, 0.0120000001 0.00181895983 -0.0299999993, 0.0117939916 0.00179399108 -0.0299999993, 0.00537370285 0.00200000009 -0.0233737025, 0.0123532657 0.00200000009 -0.0299999993, -0.0120000001 0.00113443541 -0.0371344350, -0.0126367854 0.00136321469 -0.0373632163, -0.0120000001 0.00107425160 -0.0379999988, -0.0126917884 0.00130821147 -0.0379999988, -0.0139549626 0.00200000009 -0.0379999988, -0.0135528166 0.00200000009 -0.0364471860, -0.00400000019 0.000208266676 -0.0362082683, -0.00561361061 0.000386389205 -0.0363863893, -0.00400000019 0.000147339917 -0.0379999988, -0.00571331661 0.000286683528 -0.0379999988, 0.00400000019 0.000208266676 -0.0362082683, 0.00220826664 0.000208266676 -0.0362082683, 0.00400000019 0.000146067614 -0.0379999988, 0.00214733975 0.000147339917 -0.0379999988, 0.0120000001 0.00111523061 -0.0371152312, 0.0110055497 0.00100554910 -0.0370055512, 0.0120000001 0.00104638212 -0.0379999988, 0.0109664192 0.000966419349 -0.0379999988, 0.0141406842 0.00200000009 -0.0379999988, 0.0125095621 0.00200000009 -0.0305095632, -0.0120000001 0.00120272546 -0.0452027246, -0.0125930617 0.00140693865 -0.0454069413, -0.0120000001 0.00120464619 -0.0460000001, -0.0125961415 0.00140385865 -0.0460000001, -0.0136787966 0.00200000009 -0.0460000001, -0.0137183508 0.00200000009 -0.0442816503, -0.00400000019 0.000197885063 -0.0441978835, -0.00566554302 0.000334457058 -0.0443344563, -0.00400000019 0.000200718641 -0.0460000001, -0.00566201285 0.000337987061 -0.0460000001, 0.00400000019 0.000180991163 -0.0441809930, 0.00218224642 0.000182246571 -0.0441822484, 0.00400000019 0.000180468458 -0.0460000001, 0.00218509743 0.000185097510 -0.0460000001, 0.0120000001 0.00101746549 -0.0450174622, 0.0109354444 0.000935444376 -0.0449354425, 0.0120000001 0.00100706308 -0.0460000001, 0.0109351017 0.000935101067 -0.0460000001, 0.0144567750 0.00200000009 -0.0460000001, 0.0143993041 0.00200000009 -0.0403993018, -0.0120000001 0.00194945640 -0.0539494567, -0.0120369270 0.00196307222 -0.0539630726, -0.0120000001 0.00195231708 -0.0540000014, -0.0120348344 0.00196516560 -0.0540000014, -0.0120960232 0.00200000009 -0.0540000014, -0.0121205244 0.00200000009 -0.0538794734, -0.00400000019 0.000521717186 -0.0525217168, -0.00536013162 0.000639868143 -0.0526398681, -0.00400000019 0.000563133392 -0.0540000014, -0.00529522914 0.000704771082 -0.0540000014, 0.00400000019 0.000443136203 -0.0524431393, 0.00244726497 0.000447264902 -0.0524472669, 0.00400000019 0.000478420698 -0.0540000014, 0.00249028415 0.000490284176 -0.0540000014, 0.0120000001 0.00139316998 -0.0533931702, 0.0113465814 0.00134658138 -0.0533465818, 0.0120000001 0.00141169713 -0.0540000014, 0.0113634132 0.00136341318 -0.0540000014, 0.0135367578 0.00200000009 -0.0540000014, 0.0143282171 0.00200000009 -0.0483282171, -0.0120000001 0.00200000009 -0.0542937331, -0.00400000019 0.00131618022 -0.0613161810, -0.00460951915 0.00139048090 -0.0613904819, -0.00400000019 0.00136181456 -0.0619999990, -0.00455457345 0.00144542637 -0.0619999990, -0.00675157970 0.00200000009 -0.0619999990, 0.00400000019 0.00107497198 -0.0610749684, 0.00308284280 0.00108284282 -0.0610828437, 0.00400000019 0.00112534023 -0.0619999990, 0.00314222323 0.00114222325 -0.0619999990, 0.0120000001 0.00200000009 -0.0605927892, 0.0110105574 0.00200000009 -0.0619999990, 0.0114172455 0.00200000009 -0.0614172444, 0.0133640002 0.00200000009 -0.0553639978, -0.00400000019 0.00200000009 -0.0669786558, 0.00400000019 0.00191314530 -0.0699131489, 0.00391500350 0.00191500317 -0.0699150041, 0.00400000019 0.00191977446 -0.0700000003, 0.00392273208 0.00192273199 -0.0700000003, 0.00264381547 0.00200000009 -0.0700000003, 0.00475127390 0.00200000009 -0.0700000003, 0.00829477608 0.00200000009 -0.0662947744, 0.00400000019 0.00200000009 -0.0716858134, 0.00468008965 0.00200000009 -0.0706800893, 0.00386847602 0.00186847604 -0.0858684778, 0.00400000019 0.00186124665 -0.0858612433, 0.00400000019 0.00200000009 -0.0833614990, 0.00400000019 0.00186049845 -0.0860000029, 0.00386955007 0.00186954997 -0.0860000029, 0.00253153872 0.00200000009 -0.0860000029, 0.00296502537 0.00200000009 -0.0849650279, 0.00838720426 0.00200000009 -0.0860000029, -0.00415069750 0.00184930232 -0.0938493013, -0.00400000019 0.00182019873 -0.0938201994, -0.00400000019 0.00200000009 -0.0920983180, -0.00400000019 0.00180832366 -0.0939999968, -0.00416010804 0.00183989212 -0.0939999968, -0.00462231971 0.00200000009 -0.0939999968, -0.00452162186 0.00200000009 -0.0934783816, 0.00400000019 0.00123592222 -0.0932359248, 0.00328179612 0.00128179626 -0.0932817981, 0.00400000019 0.00118855492 -0.0939999968, 0.00323782768 0.00123782782 -0.0939999968, -0.000577846891 0.00200000009 -0.0894221514, 0.0114041483 0.00140414841 -0.0934041515, 0.0120000001 0.00142178475 -0.0934217870, 0.0120000001 0.00200000009 -0.0872295275, 0.0120000001 0.00137918710 -0.0939999968, 0.0113662966 0.00136629655 -0.0939999968, 0.0161922742 0.00200000009 -0.0939999968, -0.00400000019 0.00141733210 -0.101417333, -0.00449075177 0.00150924816 -0.101509243, -0.00400000019 0.00139032025 -0.101999998, -0.00451784302 0.00148215692 -0.101999998, -0.00577283790 0.00200000009 -0.101999998, -0.00570045644 0.00200000009 -0.100299545, 0.00400000019 0.000904608343 -0.100904606, 0.00296864938 0.000968649518 -0.100968651, 0.00400000019 0.000863366527 -0.101999998, 0.00292385533 0.000923855347 -0.101999998, 0.0120000001 0.00106187747 -0.101061873, 0.0110432534 0.00104325276 -0.101043254, 0.0120000001 0.00102386728 -0.101999998, 0.0110064792 0.00100647972 -0.101999998, 0.0195583012 0.00200000009 -0.101999998, 0.0193241555 0.00200000009 -0.101324156, -0.00400000019 0.00128352549 -0.109283522, -0.00460987911 0.00139012095 -0.109390125, -0.00400000019 0.00127340178 -0.109999999, -0.00462055905 0.00137944066 -0.109999999, -0.00600836845 0.00200000009 -0.109999999, -0.00602748245 0.00200000009 -0.107972518, 0.00400000019 0.000781546347 -0.108781546, 0.00284565706 0.000845657196 -0.108845659, 0.00400000019 0.000767843740 -0.109999999, 0.00283033983 0.000830339966 -0.109999999, 0.0120000001 0.000931720599 -0.108931720, 0.0109129455 0.000912945659 -0.108912952, 0.0120000001 0.000918697217 -0.109999999, 0.0109004816 0.000900481187 -0.109999999, 0.0198903736 0.00189037295 -0.109890372, 0.0199999996 0.00190211390 -0.109902114, 0.0199999996 0.00200000009 -0.104951218, 0.0199999996 0.00190044043 -0.109999999, 0.0198888499 0.00188884919 -0.109999999, 0.0203136317 0.00200000009 -0.109999999, -0.00400000019 0.00138404989 -0.117384046, -0.00452489359 0.00147510623 -0.117475107, -0.00400000019 0.00139276066 -0.118000001, -0.00451574475 0.00148425519 -0.118000001, -0.00570658082 0.00200000009 -0.118000001, -0.00574947894 0.00200000009 -0.116250522, 0.00400000019 0.000850428129 -0.116850428, 0.00290941051 0.000909410533 -0.116909407, 0.00400000019 0.000863366527 -0.118000001, 0.00292385533 0.000923855347 -0.118000001, 0.0120000001 0.00101180712 -0.117011808, 0.0109949326 0.000994931790 -0.116994932, 0.0120000001 0.00102386728 -0.118000001, 0.0110064792 0.00100647972 -0.118000001, 0.0199999996 0.00200000009 -0.115048781, 0.0195583012 0.00200000009 -0.118000001, 0.0195995234 0.00200000009 -0.117599525, 0.0202909689 0.00200000009 -0.110290967, -0.00400000019 0.00179894653 -0.125798956, -0.00416935841 0.00183064188 -0.125830635, -0.00400000019 0.00180629722 -0.126000002, -0.00416302588 0.00183697417 -0.126000002, -0.00458642328 0.00200000009 -0.126000002, -0.00462745130 0.00200000009 -0.125372544, 0.00400000019 0.00115669798 -0.125156701, 0.00320338830 0.00120338832 -0.125203386, 0.00400000019 0.00118251354 -0.126000002, 0.00323036429 0.00123036420 -0.126000002, 0.0120000001 0.00135285524 -0.125352845, 0.0113407774 0.00134077773 -0.125340775, 0.0120000001 0.00137323851 -0.126000002, 0.0113614611 0.00136146101 -0.126000002, 0.0161927044 0.00200000009 -0.126000002, 0.0170790777 0.00200000009 -0.123079076, -0.00400000019 0.00200000009 -0.129257753, 0.00400000019 0.00156064634 -0.133560658, 0.00358763407 0.00158763409 -0.133587629, 0.00400000019 0.00156535499 -0.134000003, 0.00359157147 0.00159157149 -0.134000003, -0.000805862830 0.00200000009 -0.134000003, 0.0120000001 0.00176082563 -0.133760825, 0.0117560904 0.00175609044 -0.133756086, 0.0120000001 0.00176281959 -0.134000003, 0.0117587708 0.00175877113 -0.134000003, 0.0135011282 0.00200000009 -0.134000003, 0.0151133519 0.00200000009 -0.129113361, 0.00400000019 0.00158768659 -0.141587690, 0.00361262518 0.00161262508 -0.141612619, 0.00400000019 0.00158211065 -0.142000005, 0.00360581721 0.00160581723 -0.142000005, -0.000670497131 0.00200000009 -0.142000005, -0.000698422024 0.00200000009 -0.137301579, 0.0120000001 0.00174992869 -0.141749918, 0.0117456671 0.00174566731 -0.141745672, 0.0120000001 0.00174560735 -0.142000005, 0.0117421551 0.00174215529 -0.142000005, 0.0137681980 0.00200000009 -0.142000005, 0.0136941560 0.00200000009 -0.135694146, -0.00404523779 0.00195476180 -0.149954751, -0.00400000019 0.00194718875 -0.149947196, -0.00400000019 0.00200000009 -0.148780435, -0.00400000019 0.00194532727 -0.150000006, -0.00404753536 0.00195246446 -0.150000006, -0.00424604397 0.00200000009 -0.150000006, -0.00418426190 0.00200000009 -0.149815738, 0.00400000019 0.00133422809 -0.149334222, 0.00337082986 0.00137082976 -0.149370834, 0.00400000019 0.00131645228 -0.150000006, 0.00335031399 0.00135031401 -0.150000006, -0.00158335990 0.00200000009 -0.144416645, 0.0120000001 0.00144716178 -0.149447158, 0.0114399530 0.00143995287 -0.149439961, 0.0120000001 0.00143024290 -0.150000006, 0.0114247780 0.00142477849 -0.150000006, 0.0168857984 0.00200000009 -0.150000006, 0.0152777666 0.00200000009 -0.145277768, -0.00400000019 0.00148299837 -0.157482997, -0.00445295032 0.00154704938 -0.157547042, -0.00400000019 0.00146375073 -0.158000007, -0.00447732769 0.00152267213 -0.158000007, -0.00694745220 0.00200000009 -0.158000007, -0.00593296252 0.00200000009 -0.156067029, 0.00400000019 0.000992742134 -0.156992733, 0.00304053677 0.00104053703 -0.157040536, 0.00400000019 0.000964244478 -0.158000007, 0.00300700264 0.00100700255 -0.158000007, 0.0120000001 0.00106244488 -0.157062441, 0.0110539030 0.00105390220 -0.157053903, 0.0120000001 0.00103283115 -0.158000007, 0.0110268947 0.00102689408 -0.158000007, 0.0197107010 0.00171070150 -0.157710701, 0.0199999996 0.00173209875 -0.157732099, 0.0199999996 0.00200000009 -0.154525816, 0.0199999996 0.00171888014 -0.158000007, 0.0197006948 0.00170069584 -0.158000007, 0.0212926716 0.00200000009 -0.158000007, -0.00400000019 0.00107514020 -0.165075138, -0.00482797576 0.00117202417 -0.165172026, -0.00400000019 0.00104723359 -0.165999994, -0.00486571155 0.00113428850 -0.165999994, -0.0107640782 0.00200000009 -0.165999994, -0.00811908953 0.00200000009 -0.161880910, 0.00400000019 0.000695814262 -0.164695814, 0.00274766120 0.000747661048 -0.164747670, 0.00400000019 0.000666400592 -0.165999994, 0.00271167234 0.000711672299 -0.165999994, 0.0120000001 0.000733964844 -0.164733961, 0.0107265254 0.000726525439 -0.164726526, 0.0120000001 0.000702319958 -0.165999994, 0.0106976703 0.000697669690 -0.165999994, 0.0199999996 0.00120810152 -0.165208101, 0.0191604719 0.00116047077 -0.165160477, 0.0199999996 0.00117713329 -0.165999994, 0.0191381220 0.00113812205 -0.165999994, 0.0251985304 0.00200000009 -0.165999994, 0.0230469089 0.00200000009 -0.161046907, -0.0123006115 0.00169938826 -0.173699394, -0.0120000001 0.00163614738 -0.173636153, -0.0120000001 0.00200000009 -0.168540448, -0.0120000001 0.00162353157 -0.173999995, -0.0123168891 0.00168311142 -0.173999995, -0.0135273896 0.00200000009 -0.173999995, -0.0130581148 0.00200000009 -0.172941878, -0.00400000019 0.000785526121 -0.172785521, -0.00510726357 0.000892736309 -0.172892734, -0.00400000019 0.000762228679 -0.173999995, -0.00514180120 0.000858198735 -0.173999995, -0.0110297473 0.00200000009 -0.166970268, 0.00400000019 0.000490554492 -0.172490552, 0.00254048873 0.000540488807 -0.172540486, 0.00400000019 0.000469614082 -0.173999995, 0.00251352042 0.000513520557 -0.173999995, 0.0120000001 0.000507683901 -0.172507688, 0.0105024921 0.000502492010 -0.172502488, 0.0120000001 0.000484485849 -0.173999995, 0.0104816779 0.000481678435 -0.173999995, 0.0199999996 0.000841892324 -0.172841892, 0.0187896676 0.000789667887 -0.172789678, 0.0199999996 0.000812501181 -0.173999995, 0.0187700260 0.000770024781 -0.173999995, 0.0276930202 0.00169301941 -0.173693031, 0.0280000009 0.00172687066 -0.173726872, 0.0280000009 0.00200000009 -0.170860723, 0.0280000009 0.00171355798 -0.173999995, 0.0276842322 0.00168423180 -0.173999995, 0.0291628595 0.00200000009 -0.173999995, -0.0120000001 0.00131483469 -0.181314841, -0.0125804506 0.00141954911 -0.181419551, -0.0120000001 0.00130455894 -0.181999996, -0.0125969127 0.00140308798 -0.181999996, -0.0153394276 0.00200000009 -0.181999996, -0.0144736059 0.00200000009 -0.179526404, -0.00400000019 0.000616704812 -0.180616707, -0.00527817477 0.000721825287 -0.180721834, -0.00400000019 0.000607299502 -0.181999996, -0.00529576885 0.000704231439 -0.181999996, 0.00400000019 0.000374729134 -0.180374727, 0.00242069317 0.000420693250 -0.180420697, 0.00400000019 0.000367583358 -0.181999996, 0.00241027540 0.000410275446 -0.181999996, 0.0120000001 0.000378146680 -0.180378139, 0.0103751915 0.000375191652 -0.180375203, 0.0120000001 0.000369150715 -0.181999996, 0.0103680473 0.000368047418 -0.181999996, 0.0199999996 0.000625683519 -0.180625692, 0.0185779184 0.000577919593 -0.180577934, 0.0199999996 0.000610356568 -0.181999996, 0.0185697842 0.000569783268 -0.181999996, 0.0280000009 0.00132373662 -0.181323737, 0.0272583365 0.00125833775 -0.181258336, 0.0280000009 0.00130676420 -0.181999996, 0.0272492673 0.00124926702 -0.181999996, 0.0313394293 0.00200000009 -0.181999996, 0.0297895856 0.00200000009 -0.175789580, -0.0120000001 0.00136224332 -0.189362243, -0.0125467889 0.00145321130 -0.189453214, -0.0120000001 0.00136630726 -0.189999998, -0.0125471810 0.00145281933 -0.189999998, -0.0149769597 0.00200000009 -0.189999998, -0.0151572255 0.00200000009 -0.186842769, -0.00400000019 0.000641149178 -0.188641146, -0.00526382448 0.000736175687 -0.188736171, -0.00400000019 0.000651593495 -0.189999998, -0.00525645167 0.000743548328 -0.189999998, 0.00400000019 0.000392652320 -0.188392654, 0.00243484997 0.000434849935 -0.188434839, 0.00400000019 0.000404056598 -0.189999998, 0.00244650920 0.000446509046 -0.189999998, 0.0120000001 0.000393743219 -0.188393742, 0.0103926528 0.000392652320 -0.188392654, 0.0120000001 0.000404340535 -0.189999998, 0.0104040569 0.000404056598 -0.189999998, 0.0199999996 0.000644081971 -0.188644081, 0.0186042860 0.000604285393 -0.188604280, 0.0199999996 0.000652879186 -0.189999998, 0.0186137948 0.000613794778 -0.189999998, 0.0280000009 0.00136428152 -0.189364284, 0.0273111053 0.00131110486 -0.189311117, 0.0280000009 0.00136861659 -0.189999998, 0.0273160189 0.00131602003 -0.189999998, 0.0309769586 0.00200000009 -0.189999998, 0.0311555360 0.00200000009 -0.185155526, -0.0120000001 0.00176348002 -0.197763473, -0.0122027379 0.00179726223 -0.197797254, -0.0120000001 0.00176268024 -0.197999999, -0.0122063998 0.00179359992 -0.197999999, -0.0130080516 0.00200000009 -0.197999999, -0.0133878207 0.00200000009 -0.196612179, -0.00400000019 0.000920481223 -0.196920484, -0.00500313519 0.000996864634 -0.196996868, -0.00400000019 0.000924824155 -0.197999999, -0.00500619179 0.000993808499 -0.197999999, 0.00400000019 0.000624848006 -0.196624845, 0.00266265357 0.000662653823 -0.196662664, 0.00400000019 0.000634892960 -0.197999999, 0.00266783428 0.000667834363 -0.197999999, 0.0120000001 0.000643916137 -0.196643919, 0.0106436657 0.000643665786 -0.196643665, 0.0120000001 0.000658125267 -0.197999999, 0.0106536020 0.000653601252 -0.197999999, 0.0199999996 0.000995262759 -0.196995273, 0.0189645644 0.000964566018 -0.196964562, 0.0199999996 0.00101112598 -0.197999999, 0.0189759322 0.000975933275 -0.197999999, 0.0280000009 0.00196751184 -0.197967514, 0.0279645659 0.00196456560 -0.197964564, 0.0280000009 0.00196830137 -0.197999999, 0.0279652011 0.00196520099 -0.197999999, 0.0281233378 0.00200000009 -0.197999999, 0.0299806520 0.00200000009 -0.191980645, -0.0120000001 0.00170746271 -0.205707461, -0.0122546600 0.00174534053 -0.205745339, -0.0120000001 0.00170228700 -0.206000000, -0.0122635020 0.00173649762 -0.206000000, -0.0133725647 0.00200000009 -0.206000000, -0.0132145397 0.00200000009 -0.204785466, -0.00400000019 0.000946399057 -0.204946399, -0.00498580420 0.00101419608 -0.205014184, -0.00400000019 0.000939403777 -0.206000000, -0.00500165112 0.000998348580 -0.206000000, 0.00400000019 0.000694595219 -0.204694599, 0.00272637256 0.000726372469 -0.204726383, 0.00400000019 0.000692521688 -0.206000000, 0.00271818601 0.000718185969 -0.206000000, 0.0120000001 0.000768439786 -0.204768434, 0.0107642179 0.000764218625 -0.204764217, 0.0120000001 0.000770198298 -0.206000000, 0.0107622361 0.000762235199 -0.206000000, 0.0199999996 0.00123194256 -0.205231950, 0.0192037169 0.00120371592 -0.205203727, 0.0199999996 0.00123537565 -0.206000000, 0.0192049257 0.00120492594 -0.206000000, 0.0280000009 0.00200000009 -0.198545918, 0.0251226481 0.00200000009 -0.206000000, 0.0256221425 0.00200000009 -0.203622147, 0.0280931164 0.00200000009 -0.198093116, -0.0120000001 0.00139120186 -0.213391200, -0.0125413518 0.00145864754 -0.213458642, -0.0120000001 0.00138139457 -0.214000002, -0.0125585785 0.00144142122 -0.214000002, -0.0155759770 0.00200000009 -0.214000002, -0.0144495862 0.00200000009 -0.211550415, -0.00400000019 0.000801632123 -0.212801635, -0.00513301603 0.000866983726 -0.212866992, -0.00400000019 0.000794077001 -0.214000002, -0.00514995446 0.000850045646 -0.214000002, 0.00400000019 0.000622214982 -0.212622210, 0.00264898059 0.000648980727 -0.212648988, 0.00400000019 0.000619818165 -0.214000002, 0.00264065550 0.000640655577 -0.214000002, 0.0120000001 0.000731139909 -0.212731138, 0.0107229715 0.000722971687 -0.212722972, 0.0120000001 0.000732345332 -0.214000002, 0.0107207168 0.000720716256 -0.214000002, 0.0199999996 0.00122674077 -0.213226750, 0.0191959850 0.00119598536 -0.213195980, 0.0199999996 0.00122941332 -0.214000002, 0.0191968028 0.00119680178 -0.214000002, 0.0249091815 0.00200000009 -0.214000002, 0.0248855855 0.00200000009 -0.210885584, -0.0120000001 0.00116549002 -0.221165493, -0.0127556780 0.00124432228 -0.221244320, -0.0120000001 0.00116337312 -0.222000003, -0.0127660688 0.00123393117 -0.222000003, -0.0183317494 0.00200000009 -0.222000003, -0.0162322447 0.00200000009 -0.217767760, -0.00400000019 0.000720535638 -0.220720530, -0.00522069586 0.000779304188 -0.220779300, -0.00400000019 0.000724835729 -0.222000003, -0.00522362534 0.000776375004 -0.222000003, 0.00400000019 0.000600755564 -0.220600754, 0.00262182090 0.000621820858 -0.220621824, 0.00400000019 0.000609969429 -0.222000003, 0.00262638507 0.000626384979 -0.222000003, 0.0120000001 0.000734152214 -0.220734149, 0.0107225357 0.000722536584 -0.220722541, 0.0120000001 0.000746587059 -0.222000003, 0.0107311029 0.000731102657 -0.222000003, 0.0199999996 0.00124166964 -0.221241668, 0.0192095209 0.00120952027 -0.221209511, 0.0199999996 0.00125270593 -0.222000003, 0.0192178264 0.00121782778 -0.222000003, 0.0247632153 0.00200000009 -0.222000003, 0.0247973222 0.00200000009 -0.218797311, -0.0120000001 0.00117072824 -0.229170725, -0.0127592692 0.00124073168 -0.229240745, -0.0120000001 0.00118865515 -0.230000004, -0.0127466619 0.00125333830 -0.230000004, -0.0191078559 0.00200000009 -0.230000004, -0.0183186978 0.00200000009 -0.223681301, -0.00400000019 0.000796459615 -0.228796467, -0.00515439874 0.000845600909 -0.228845596, -0.00400000019 0.000823874900 -0.230000004, -0.00513055176 0.000869448180 -0.230000004, 0.00400000019 0.000719877717 -0.228719875, 0.00273524364 0.000735243666 -0.228735238, 0.00400000019 0.000751779124 -0.230000004, 0.00276379962 0.000763799762 -0.230000004, 0.0120000001 0.000899362785 -0.228899375, 0.0108854538 0.000885454006 -0.228885457, 0.0120000001 0.000932601746 -0.230000004, 0.0109138954 0.000913896016 -0.230000004, 0.0199999996 0.00148512970 -0.229485124, 0.0194602925 0.00146029226 -0.229460299, 0.0199999996 0.00150583533 -0.230000004, 0.0194778722 0.00147787319 -0.230000004, 0.0229257792 0.00200000009 -0.230000004, 0.0237074755 0.00200000009 -0.225707471, -0.0120000001 0.00187257829 -0.237872571, -0.0121163810 0.00188361946 -0.237883627, -0.0120000001 0.00188139977 -0.238000005, -0.0121077737 0.00189222582 -0.238000005, -0.0127964979 0.00200000009 -0.238000005, -0.0162661206 0.00200000009 -0.233733892, -0.00400000019 0.00133744068 -0.237337455, -0.00463503413 0.00136496592 -0.237364963, -0.00400000019 0.00137886882 -0.238000005, -0.00459372066 0.00140627928 -0.238000005, 0.00400000019 0.00124358211 -0.237243578, 0.00325139170 0.00125139160 -0.237251386, 0.00400000019 0.00129173347 -0.238000005, 0.00329768518 0.00129768520 -0.238000005, 0.0120000001 0.00153173052 -0.237531722, 0.0115228016 0.00152280147 -0.237522796, 0.0120000001 0.00156599015 -0.238000005, 0.0115542728 0.00155427237 -0.238000005, 0.0199999996 0.00200000009 -0.234583557, 0.0163547322 0.00200000009 -0.238000005, 0.0179789960 0.00200000009 -0.235978991, 0.0215852596 0.00200000009 -0.231585264, -0.0120000001 0.00200000009 -0.238412485, -0.00400000019 0.00200000009 -0.240456298, -0.0113857081 0.00200000009 -0.238614291, 0.00400000019 0.00200000009 -0.240890458, -0.00135188631 0.00200000009 -0.240648121, 0.0120000001 0.00200000009 -0.239621386, 0.00636005774 0.00200000009 -0.240360066, 0.0130848167 0.00200000009 -0.239084825, -0.0121923052 0.00980769470 -0.0138076944, -0.0120000001 0.00974969100 -0.0137496907, -0.0120000001 0.00999999978 -0.0134939998, -0.0120000001 0.00955730770 -0.0140000004, -0.0122783687 0.00972163118 -0.0140000004, -0.0126286969 0.00999999978 -0.0140000004, -0.0122966310 0.00999999978 -0.0137033695, -0.00569042377 0.00830957573 -0.0123095764, -0.00400000019 0.00805219542 -0.0120521951, -0.00400000019 0.00999999978 -0.0100755794, -0.00400000019 0.00660262769 -0.0140000004, -0.00661602523 0.00738397473 -0.0140000004, -0.00687201647 0.00999999978 -0.0111279842, 0.00205219584 0.00805219542 -0.0120521951, 0.00400000019 0.00805219542 -0.0120521951, 0.00400000019 0.00999999978 -0.0100755794, 0.00400000019 0.00660262769 -0.0140000004, 0.000602627522 0.00660262769 -0.0140000004, 0.0000755792207 0.00999999978 -0.0100755794, 0.0117011955 0.00970119610 -0.0137011958, 0.0120000001 0.00974969100 -0.0137496907, 0.0120000001 0.00999999978 -0.0134939998, 0.0120000001 0.00955730770 -0.0140000004, 0.0113462666 0.00934626721 -0.0140000004, 0.0111679006 0.00999999978 -0.0131679010, 0.0126286969 0.00999999978 -0.0140000004, -0.0120000001 0.00646123104 -0.0184612311, -0.0146242809 0.00737571903 -0.0193757191, -0.0120000001 0.00452331128 -0.0219999999, -0.0154561540 0.00654384634 -0.0219999999, -0.0196536500 0.00999999978 -0.0219999999, -0.0162875932 0.00999999978 -0.0177124068, -0.00400000019 0.00471231714 -0.0167123172, -0.00849629194 0.00550370803 -0.0175037086, -0.00400000019 0.00203891960 -0.0219999999, -0.0102267014 0.00377329811 -0.0219999999, 0.00400000019 0.00471231714 -0.0167123172, -0.00128768326 0.00471231714 -0.0167123172, 0.00400000019 0.00203891960 -0.0219999999, -0.00396108022 0.00203891960 -0.0219999999, 0.0120000001 0.00646123104 -0.0184612311, 0.00762807764 0.00562807731 -0.0176280793, 0.0120000001 0.00452331128 -0.0219999999, 0.00406277599 0.00206277636 -0.0219999999, 0.0196536500 0.00999999978 -0.0219999999, 0.0169603657 0.00999999978 -0.0189603660, -0.0213597491 0.00864025205 -0.0286402516, -0.0199999996 0.00779996812 -0.0277999695, -0.0199999996 0.00999999978 -0.0226655491, -0.0199999996 0.00699847005 -0.0299999993, -0.0215964094 0.00840359088 -0.0299999993, -0.0229237396 0.00999999978 -0.0299999993, -0.0221686978 0.00999999978 -0.0278313030, -0.0120000001 0.00377242290 -0.0237724222, -0.0164146926 0.00558530772 -0.0255853087, -0.0172874816 0.00471251784 -0.0299999993, -0.0197824519 0.00999999978 -0.0222175475, -0.00400000019 0.00202993001 -0.0220299307, -0.0105640404 0.00343595934 -0.0234359596, 0.00400000019 0.00202993001 -0.0220299307, -0.00397006981 0.00202993001 -0.0220299307, 0.0120000001 0.00377242290 -0.0237724222, 0.00403889501 0.00203889515 -0.0220388938, 0.0158417523 0.00584175205 -0.0258417502, 0.0199999996 0.00779996812 -0.0277999695, 0.0199999996 0.00999999978 -0.0226655491, 0.0199999996 0.00698788790 -0.0299999993, 0.0229735896 0.00999999978 -0.0299999993, -0.0199999996 0.00623994973 -0.0342399478, -0.0221527703 0.00784722902 -0.0358472280, -0.0199999996 0.00565170916 -0.0379999988, -0.0223226566 0.00767734367 -0.0379999988, -0.0242243260 0.00999999978 -0.0379999988, -0.0236770622 0.00999999978 -0.0343229361, -0.0175253246 0.00447467715 -0.0324746780, -0.0179989897 0.00400101067 -0.0379999988, 0.0199999996 0.00614573434 -0.0341457315, 0.0199999996 0.00537694432 -0.0379999988, 0.0247385483 0.00999999978 -0.0379999988, 0.0238842070 0.00999999978 -0.0338842049, -0.0199999996 0.00580241857 -0.0418024175, -0.0221998598 0.00780014042 -0.0438001417, -0.0199999996 0.00586144160 -0.0460000001, -0.0222175494 0.00778244995 -0.0460000001, -0.0240533352 0.00999999978 -0.0460000001, -0.0240731202 0.00999999978 -0.0419268794, -0.0179429222 0.00405707723 -0.0400570780, -0.0178974215 0.00410257932 -0.0460000001, 0.0199999996 0.00517704617 -0.0411770493, 0.0199999996 0.00487766694 -0.0460000001, 0.0256583467 0.00999999978 -0.0460000001, 0.0254835878 0.00999999978 -0.0434835851, -0.0199999996 0.00657906430 -0.0505790636, -0.0216874611 0.00831253733 -0.0523125380, -0.0199999996 0.00702081854 -0.0540000014, -0.0216123145 0.00838768482 -0.0540000014, -0.0230036601 0.00999999978 -0.0540000014, -0.0233377162 0.00999999978 -0.0506622866, -0.0176293738 0.00437062606 -0.0483706258, -0.0172280371 0.00477196276 -0.0540000014, 0.0199999996 0.00492358208 -0.0489235818, 0.0199999996 0.00506723486 -0.0540000014, 0.0261377841 0.00999999978 -0.0540000014, 0.0261730310 0.00999999978 -0.0521730296, -0.0199999996 0.00824343227 -0.0602434315, -0.0208551083 0.00914489198 -0.0611448884, -0.0199999996 0.00856509153 -0.0619999990, -0.0207933243 0.00920667779 -0.0619999990, -0.0215226691 0.00999999978 -0.0619999990, -0.0217745509 0.00999999978 -0.0602254495, -0.0167512689 0.00524873054 -0.0572487302, -0.0120000001 0.00343151111 -0.0619999990, -0.0162549559 0.00574504584 -0.0619999990, -0.0109784752 0.00302152452 -0.0619999990, 0.0120000001 0.00213679741 -0.0619999990, 0.0199999996 0.00513921538 -0.0571392179, 0.0199999996 0.00542090554 -0.0619999990, 0.0122538889 0.00225388864 -0.0619999990, 0.0267018247 0.00999999978 -0.0619999990, 0.0267425124 0.00999999978 -0.0607425123, -0.0199999996 0.00978137273 -0.0697813705, -0.0201116260 0.00988837332 -0.0698883757, -0.0199999996 0.00981723610 -0.0700000003, -0.0201038960 0.00989610609 -0.0700000003, -0.0202079248 0.00999999978 -0.0700000003, -0.0202346575 0.00999999978 -0.0697653443, -0.0120000001 0.00374156144 -0.0637415648, -0.0157667566 0.00623324327 -0.0662332475, -0.0120000001 0.00486497721 -0.0700000003, -0.0154034346 0.00659656525 -0.0700000003, -0.0108225141 0.00317748496 -0.0631774887, -0.00400000019 0.00241641584 -0.0700000003, -0.00994339306 0.00405660737 -0.0700000003, -0.00362268905 0.00237731100 -0.0700000003, 0.0120000001 0.00214528409 -0.0621452816, 0.0120000001 0.00281263073 -0.0700000003, 0.0199999996 0.00529581262 -0.0652958155, 0.0122385714 0.00223857095 -0.0622385703, 0.0199999996 0.00542745134 -0.0700000003, 0.0132653881 0.00326538901 -0.0700000003, 0.0278589055 0.00985890534 -0.0698589012, 0.0280000009 0.00993977301 -0.0699397773, 0.0280000009 0.00999999978 -0.0694819316, 0.0280000009 0.00993715972 -0.0700000003, 0.0278679691 0.00986796990 -0.0700000003, 0.0280803703 0.00999999978 -0.0700000003, -0.0199999996 0.00999999978 -0.0724801347, -0.0120000001 0.00507471664 -0.0730747133, -0.0151857762 0.00681422371 -0.0748142228, -0.0120000001 0.00551931467 -0.0780000016, -0.0149590885 0.00704091229 -0.0780000016, -0.0194167979 0.00999999978 -0.0780000016, -0.00400000019 0.00243071467 -0.0704307184, -0.00988845527 0.00411154516 -0.0721115395, -0.00400000019 0.00300749112 -0.0780000016, -0.00951279793 0.00448720111 -0.0780000016, -0.00362298614 0.00237701391 -0.0703770146, 0.00400000019 0.00229148217 -0.0780000016, -0.00310966256 0.00289033749 -0.0780000016, 0.0120000001 0.00276328810 -0.0707632899, 0.0120000001 0.00284217927 -0.0780000016, 0.00431466894 0.00231466908 -0.0780000016, 0.0199999996 0.00500308303 -0.0730030835, 0.0130473962 0.00304739689 -0.0710473955, 0.0199999996 0.00478838105 -0.0780000016, 0.0131509826 0.00315098232 -0.0780000016, 0.0280000009 0.00853060838 -0.0765306056, 0.0254167747 0.00741677452 -0.0754167810, 0.0280000009 0.00838225987 -0.0780000016, 0.0252094120 0.00720941182 -0.0780000016, 0.0303910151 0.00999999978 -0.0780000016, 0.0281182267 0.00999999978 -0.0701182261, -0.0120000001 0.00537434546 -0.0813743472, -0.0150981667 0.00690183369 -0.0829018354, -0.0120000001 0.00526171643 -0.0860000029, -0.0149736116 0.00702638831 -0.0860000029, -0.0196916107 0.00999999978 -0.0860000029, -0.0194555186 0.00999999978 -0.0785444826, -0.00400000019 0.00290471129 -0.0789047107, -0.00971725304 0.00428274740 -0.0802827477, -0.00400000019 0.00262179947 -0.0860000029, -0.00981069077 0.00418930966 -0.0860000029, 0.00400000019 0.00225978531 -0.0782597885, -0.00319971982 0.00280028000 -0.0788002759, -0.00345249521 0.00254750485 -0.0860000029, 0.0120000001 0.00272721029 -0.0787272081, 0.00426900620 0.00226900633 -0.0782690048, 0.0120000001 0.00211124029 -0.0860000029, 0.0199999996 0.00431851298 -0.0803185105, 0.0129089104 0.00290891109 -0.0789089128, 0.0199999996 0.00357165420 -0.0860000029, 0.0121420408 0.00214204076 -0.0860000029, 0.0280000009 0.00716760382 -0.0831676051, 0.0237065442 0.00570654497 -0.0817065462, 0.0280000009 0.00668746699 -0.0860000029, 0.0227271859 0.00472718710 -0.0860000029, 0.0331847332 0.00999999978 -0.0860000029, 0.0316795968 0.00999999978 -0.0816795975, -0.0200040694 0.00999592990 -0.0939959288, -0.0199999996 0.00999304745 -0.0939930528, -0.0199999996 0.00999999978 -0.0937170088, -0.0199999996 0.00999319647 -0.0939999968, -0.0200039968 0.00999600440 -0.0939999968, -0.0200114716 0.00999999978 -0.0939999968, -0.0200102050 0.00999999978 -0.0939897969, -0.0120000001 0.00515917782 -0.0891591832, -0.0150739523 0.00692604762 -0.0909260511, -0.0120000001 0.00480400166 -0.0939999968, -0.0150331380 0.00696686190 -0.0939999968, -0.0197070446 0.00999999978 -0.0862929523, -0.00400000019 0.00258021127 -0.0865802094, -0.00992767233 0.00407232763 -0.0880723298, -0.0102059431 0.00379405729 -0.0939999968, -0.00348964310 0.00251035695 -0.0865103602, 0.0120000001 0.00210217503 -0.0861021727, 0.0199999996 0.00338697829 -0.0873869807, 0.0121221580 0.00212215795 -0.0861221626, 0.0199999996 0.00257578515 -0.0939999968, 0.0280000009 0.00605807221 -0.0900580734, 0.0221872106 0.00418720907 -0.0881872103, 0.0280000009 0.00551971328 -0.0939999968, 0.0209771469 0.00297714560 -0.0939999968, 0.0351578183 0.00999999978 -0.0939999968, 0.0348862745 0.00999999978 -0.0928862765, -0.0199999996 0.00999999978 -0.0946198702, -0.0120000001 0.00482496759 -0.0968249664, -0.0150115266 0.00698847277 -0.0989884734, -0.0120000001 0.00472845044 -0.101999998, -0.0149524976 0.00704750279 -0.101999998, -0.0198679175 0.00999999978 -0.101999998, -0.0102352602 0.00376474019 -0.0957647413, -0.0103074005 0.00369259925 -0.101999998, 0.0199999996 0.00253875158 -0.0945387483, 0.0199999996 0.00205825944 -0.101999998, 0.0280000009 0.00523192529 -0.0972319245, 0.0208574627 0.00285746250 -0.0948574618, 0.0280000009 0.00484803598 -0.101999998, 0.0200963952 0.00209639641 -0.101999998, 0.0355511904 0.00955119077 -0.101551190, 0.0359999985 0.00978648942 -0.101786494, 0.0359999985 0.00999999978 -0.0997271910, 0.0359999985 0.00976717938 -0.101999998, 0.0354565866 0.00945658423 -0.101999998, 0.0362723805 0.00999999978 -0.101999998, -0.0120000001 0.00476419134 -0.104764193, -0.0149156768 0.00708432263 -0.107084319, -0.0120000001 0.00478715217 -0.109999999, -0.0148801068 0.00711989356 -0.109999999, -0.0196957123 0.00999999978 -0.109999999, -0.0198653191 0.00999999978 -0.102134682, -0.0103095332 0.00369046698 -0.103690468, -0.0102925822 0.00370741752 -0.109999999, 0.0199999996 0.00205708877 -0.102057092, 0.0280000009 0.00476783467 -0.104767837, 0.0200922955 0.00209229370 -0.102092296, 0.0280000009 0.00462848879 -0.109999999, 0.0359999985 0.00951247290 -0.109512471, 0.0349097811 0.00890978146 -0.108909786, 0.0359999985 0.00949787628 -0.109999999, 0.0348342843 0.00883428752 -0.109999999, 0.0365895294 0.00999999978 -0.109999999, 0.0362835415 0.00999999978 -0.102283545, -0.0120000001 0.00480121560 -0.112801217, -0.0148658659 0.00713413442 -0.115134135, -0.0120000001 0.00485912897 -0.118000001, -0.0148643423 0.00713565759 -0.118000001, -0.0196433384 0.00999999978 -0.118000001, -0.0196934398 0.00999999978 -0.110306554, -0.0102810394 0.00371896126 -0.111718960, -0.0102379164 0.00376208359 -0.118000001, 0.0199999996 0.00205825944 -0.118000001, 0.0280000009 0.00470674084 -0.112706743, 0.0280000009 0.00484803598 -0.118000001, 0.0200963952 0.00209639641 -0.118000001, 0.0359999985 0.00975996442 -0.117759965, 0.0354157537 0.00941575319 -0.117415756, 0.0359999985 0.00976717938 -0.118000001, 0.0354565866 0.00945658423 -0.118000001, 0.0362723805 0.00999999978 -0.118000001, 0.0365672074 0.00999999978 -0.110567205, -0.0120000001 0.00487491628 -0.120874919, -0.0148485815 0.00715141930 -0.123151422, -0.0120000001 0.00501102582 -0.126000002, -0.0148737775 0.00712622236 -0.126000002, -0.0196130201 0.00999999978 -0.126000002, -0.0196404029 0.00999999978 -0.118359596, -0.0102019990 0.00379800145 -0.119798005, -0.0100979516 0.00390204787 -0.126000002, 0.0199999996 0.00206254097 -0.118062541, 0.0199999996 0.00257566967 -0.126000002, 0.0280000009 0.00512403715 -0.121124037, 0.0201115087 0.00211150991 -0.118111514, 0.0280000009 0.00550307613 -0.126000002, 0.0209769607 0.00297696097 -0.126000002, 0.0359999985 0.00999999978 -0.120272815, 0.0351578183 0.00999999978 -0.126000002, 0.0352627076 0.00999999978 -0.125262707, 0.0362440012 0.00999999978 -0.118243992, -0.0120000001 0.00510355923 -0.129103556, -0.0147842010 0.00721579930 -0.131215811, -0.0120000001 0.00515274657 -0.134000003, -0.0149042970 0.00709570292 -0.134000003, -0.0194383767 0.00999999978 -0.134000003, -0.0195945743 0.00999999978 -0.126405433, -0.00999289565 0.00400710385 -0.128007114, -0.00400000019 0.00229705754 -0.134000003, -0.00995382387 0.00404617656 -0.134000003, -0.00374227972 0.00225772033 -0.134000003, 0.0199999996 0.00265469798 -0.126654699, 0.0199999996 0.00306795584 -0.134000003, 0.0280000009 0.00598890660 -0.129988909, 0.0212064423 0.00320644164 -0.127206445, 0.0280000009 0.00612413138 -0.134000003, 0.0218788851 0.00387888495 -0.134000003, 0.0339355171 0.00999999978 -0.134000003, 0.0342870578 0.00999999978 -0.132287070, -0.0200866759 0.00991332345 -0.141913325, -0.0199999996 0.00985327456 -0.141853273, -0.0199999996 0.00999999978 -0.139578164, -0.0199999996 0.00983010884 -0.142000005, -0.0200968869 0.00990311336 -0.142000005, -0.0202422645 0.00999999978 -0.142000005, -0.0202188436 0.00999999978 -0.141781151, -0.0120000001 0.00506324042 -0.137063250, -0.0149919735 0.00700802635 -0.139008030, -0.0120000001 0.00480146008 -0.142000005, -0.0152769182 0.00672308123 -0.142000005, -0.0194624793 0.00999999978 -0.134537518, -0.00400000019 0.00230770675 -0.134307712, -0.00989758503 0.00410241447 -0.136102423, -0.00400000019 0.00231199106 -0.142000005, -0.0101087112 0.00389128854 -0.142000005, -0.00373129686 0.00226870319 -0.134268701, -0.00372753642 0.00227246364 -0.142000005, 0.0199999996 0.00310387556 -0.135103881, 0.0199999996 0.00296778115 -0.142000005, 0.0280000009 0.00611230312 -0.138112307, 0.0218703896 0.00387038896 -0.135870397, 0.0280000009 0.00590113364 -0.142000005, 0.0216625743 0.00366257573 -0.142000005, 0.0345089249 0.00999999978 -0.142000005, 0.0345017314 0.00999999978 -0.140501738, -0.0199999996 0.00862378906 -0.148623794, -0.0208404791 0.00915952213 -0.149159521, -0.0199999996 0.00832837634 -0.150000006, -0.0209962595 0.00900374074 -0.150000006, -0.0223657712 0.00999999978 -0.150000006, -0.0218416024 0.00999999978 -0.148158401, -0.0120000001 0.00446846243 -0.144468457, -0.0156470723 0.00635292800 -0.146352932, -0.0120000001 0.00399198802 -0.150000006, -0.0161262807 0.00587372063 -0.150000006, -0.00400000019 0.00229402236 -0.142294019, -0.0101962965 0.00380370324 -0.143803716, -0.0105774542 0.00342254527 -0.150000006, -0.00373778050 0.00226221932 -0.142262220, 0.0199999996 0.00288536516 -0.142885357, 0.0199999996 0.00238725566 -0.150000006, 0.0280000009 0.00539902365 -0.145399019, 0.0213534497 0.00335344928 -0.143353447, 0.0280000009 0.00487297168 -0.150000006, 0.0206147488 0.00261474890 -0.150000006, 0.0348328501 0.00883285236 -0.148832858, 0.0359999985 0.00937282667 -0.149372831, 0.0359999985 0.00999999978 -0.146679252, 0.0359999985 0.00926257949 -0.150000006, 0.0345295630 0.00852956250 -0.150000006, 0.0369420648 0.00999999978 -0.150000006, -0.0199999996 0.00694190245 -0.154941916, -0.0219995696 0.00800043158 -0.156000420, -0.0199999996 0.00635283813 -0.158000007, -0.0223733615 0.00762663875 -0.158000007, -0.0256766342 0.00999999978 -0.158000007, -0.0239670705 0.00999999978 -0.154032931, -0.0120000001 0.00365131325 -0.151651308, -0.0166070294 0.00539297145 -0.153392971, -0.0120000001 0.00299508241 -0.158000007, -0.0171816219 0.00481837941 -0.158000007, -0.0107000163 0.00329998392 -0.151299983, -0.0112334853 0.00276651420 -0.158000007, 0.0199999996 0.00233409018 -0.150334090, 0.0280000009 0.00432482222 -0.152324826, 0.0204588939 0.00245889369 -0.150458887, 0.0280000009 0.00356073375 -0.158000007, 0.0359999985 0.00746530760 -0.155465305, 0.0319435969 0.00594359543 -0.153943583, 0.0359999985 0.00698395027 -0.158000007, 0.0309213419 0.00492134131 -0.158000007, 0.0405892618 0.00999999978 -0.158000007, 0.0378204025 0.00999999978 -0.151820406, -0.0285682995 0.00943170115 -0.165431708, -0.0280000009 0.00913812406 -0.165138125, -0.0280000009 0.00999999978 -0.162707567, -0.0280000009 0.00896846782 -0.165999994, -0.0286450218 0.00935497973 -0.165999994, -0.0293210056 0.00999999978 -0.165999994, -0.0289358906 0.00999999978 -0.165064111, -0.0199999996 0.00534358062 -0.161343589, -0.0232971273 0.00670287339 -0.162702858, -0.0199999996 0.00471168896 -0.165999994, -0.0236978196 0.00630218070 -0.165999994, -0.0264192782 0.00999999978 -0.159580722, -0.0120000001 0.00282412698 -0.158824131, -0.0175565556 0.00444344571 -0.160443455, -0.0120000001 0.00217429805 -0.165999994, -0.0180881787 0.00391182210 -0.165999994, -0.0112925358 0.00270746392 -0.158707455, -0.0118522691 0.00214773091 -0.165999994, 0.0280000009 0.00325644272 -0.159256443, 0.0280000009 0.00244122534 -0.165999994, 0.0359999985 0.00574218854 -0.161742181, 0.0298741478 0.00387414824 -0.159874141, 0.0359999985 0.00501891784 -0.165999994, 0.0286997315 0.00269973185 -0.165999994, 0.0429534726 0.00895347074 -0.164953470, 0.0439999998 0.00939129572 -0.165391296, 0.0439999998 0.00999999978 -0.163994119, 0.0439999998 0.00924913865 -0.165999994, 0.0425667800 0.00856677815 -0.165999994, 0.0449867100 0.00999999978 -0.165999994, -0.0280000009 0.00739453174 -0.171394527, -0.0297798384 0.00822016131 -0.172220156, -0.0280000009 0.00701281847 -0.173999995, -0.0299797058 0.00802029390 -0.173999995, -0.0323485807 0.00999999978 -0.173999995, -0.0311377458 0.00999999978 -0.170862257, -0.0199999996 0.00418324303 -0.168183237, -0.0243205614 0.00567943742 -0.169679448, -0.0199999996 0.00356106320 -0.173999995, -0.0247330833 0.00526691601 -0.173999995, -0.0120000001 0.00215388765 -0.166153878, -0.0182669964 0.00373300374 -0.167732999, -0.0187876113 0.00321239000 -0.173999995, -0.0118593341 0.00214066659 -0.166140676, 0.0280000009 0.00237954524 -0.166379541, 0.0359999985 0.00439487770 -0.168394879, 0.0285063572 0.00250635669 -0.166506365, 0.0359999985 0.00363356899 -0.173999995, 0.0439999998 0.00749124540 -0.171491235, 0.0400760919 0.00607609143 -0.170076102, 0.0439999998 0.00702663604 -0.173999995, 0.0390733816 0.00507338438 -0.173999995, 0.0483485796 0.00999999978 -0.173999995, 0.0457008146 0.00999999978 -0.167700812, -0.0280000009 0.00640972890 -0.178409725, -0.0304800235 0.00751997624 -0.179519981, -0.0280000009 0.00608407147 -0.181999996, -0.0306398328 0.00736016640 -0.181999996, -0.0339368507 0.00999999978 -0.181999996, -0.0329548493 0.00999999978 -0.177045152, -0.0199999996 0.00340184011 -0.175401837, -0.0249848235 0.00501517672 -0.177015185, -0.0199999996 0.00293734530 -0.181999996, -0.0252853613 0.00471463706 -0.181999996, -0.0188423693 0.00315763126 -0.175157636, -0.0192353223 0.00276467623 -0.181999996, 0.0359999985 0.00346863735 -0.175468639, 0.0359999985 0.00293734530 -0.181999996, 0.0439999998 0.00642434647 -0.178424343, 0.0385077447 0.00450774375 -0.176507756, 0.0439999998 0.00608407147 -0.181999996, 0.0376982875 0.00369828939 -0.181999996, 0.0499368533 0.00999999978 -0.181999996, 0.0494244657 0.00999999978 -0.179424465, -0.0280000009 0.00616198592 -0.186161980, -0.0305713229 0.00742867636 -0.187428683, -0.0280000009 0.00621436909 -0.189999998, -0.0305474941 0.00745250564 -0.189999998, -0.0337097421 0.00999999978 -0.189999998, -0.0338765830 0.00999999978 -0.184123412, -0.0199999996 0.00295180269 -0.182951793, -0.0252541509 0.00474584941 -0.184745848, -0.0199999996 0.00303469878 -0.189999998, -0.0252066180 0.00479338178 -0.189999998, -0.0192306787 0.00276932074 -0.182769313, -0.0191617869 0.00283821393 -0.189999998, 0.0359999985 0.00295180269 -0.182951793, 0.0359999985 0.00303469878 -0.189999998, 0.0439999998 0.00616198592 -0.186161980, 0.0377510414 0.00375104113 -0.183751032, 0.0439999998 0.00621436909 -0.189999998, 0.0378849283 0.00388493016 -0.189999998, 0.0497097448 0.00999999978 -0.189999998, 0.0497729480 0.00999999978 -0.187772945, -0.0280000009 0.00707565015 -0.195075646, -0.0298446100 0.00815538876 -0.196155399, -0.0280000009 0.00723679457 -0.197999999, -0.0298158675 0.00818413030 -0.197999999, -0.0316682160 0.00999999978 -0.197999999, -0.0329219624 0.00999999978 -0.193078026, -0.0199999996 0.00320625724 -0.191206247, -0.0248743147 0.00512568420 -0.193125680, -0.0199999996 0.00364314811 -0.197999999, -0.0247053318 0.00529466802 -0.197999999, -0.0191017203 0.00289827865 -0.190898284, -0.0187559500 0.00324404961 -0.197999999, 0.0359999985 0.00320625724 -0.191206247, 0.0359999985 0.00393847469 -0.197999999, 0.0439999998 0.00707565015 -0.195075646, 0.0385966934 0.00459669624 -0.192596689, 0.0439999998 0.00744633377 -0.197999999, 0.0397117995 0.00571179809 -0.197999999, 0.0476681665 0.00999999978 -0.197999999, 0.0485520475 0.00999999978 -0.194552049, -0.0280000009 0.00816409849 -0.204164088, -0.0291374307 0.00886256993 -0.204862565, -0.0280000009 0.00802586786 -0.206000000, -0.0292170104 0.00878299028 -0.206000000, -0.0301290192 0.00999999978 -0.206000000, -0.0305872504 0.00999999978 -0.203412756, -0.0199999996 0.00389745669 -0.199897468, -0.0243424848 0.00565751456 -0.201657519, -0.0199999996 0.00369445118 -0.206000000, -0.0245307256 0.00546927378 -0.206000000, -0.0186489988 0.00335100223 -0.199350998, -0.0188049860 0.00319501222 -0.206000000, 0.0280000009 0.00245909300 -0.206000000, 0.0359999985 0.00467695622 -0.200676963, 0.0359999985 0.00520578912 -0.206000000, 0.0287766773 0.00277667772 -0.206000000, 0.0439999998 0.00999999978 -0.205659822, 0.0437987708 0.00999999978 -0.206000000, 0.0438708551 0.00999999978 -0.205870852, 0.0464877449 0.00999999978 -0.200487748, -0.0280000009 0.00658388948 -0.210583895, -0.0303187631 0.00768123521 -0.211681232, -0.0280000009 0.00610980205 -0.214000002, -0.0305823125 0.00741768815 -0.214000002, -0.0324365273 0.00999999978 -0.214000002, -0.0316162370 0.00999999978 -0.210383758, -0.0199999996 0.00330648804 -0.207306489, -0.0251407903 0.00485920906 -0.208859205, -0.0199999996 0.00277046300 -0.214000002, -0.0255637150 0.00443628477 -0.214000002, -0.0189706553 0.00302934484 -0.207029343, -0.0194031149 0.00259688636 -0.214000002, 0.0280000009 0.00246049231 -0.206460491, 0.0280000009 0.00251859054 -0.214000002, 0.0359999985 0.00573534891 -0.209735349, 0.0289876387 0.00298763835 -0.206987634, 0.0359999985 0.00584228383 -0.214000002, 0.0291025173 0.00310251839 -0.214000002, 0.0410056300 0.00999999978 -0.214000002, 0.0414919257 0.00999999978 -0.211491928, -0.0362337194 0.00976628158 -0.221766278, -0.0359999985 0.00963047799 -0.221630484, -0.0359999985 0.00999999978 -0.221101701, -0.0359999985 0.00956208725 -0.222000003, -0.0362634994 0.00973649789 -0.222000003, -0.0363313295 0.00999999978 -0.222000003, -0.0362711996 0.00999999978 -0.221728802, -0.0280000009 0.00453562848 -0.216535628, -0.0321633890 0.00583661394 -0.217836604, -0.0280000009 0.00404018769 -0.222000003, -0.0325181819 0.00548182102 -0.222000003, -0.0339136645 0.00999999978 -0.216086328, -0.0199999996 0.00255325902 -0.214553252, -0.0261289999 0.00387100014 -0.215871006, -0.0199999996 0.00217212038 -0.222000003, -0.0265295245 0.00347047625 -0.222000003, -0.0194642264 0.00253577321 -0.214535773, -0.0198335890 0.00216641114 -0.222000003, 0.0280000009 0.00240126322 -0.214401260, 0.0280000009 0.00242419657 -0.222000003, 0.0359999985 0.00524315098 -0.217243150, 0.0288438890 0.00284388941 -0.214843884, 0.0359999985 0.00528459810 -0.222000003, 0.0288891606 0.00288915960 -0.222000003, 0.0413187817 0.00999999978 -0.222000003, 0.0407525934 0.00999999978 -0.218752593, -0.0359999985 0.00849612337 -0.228496119, -0.0369587392 0.00904126000 -0.229041263, -0.0359999985 0.00841396675 -0.230000004, -0.0369948149 0.00900518615 -0.230000004, -0.0372757874 0.00999999978 -0.230000004, -0.0371782742 0.00999999978 -0.228821710, -0.0280000009 0.00380619499 -0.223806202, -0.0328295603 0.00517044263 -0.225170434, -0.0280000009 0.00364548014 -0.230000004, -0.0329548232 0.00504517881 -0.230000004, -0.0199999996 0.00216703187 -0.222167045, -0.0265659653 0.00343403500 -0.223434031, -0.0199999996 0.00207966962 -0.230000004, -0.0267005134 0.00329948706 -0.230000004, -0.0198335890 0.00216641114 -0.222166419, -0.0199206304 0.00207937043 -0.230000004, 0.0280000009 0.00239481870 -0.222394824, 0.0280000009 0.00265011471 -0.230000004, 0.0359999985 0.00502468925 -0.225024685, 0.0287871584 0.00278715882 -0.222787157, 0.0359999985 0.00528108981 -0.230000004, 0.0292543061 0.00325430697 -0.230000004, 0.0412674211 0.00999999978 -0.230000004, 0.0410175659 0.00999999978 -0.227017567, -0.0359999985 0.00999999978 -0.233765125, -0.0280000009 0.00444906903 -0.232449070, -0.0319078639 0.00609213393 -0.234092131, -0.0280000009 0.00524623413 -0.238000005, -0.0314887874 0.00651121372 -0.238000005, -0.0341955796 0.00999999978 -0.238000005, -0.0199999996 0.00209363550 -0.230093643, -0.0265128650 0.00348713389 -0.231487140, -0.0199999996 0.00287226378 -0.238000005, -0.0259109754 0.00408902578 -0.238000005, -0.0199184939 0.00208150712 -0.230081514, -0.0192309078 0.00276909280 -0.238000005, 0.0199999996 0.00229231641 -0.238000005, 0.0280000009 0.00287236995 -0.230872378, 0.0280000009 0.00377705880 -0.238000005, 0.0203997847 0.00239978358 -0.238000005, 0.0359999985 0.00717319315 -0.235173181, 0.0306287073 0.00462870672 -0.232628703, 0.0359999985 0.00772249466 -0.238000005, 0.0322649330 0.00626493338 -0.238000005, 0.0381981097 0.00999999978 -0.238000005, 0.0399943143 0.00999999978 -0.233994305, -0.0280000009 0.00999999978 -0.244513959, -0.0199999996 0.00419954164 -0.240199536, -0.0238184128 0.00618158747 -0.242181599, -0.0199999996 0.00646776846 -0.246000007, -0.0226679947 0.00733200414 -0.246000007, -0.0258571729 0.00999999978 -0.246000007, -0.0186798275 0.00332017313 -0.239320174, -0.0120000001 0.00429372862 -0.246000007, -0.0168215130 0.00517848786 -0.246000007, -0.00400000019 0.00338981790 -0.246000007, -0.0100529483 0.00394705217 -0.246000007, 0.00400000019 0.00322825997 -0.246000007, -0.00265251775 0.00334748230 -0.246000007, 0.0120000001 0.00373097346 -0.246000007, 0.00535684405 0.00335684395 -0.246000007, 0.0199999996 0.00263101631 -0.238631010, 0.0199999996 0.00515766954 -0.246000007, 0.0142956730 0.00429567369 -0.246000007, 0.0280000009 0.00724247005 -0.243242472, 0.0220749266 0.00407492602 -0.240074918, 0.0280000009 0.00849559810 -0.246000007, 0.0258182529 0.00781825278 -0.246000007, 0.0359999985 0.00999999978 -0.240715235, 0.0298865456 0.00999999978 -0.246000007, 0.0333808474 0.00999999978 -0.243380845, 0.0373180471 0.00999999978 -0.239318043, -0.0199999996 0.00999999978 -0.249197900, -0.0120000001 0.00999999978 -0.251904279, -0.0152410455 0.00999999978 -0.250758946, -0.00400000019 0.00999999978 -0.253308266, -0.00484615844 0.00999999978 -0.253153831, 0.00400000019 0.00999999978 -0.253583968, 0.00356900832 0.00999999978 -0.253569007, 0.0120000001 0.00999999978 -0.252752721, 0.0108726732 0.00999999978 -0.252872676, 0.0199999996 0.00999999978 -0.250734895, 0.0174306668 0.00999999978 -0.251430660, 0.0280000009 0.00999999978 -0.247226700, 0.0234040115 0.00999999978 -0.249404013, 0.0287875868 0.00999999978 -0.246787578, -0.00515201641 0.0168479830 -0.00484798336, -0.00400000019 0.0166673139 -0.00466731470, -0.00400000019 0.0179999992 -0.00393942092, -0.00400000019 0.0148650352 -0.00600000005, -0.00618097652 0.0158190243 -0.00600000005, -0.00999745354 0.0179999992 -0.00600000005, -0.00561597105 0.0179999992 -0.00438402873, 0.00266731461 0.0166673139 -0.00466731470, 0.00400000019 0.0166673139 -0.00466731470, 0.00400000019 0.0179999992 -0.00393942092, 0.00400000019 0.0148650352 -0.00600000005, 0.000865034992 0.0148650352 -0.00600000005, 0.00193942082 0.0179999992 -0.00393942092, 0.00999745354 0.0179999992 -0.00600000005, -0.0201800335 0.0178199671 -0.0138199674, -0.0199999996 0.0177218989 -0.0137218991, -0.0199999996 0.0179999992 -0.0135195879, -0.0199999996 0.0174089856 -0.0140000004, -0.0202591904 0.0177408103 -0.0140000004, -0.0204111822 0.0179999992 -0.0140000004, -0.0202357899 0.0179999992 -0.0137642100, -0.0150585873 0.0149414130 -0.0109414132, -0.0120000001 0.0138362767 -0.00983627699, -0.0120000001 0.0179999992 -0.00682706852, -0.0166258682 0.0133741312 -0.0140000004, -0.0161868855 0.0179999992 -0.00981311314, -0.00400000019 0.0120251086 -0.00802510791, -0.00905457139 0.0129454285 -0.00894542877, -0.0114562484 0.0179999992 -0.00654375227, 0.00400000019 0.0120251086 -0.00802510791, -0.00197489164 0.0120251086 -0.00802510791, 0.00679132063 0.0127913207 -0.00879132096, 0.0120000001 0.0138362767 -0.00983627699, 0.0120000001 0.0179999992 -0.00682706852, 0.0195248015 0.0175248012 -0.0135248015, 0.0199999996 0.0177218989 -0.0137218991, 0.0199999996 0.0179999992 -0.0135195879, 0.0199999996 0.0174089856 -0.0140000004, 0.0173169598 0.0179999992 -0.0113169597, 0.0204111822 0.0179999992 -0.0140000004, -0.0199999996 0.0137635637 -0.0177635625, -0.0225670319 0.0154329678 -0.0194329675, -0.0199999996 0.0103549622 -0.0219999999, -0.0233672783 0.0146327224 -0.0219999999, -0.0252829175 0.0179999992 -0.0219999999, -0.0234663412 0.0179999992 -0.0185336582, -0.0177854467 0.0122145535 -0.0162145533, -0.0198430941 0.0101569062 -0.0219999999, 0.0199999996 0.0137635637 -0.0177635625, 0.0199999996 0.0103549622 -0.0219999999, 0.0252829175 0.0179999992 -0.0219999999, 0.0209688097 0.0179999992 -0.0149688087, -0.0280245412 0.0179754589 -0.0299754590, -0.0280000009 0.0179491900 -0.0299491901, -0.0280000009 0.0179999992 -0.0298655108, -0.0280000009 0.0179215837 -0.0299999993, -0.0280288495 0.0179711506 -0.0299999993, -0.0280416626 0.0179999992 -0.0299999993, -0.0280328784 0.0179999992 -0.0299671218, -0.0199999996 0.0102234231 -0.0222234223, -0.0243212320 0.0136787677 -0.0256787688, -0.0251622554 0.0128377425 -0.0299999993, -0.0260686576 0.0179999992 -0.0239313431, -0.0198804177 0.0101195835 -0.0221195836, 0.0199999996 0.0102234231 -0.0222234223, 0.0262608305 0.0162608307 -0.0282608308, 0.0280000009 0.0179256983 -0.0299256984, 0.0280000009 0.0179999992 -0.0298042893, 0.0280000009 0.0178824533 -0.0299999993, 0.0280632675 0.0179999992 -0.0299999993, -0.0280000009 0.0163157601 -0.0363157615, -0.0287106615 0.0172893386 -0.0372893363, -0.0280000009 0.0159225613 -0.0379999988, -0.0287683327 0.0172316674 -0.0379999988, -0.0291026235 0.0179999992 -0.0379999988, -0.0289887637 0.0179999992 -0.0370112360, -0.0254360493 0.0125639513 -0.0325639509, -0.0258885026 0.0121114990 -0.0379999988, 0.0280000009 0.0157330185 -0.0357330181, 0.0280000009 0.0149055747 -0.0379999988, 0.0297262855 0.0179999992 -0.0379999988, 0.0280821621 0.0179999992 -0.0300821625, -0.0280000009 0.0161766913 -0.0441766903, -0.0286565907 0.0173434094 -0.0453434102, -0.0280000009 0.0161905829 -0.0460000001, -0.0286674295 0.0173325706 -0.0460000001, -0.0289568044 0.0179999992 -0.0460000001, -0.0289486386 0.0179999992 -0.0450513624, -0.0258204322 0.0121795675 -0.0401795693, -0.0258047059 0.0121952947 -0.0460000001, 0.0280000009 0.0139369508 -0.0419369489, 0.0280000009 0.0131398514 -0.0460000001, 0.0309540555 0.0179999992 -0.0460000001, 0.0301082358 0.0179999992 -0.0401082374, -0.0280000009 0.0174831208 -0.0534831211, -0.0281684585 0.0178315416 -0.0538315400, -0.0280000009 0.0175614115 -0.0540000014, -0.0281636883 0.0178363118 -0.0540000014, -0.0282361992 0.0179999992 -0.0540000014, -0.0282488409 0.0179999992 -0.0537511595, -0.0255594682 0.0124405324 -0.0484405309, -0.0252536144 0.0127463853 -0.0540000014, 0.0280000009 0.0126108397 -0.0486108400, 0.0280000009 0.0120585142 -0.0540000014, 0.0321355350 0.0179999992 -0.0540000014, 0.0315617062 0.0179999992 -0.0495617054, -0.0280000009 0.0179999992 -0.0562568046, -0.0249265768 0.0130734229 -0.0570734255, -0.0245546177 0.0134453839 -0.0619999990, -0.0273254346 0.0179999992 -0.0619999990, 0.0280000009 0.0116620529 -0.0556620508, 0.0280000009 0.0111105666 -0.0619999990, 0.0336723998 0.0179999992 -0.0619999990, 0.0331876315 0.0179999992 -0.0591876283, -0.0243590344 0.0136409653 -0.0656409711, -0.0241111927 0.0138888070 -0.0700000003, -0.0268103760 0.0179999992 -0.0700000003, -0.0272616427 0.0179999992 -0.0627383590, 0.0280000009 0.0108417496 -0.0628417507, 0.0308319721 0.0128319729 -0.0700000003, 0.0358828679 0.0179999992 -0.0700000003, 0.0358403027 0.0179999992 -0.0698403046, -0.0242193826 0.0137806172 -0.0737806186, -0.0199999996 0.0104041966 -0.0780000016, -0.0241854675 0.0138145331 -0.0780000016, -0.0272301491 0.0179999992 -0.0780000016, -0.0268642176 0.0179999992 -0.0711357817, -0.0197831150 0.0102168843 -0.0780000016, 0.0359999985 0.0155395661 -0.0755395666, 0.0359999985 0.0179999992 -0.0703202039, 0.0359999985 0.0148294289 -0.0780000016, 0.0385158136 0.0179999992 -0.0780000016, -0.0284484122 0.0175515879 -0.0855515897, -0.0280000009 0.0170917772 -0.0850917846, -0.0280000009 0.0179999992 -0.0818164945, -0.0280000009 0.0170228835 -0.0860000029, -0.0284720305 0.0175279696 -0.0860000029, -0.0287257358 0.0179999992 -0.0860000029, -0.0286430549 0.0179999992 -0.0853569508, -0.0199999996 0.0103503885 -0.0783503875, -0.0244830698 0.0135169309 -0.0815169290, -0.0199999996 0.0101962425 -0.0860000029, -0.0246455055 0.0133544933 -0.0860000029, -0.0273283310 0.0179999992 -0.0786716715, -0.0197948590 0.0102051422 -0.0782051384, -0.0198860597 0.0101139424 -0.0860000029, 0.0359999985 0.0135754310 -0.0815754309, 0.0359999985 0.0123038758 -0.0860000029, 0.0406788625 0.0179999992 -0.0860000029, 0.0394217670 0.0179999992 -0.0814217702, -0.0280000009 0.0158278383 -0.0918278322, -0.0291505419 0.0168494582 -0.0928494558, -0.0280000009 0.0156374481 -0.0939999968, -0.0292584170 0.0167415831 -0.0939999968, -0.0299835950 0.0179999992 -0.0939999968, -0.0296871960 0.0179999992 -0.0923128054, -0.0199999996 0.0101834983 -0.0861835033, -0.0247786809 0.0132213188 -0.0892213210, -0.0250014663 0.0129985344 -0.0939999968, -0.0198870022 0.0101129971 -0.0861129984, 0.0359999985 0.0118695805 -0.0878695846, 0.0359999985 0.0106661683 -0.0939999968, 0.0421688929 0.0179999992 -0.0939999968, 0.0417402387 0.0179999992 -0.0917402357, -0.0280000009 0.0152015528 -0.0992015526, -0.0295464825 0.0164535176 -0.100453518, -0.0280000009 0.0151290325 -0.101999998, -0.0296327341 0.0163672660 -0.101999998, -0.0306408573 0.0179999992 -0.101999998, -0.0303790793 0.0179999992 -0.0996209159, -0.0250282325 0.0129717672 -0.0969717726, -0.0199999996 0.0100800227 -0.101999998, -0.0251018591 0.0128981397 -0.101999998, -0.0199497379 0.0100502633 -0.101999998, 0.0359999985 0.0105884681 -0.0945884734, 0.0375099666 0.0115099698 -0.101999998, 0.0430457890 0.0179999992 -0.101999998, 0.0429267883 0.0179999992 -0.100926787, -0.0280000009 0.0150295254 -0.107029527, -0.0297035798 0.0162964202 -0.108296424, -0.0280000009 0.0150283528 -0.109999999, -0.0297306385 0.0162693616 -0.109999999, -0.0308386385 0.0179999992 -0.109999999, -0.0307366438 0.0179999992 -0.107263356, -0.0199999996 0.0100802956 -0.102080300, -0.0250954926 0.0129045071 -0.104904510, -0.0199999996 0.0101830075 -0.109999999, -0.0250966549 0.0129033457 -0.109999999, -0.0199492797 0.0100507215 -0.102050722, -0.0198838450 0.0101161553 -0.109999999, 0.0380039550 0.0120039564 -0.104003958, 0.0393584706 0.0133584719 -0.109999999, 0.0433358550 0.0179999992 -0.109999999, 0.0433107540 0.0179999992 -0.109310754, -0.0280000009 0.0151628135 -0.115162812, -0.0296340827 0.0163659174 -0.116365924, -0.0280000009 0.0152011402 -0.118000001, -0.0296057723 0.0163942277 -0.118000001, -0.0306073036 0.0179999992 -0.118000001, -0.0307069570 0.0179999992 -0.115293048, -0.0199999996 0.0101846736 -0.110184677, -0.0250794720 0.0129205296 -0.112920530, -0.0199999996 0.0102154119 -0.118000001, -0.0250404254 0.0129595743 -0.118000001, -0.0198837928 0.0101162074 -0.110116214, -0.0198642518 0.0101357475 -0.118000001, 0.0386798158 0.0126798172 -0.112679817, 0.0375099666 0.0115099698 -0.118000001, 0.0430457890 0.0179999992 -0.118000001, 0.0430793278 0.0179999992 -0.117079325, -0.0280000009 0.0156626943 -0.123662695, -0.0292920899 0.0167079102 -0.124707907, -0.0280000009 0.0157485381 -0.126000002, -0.0292218588 0.0167781413 -0.126000002, -0.0299326275 0.0179999992 -0.126000002, -0.0301641934 0.0179999992 -0.123835810, -0.0199999996 0.0102204876 -0.118220493, -0.0249956455 0.0130043542 -0.121004358, -0.0199999996 0.0102376081 -0.126000002, -0.0248965938 0.0131034078 -0.126000002, -0.0198646728 0.0101353265 -0.118135333, -0.0198540427 0.0101459576 -0.126000002, 0.0359999985 0.0106661683 -0.126000002, 0.0368663259 0.0108663263 -0.118866324, 0.0421688929 0.0179999992 -0.126000002, 0.0423519351 0.0179999992 -0.124351934, -0.0280000009 0.0169661380 -0.132966146, -0.0285115261 0.0174884740 -0.133488476, -0.0280000009 0.0170129687 -0.134000003, -0.0284922756 0.0175077245 -0.134000003, -0.0287268758 0.0179999992 -0.134000003, -0.0288616102 0.0179999992 -0.133138403, -0.0199999996 0.0102548776 -0.126254871, -0.0247580260 0.0132419728 -0.129241973, -0.0199999996 0.0103557901 -0.134000003, -0.0246552397 0.0133447619 -0.134000003, -0.0198523048 0.0101476964 -0.126147702, -0.0197926909 0.0102073085 -0.134000003, 0.0359999985 0.0108538866 -0.126853883, 0.0359999985 0.0117338179 -0.134000003, 0.0408825427 0.0179999992 -0.134000003, 0.0413858443 0.0179999992 -0.131385848, -0.0280000009 0.0179783124 -0.141978323, -0.0280101188 0.0179898813 -0.141989887, -0.0280000009 0.0179759245 -0.142000005, -0.0280106608 0.0179893393 -0.142000005, -0.0280149989 0.0179999992 -0.142000005, -0.0280154124 0.0179999992 -0.141984582, -0.0199999996 0.0103880018 -0.134388000, -0.0244771298 0.0135228699 -0.137522876, -0.0246820524 0.0133179463 -0.142000005, -0.0197842419 0.0102157565 -0.134215757, 0.0359999985 0.0118791824 -0.135879174, 0.0359999985 0.0113522103 -0.142000005, 0.0408320092 0.0179999992 -0.142000005, 0.0410286710 0.0179999992 -0.139028668, -0.0280000009 0.0166412462 -0.148641244, -0.0286635198 0.0173364803 -0.149336487, -0.0280000009 0.0162146688 -0.150000006, -0.0287581850 0.0172418151 -0.150000006, -0.0290501285 0.0179999992 -0.150000006, -0.0289035402 0.0179999992 -0.149096459, -0.0248967391 0.0131032597 -0.145103261, -0.0255121570 0.0124878418 -0.150000006, 0.0359999985 0.0110359555 -0.143035948, 0.0393355712 0.0133355735 -0.150000006, 0.0429708995 0.0179999992 -0.150000006, 0.0426563323 0.0179999992 -0.148656324, -0.0280000009 0.0138808992 -0.153880909, -0.0302313603 0.0157686416 -0.155768648, -0.0280000009 0.0122000417 -0.158000007, -0.0306645054 0.0153354947 -0.158000007, -0.0317955874 0.0179999992 -0.158000007, -0.0308660585 0.0179999992 -0.155133948, -0.0259925853 0.0120074134 -0.152007416, -0.0270492975 0.0109507013 -0.158000007, 0.0439999998 0.0150609147 -0.155060917, 0.0439999998 0.0179999992 -0.151945829, 0.0439999998 0.0135061536 -0.158000007, 0.0468477495 0.0179999992 -0.158000007, -0.0280000009 0.0112283239 -0.159228310, -0.0320867077 0.0139132924 -0.161913306, -0.0328738242 0.0131261731 -0.165999994, -0.0353568345 0.0179999992 -0.165999994, -0.0332297534 0.0179999992 -0.160770252, -0.0272990838 0.0107009159 -0.158700913, 0.0439999998 0.0117633808 -0.159763381, 0.0478227437 0.0138227446 -0.165999994, 0.0512503609 0.0179999992 -0.165999994, 0.0502242073 0.0179999992 -0.164224207, -0.0374869891 0.0165130123 -0.172513023, -0.0359999985 0.0151781207 -0.171178117, -0.0359999985 0.0179999992 -0.167600542, -0.0359999985 0.0139886150 -0.173999995, -0.0377538539 0.0162461456 -0.173999995, -0.0382988118 0.0179999992 -0.173999995, -0.0377696045 0.0179999992 -0.172230393, -0.0336275920 0.0123724090 -0.168372408, -0.0345123559 0.0114876442 -0.173999995, -0.0355653092 0.0179999992 -0.166434690, 0.0520000011 0.0152491946 -0.171249196, 0.0520000011 0.0179999992 -0.167814612, 0.0520000011 0.0139886150 -0.173999995, 0.0542988144 0.0179999992 -0.173999995, -0.0359999985 0.0130225029 -0.177022502, -0.0385197364 0.0154802650 -0.179480270, -0.0359999985 0.0120447911 -0.181999996, -0.0387379974 0.0152620003 -0.181999996, -0.0396600738 0.0179999992 -0.181999996, -0.0391814560 0.0179999992 -0.178818539, -0.0347033218 0.0112966765 -0.175296679, -0.0352112353 0.0107887648 -0.181999996, 0.0520000011 0.0130225029 -0.177022502, 0.0520000011 0.0120447911 -0.181999996, 0.0556600727 0.0179999992 -0.181999996, 0.0547195859 0.0179999992 -0.176719591, -0.0359999985 0.0121345939 -0.184134603, -0.0386342108 0.0153657869 -0.187365785, -0.0359999985 0.0123019675 -0.189999998, -0.0386012532 0.0153987454 -0.189999998, -0.0394674987 0.0179999992 -0.189999998, -0.0395448804 0.0179999992 -0.186455131, -0.0351953097 0.0108046914 -0.182804689, -0.0351165049 0.0108834943 -0.189999998, 0.0520000011 0.0121345939 -0.184134603, 0.0520000011 0.0123019675 -0.189999998, 0.0554674976 0.0179999992 -0.189999998, 0.0555821992 0.0179999992 -0.185582206, -0.0359999985 0.0136769284 -0.193676919, -0.0374899060 0.0165100936 -0.196510106, -0.0359999985 0.0149302650 -0.197999999, -0.0373159274 0.0166840740 -0.197999999, -0.0377064049 0.0179999992 -0.197999999, -0.0381322242 0.0179999992 -0.195867762, -0.0349317268 0.0110682733 -0.191068262, -0.0341966674 0.0118033327 -0.197999999, 0.0520000011 0.0136769284 -0.193676919, 0.0520000011 0.0149303135 -0.197999999, 0.0537063777 0.0179999992 -0.197999999, 0.0549070947 0.0179999992 -0.192907095, -0.0359999985 0.0179999992 -0.202847332, -0.0333535001 0.0126464991 -0.200646505, -0.0328437686 0.0131562306 -0.206000000, -0.0346656218 0.0179999992 -0.206000000, 0.0439999998 0.0101476088 -0.206000000, 0.0486874841 0.0146874841 -0.202687487, 0.0520000011 0.0179999992 -0.202079311, 0.0501580350 0.0179999992 -0.206000000, 0.0508134402 0.0179999992 -0.204813451, 0.0532544143 0.0179999992 -0.199254408, -0.0315249488 0.0144750532 -0.210475057, -0.0323450528 0.0136549463 -0.214000002, -0.0324135236 0.0179999992 -0.214000002, -0.0337552726 0.0179999992 -0.208244726, 0.0439999998 0.0108513050 -0.206851304, 0.0439999998 0.0154257715 -0.214000002, 0.0451193750 0.0179999992 -0.214000002, 0.0480603054 0.0179999992 -0.210060298, -0.0359999985 0.0110070230 -0.222000003, -0.0317400582 0.0142599428 -0.218259946, -0.0319990255 0.0179999992 -0.222000003, -0.0318089277 0.0179999992 -0.218191072, 0.0408546515 0.0148546528 -0.218854651, 0.0439999998 0.0179999992 -0.216436908, 0.0414127335 0.0154127358 -0.222000003, 0.0406585671 0.0179999992 -0.222000003, 0.0421024077 0.0179999992 -0.220102414, 0.0448194966 0.0179999992 -0.214819491, -0.0359999985 0.0111387437 -0.223138750, -0.0359999985 0.0131908301 -0.230000004, -0.0321944803 0.0179999992 -0.230000004, -0.0319107622 0.0179999992 -0.226089239, 0.0401946343 0.0141946357 -0.226194635, 0.0404648595 0.0144648589 -0.230000004, 0.0372429229 0.0179999992 -0.230000004, 0.0393879376 0.0179999992 -0.225387946, -0.0359999985 0.0120983003 -0.232098296, -0.0299383122 0.0160616878 -0.238000005, -0.0289070066 0.0179999992 -0.238000005, -0.0295412485 0.0179999992 -0.236458749, 0.0350463465 0.0170463454 -0.237046346, 0.0359999985 0.0179999992 -0.232708663, 0.0359999985 0.0162280630 -0.236228064, 0.0359999985 0.0145744961 -0.238000005, 0.0347381346 0.0167381335 -0.238000005, 0.0327149145 0.0179999992 -0.238000005, 0.0339766070 0.0179999992 -0.235976607, 0.0396238528 0.0136238523 -0.233623862, 0.0379146114 0.0119146118 -0.238000005, 0.0368609950 0.0179999992 -0.230860993, -0.0280000009 0.0179999992 -0.238975942, -0.0280000009 0.0147896456 -0.242789641, -0.0205322709 0.0174677297 -0.245467722, -0.0199999996 0.0179999992 -0.245234013, -0.0199999996 0.0177153926 -0.245715395, -0.0199999996 0.0171793737 -0.246000007, -0.0234683082 0.0179999992 -0.242531687, -0.0185555723 0.0179999992 -0.246000007, 0.0268878248 0.0168878250 -0.244887814, 0.0280000009 0.0179999992 -0.242363900, 0.0280000009 0.0165361874 -0.244536191, 0.0280000009 0.0132115921 -0.246000007, 0.0258626025 0.0158626027 -0.246000007, 0.0224352796 0.0179999992 -0.246000007, 0.0257355142 0.0179999992 -0.243735522, 0.0359999985 0.0121498778 -0.240149871, 0.0327604227 0.0147604197 -0.242760420, 0.0294465050 0.0114465049 -0.246000007, 0.0302650854 0.0179999992 -0.240265086, 0.0373182558 0.0113182571 -0.239318252, -0.0199999996 0.0127361910 -0.248736188, -0.0164953824 0.0135046178 -0.249504626, -0.0120000001 0.0179999992 -0.248303756, -0.0120000001 0.0147946347 -0.250794619, -0.00661336444 0.0153866354 -0.251386642, -0.00400000019 0.0179999992 -0.249821290, -0.00400000019 0.0157626811 -0.251762688, -0.00913709961 0.0179999992 -0.248862892, 0.00188623031 0.0158862304 -0.251886219, 0.00400000019 0.0179999992 -0.250122756, 0.00400000019 0.0159437582 -0.251943767, -0.0000227989240 0.0179999992 -0.249977201, 0.00959292706 0.0155929271 -0.251592934, 0.0120000001 0.0179999992 -0.249216735, 0.0120000001 0.0153885270 -0.251388520, 0.00768670160 0.0179999992 -0.249686703, 0.0166815687 0.0146815684 -0.250681579, 0.0199999996 0.0179999992 -0.247070193, 0.0199999996 0.0139348097 -0.249934807, 0.0145197809 0.0179999992 -0.248519778, 0.0280000009 0.0110884393 -0.247088447, 0.0231339000 0.0131338984 -0.249133900, 0.0207454432 0.0179999992 -0.246745437, 0.0287793688 0.0107793687 -0.246779367, -0.0132974619 0.0247025378 -0.00470253779, -0.0120000001 0.0242100470 -0.00421004696, -0.0120000001 0.0260000005 -0.00364990323, -0.0120000001 0.0198139362 -0.00600000005, -0.0144124944 0.0235875063 -0.00600000005, -0.0155909648 0.0260000005 -0.00600000005, -0.0135319280 0.0260000005 -0.00446807174, -0.00722478051 0.0227752198 -0.00277521927, -0.00400000019 0.0221545938 -0.00215459545, -0.00400000019 0.0260000005 -0.000964170322, -0.0111101326 0.0188898686 -0.00600000005, -0.00794844702 0.0260000005 -0.00205155276, 0.000154595298 0.0221545938 -0.00215459545, 0.00400000019 0.0221545938 -0.00215459545, 0.00400000019 0.0260000005 -0.000964170322, -0.00103582966 0.0260000005 -0.000964170322, 0.00973455701 0.0237345584 -0.00373455719, 0.0120000001 0.0242100470 -0.00421004696, 0.0120000001 0.0260000005 -0.00364990323, 0.0120000001 0.0198139362 -0.00600000005, 0.00863736775 0.0260000005 -0.00263736816, 0.0155909648 0.0260000005 -0.00600000005, -0.0217743516 0.0242256485 -0.0122256493, -0.0199999996 0.0230013188 -0.0110013178, -0.0199999996 0.0260000005 -0.00975409430, -0.0226967018 0.0233032983 -0.0140000004, -0.0235690325 0.0260000005 -0.0140000004, -0.0220795795 0.0260000005 -0.0119204195, -0.0120000001 0.0185314249 -0.00653142529, -0.0171215851 0.0208784137 -0.00887841359, -0.0181636121 0.0260000005 -0.00783638842, -0.0116244806 0.0183755215 -0.00637551956, 0.0120000001 0.0185314249 -0.00653142529, 0.0133947581 0.0193947591 -0.00739475805, 0.0199999996 0.0230013188 -0.0110013178, 0.0199999996 0.0260000005 -0.00975409430, 0.0206323471 0.0186323468 -0.0140000004, 0.0235690325 0.0260000005 -0.0140000004, -0.0280080028 0.0259919968 -0.0219919961, -0.0280000009 0.0259827673 -0.0219827667, -0.0280000009 0.0260000005 -0.0219727363, -0.0280000009 0.0259563215 -0.0219999999, -0.0280105863 0.0259894151 -0.0219999999, -0.0280132256 0.0260000005 -0.0219999999, -0.0280093420 0.0260000005 -0.0219906587, -0.0244724043 0.0215275958 -0.0175275952, -0.0261061117 0.0198938884 -0.0219999999, -0.0253406875 0.0260000005 -0.0166593138, 0.0280000009 0.0259827673 -0.0219827667, 0.0280000009 0.0260000005 -0.0219727363, 0.0280000009 0.0259563215 -0.0219999999, 0.0280132256 0.0260000005 -0.0219999999, -0.0280000009 0.0218699574 -0.0258699562, -0.0296385363 0.0243614633 -0.0283614639, -0.0299701802 0.0240298193 -0.0299999993, -0.0304552838 0.0260000005 -0.0299999993, -0.0299481433 0.0260000005 -0.0280518569, -0.0265450794 0.0194549207 -0.0234549195, 0.0280000009 0.0218699574 -0.0258699562, 0.0280845482 0.0180845484 -0.0299999993, 0.0305000730 0.0260000005 -0.0299999993, 0.0280186627 0.0260000005 -0.0220186636, -0.0305511951 0.0234488044 -0.0354488082, -0.0307737906 0.0232262090 -0.0379999988, -0.0314509980 0.0260000005 -0.0379999988, -0.0311056729 0.0260000005 -0.0348943286, 0.0281211380 0.0181211382 -0.0301211383, 0.0303169563 0.0203169547 -0.0379999988, 0.0320573561 0.0260000005 -0.0379999988, 0.0311641414 0.0260000005 -0.0331641436, -0.0306316484 0.0233683512 -0.0433683507, -0.0306488592 0.0233511403 -0.0460000001, -0.0312708393 0.0260000005 -0.0460000001, -0.0312960409 0.0260000005 -0.0427039601, 0.0311025530 0.0211025532 -0.0411025546, 0.0320716091 0.0220716074 -0.0460000001, 0.0333671160 0.0260000005 -0.0460000001, 0.0329219811 0.0260000005 -0.0429219827, -0.0301638823 0.0238361172 -0.0518361181, -0.0300800595 0.0239199419 -0.0540000014, -0.0305614900 0.0260000005 -0.0540000014, -0.0307300873 0.0260000005 -0.0512699112, 0.0335811935 0.0235811919 -0.0515811928, 0.0340377688 0.0240377691 -0.0540000014, 0.0347915441 0.0260000005 -0.0540000014, 0.0345554873 0.0260000005 -0.0525554903, -0.0295361336 0.0244638678 -0.0604638681, -0.0280000009 0.0199658163 -0.0619999990, -0.0294557214 0.0245442800 -0.0619999990, -0.0297925901 0.0260000005 -0.0619999990, -0.0299327709 0.0260000005 -0.0600672290, -0.0275393315 0.0184606686 -0.0619999990, 0.0359999985 0.0248133074 -0.0608133040, 0.0359999985 0.0260000005 -0.0593304895, 0.0359999985 0.0241528228 -0.0619999990, 0.0365914293 0.0260000005 -0.0619999990, -0.0280000009 0.0202689152 -0.0642689168, -0.0292377938 0.0247622076 -0.0687622055, -0.0280000009 0.0212384518 -0.0700000003, -0.0292017125 0.0247982889 -0.0700000003, -0.0294827204 0.0260000005 -0.0700000003, -0.0295360684 0.0260000005 -0.0684639364, -0.0275266413 0.0184733588 -0.0624733567, -0.0272199381 0.0187800620 -0.0700000003, 0.0359999985 0.0211910680 -0.0651910678, 0.0359999985 0.0182551090 -0.0700000003, 0.0388751663 0.0260000005 -0.0700000003, 0.0368042327 0.0260000005 -0.0628042370, -0.0280000009 0.0205907337 -0.0725907385, -0.0296052080 0.0243947934 -0.0763947889, -0.0280000009 0.0198847502 -0.0780000016, -0.0296443533 0.0243556462 -0.0780000016, -0.0300349090 0.0260000005 -0.0780000016, -0.0299534593 0.0260000005 -0.0760465413, -0.0272984859 0.0187015124 -0.0707015172, -0.0275340024 0.0184659977 -0.0780000016, 0.0359999985 0.0181306861 -0.0701306835, 0.0397010334 0.0217010360 -0.0780000016, 0.0414695293 0.0260000005 -0.0780000016, 0.0401718132 0.0260000005 -0.0741718113, -0.0280000009 0.0191604309 -0.0791604295, -0.0305577721 0.0234422274 -0.0834422335, -0.0307931732 0.0232068263 -0.0860000029, -0.0314718112 0.0260000005 -0.0860000029, -0.0310607962 0.0260000005 -0.0829392001, -0.0276080146 0.0183919854 -0.0783919841, 0.0424039699 0.0244039688 -0.0844039693, 0.0430657752 0.0250657741 -0.0860000029, 0.0434686504 0.0260000005 -0.0860000029, 0.0432775803 0.0260000005 -0.0852775797, -0.0314474739 0.0225525238 -0.0905525312, -0.0318638384 0.0221361611 -0.0939999968, -0.0328366309 0.0260000005 -0.0939999968, -0.0321581289 0.0260000005 -0.0898418725, 0.0439999998 0.0241736732 -0.0921736732, 0.0439999998 0.0260000005 -0.0890910178, 0.0439999998 0.0232171845 -0.0939999968, 0.0448359326 0.0260000005 -0.0939999968, -0.0321809389 0.0218190625 -0.0978190601, -0.0324828550 0.0215171408 -0.101999998, -0.0336330496 0.0260000005 -0.101999998, -0.0331344642 0.0260000005 -0.0968655422, 0.0439999998 0.0219023116 -0.0979023129, 0.0439999998 0.0206562784 -0.101999998, 0.0456336960 0.0260000005 -0.101999998, 0.0449225530 0.0260000005 -0.0949225575, -0.0325756930 0.0214243066 -0.105424307, -0.0326852165 0.0213147849 -0.109999999, -0.0338950157 0.0260000005 -0.109999999, -0.0337110274 0.0260000005 -0.104288973, 0.0439999998 0.0203953329 -0.104395330, 0.0439999998 0.0198343843 -0.109999999, 0.0458958223 0.0260000005 -0.109999999, 0.0456860103 0.0260000005 -0.103686012, -0.0325931385 0.0214068610 -0.113406859, -0.0324828550 0.0215171408 -0.118000001, -0.0336330496 0.0260000005 -0.118000001, -0.0338209160 0.0260000005 -0.112179086, 0.0439999998 0.0200566463 -0.112056650, 0.0439999998 0.0206562784 -0.118000001, 0.0456336960 0.0260000005 -0.118000001, 0.0458388962 0.0260000005 -0.111838900, -0.0321678519 0.0218321495 -0.121832147, -0.0318638384 0.0221361611 -0.126000002, -0.0328366309 0.0260000005 -0.126000002, -0.0333603993 0.0260000005 -0.120639600, 0.0439999998 0.0219567064 -0.121956713, 0.0439999998 0.0232171845 -0.126000002, 0.0448359326 0.0260000005 -0.126000002, 0.0454944074 0.0260000005 -0.119494408, -0.0311858132 0.0228141863 -0.130814195, -0.0308318119 0.0231681876 -0.134000003, -0.0314833708 0.0260000005 -0.134000003, -0.0321595743 0.0260000005 -0.129840419, 0.0433435775 0.0253435783 -0.133343577, 0.0439999998 0.0260000005 -0.131113216, 0.0431582890 0.0251582917 -0.134000003, 0.0435202867 0.0260000005 -0.134000003, 0.0435947441 0.0260000005 -0.133594736, 0.0447555035 0.0260000005 -0.126755506, -0.0299029443 0.0240970552 -0.140097067, -0.0298637170 0.0241362844 -0.142000005, -0.0301944166 0.0260000005 -0.142000005, -0.0304417592 0.0260000005 -0.139558241, 0.0423451550 0.0243451558 -0.140345156, 0.0422045141 0.0242045149 -0.142000005, 0.0427895971 0.0260000005 -0.142000005, 0.0430084169 0.0260000005 -0.141008407, -0.0296553690 0.0243446305 -0.148344636, -0.0298914220 0.0241085775 -0.150000006, -0.0300638098 0.0260000005 -0.150000006, -0.0299609136 0.0260000005 -0.148039088, 0.0432358906 0.0252358913 -0.149235889, 0.0434264690 0.0254264660 -0.150000006, 0.0434964858 0.0260000005 -0.150000006, 0.0435113572 0.0260000005 -0.149511352, -0.0305654109 0.0234345887 -0.155434579, -0.0314632058 0.0225367919 -0.158000007, -0.0313427225 0.0260000005 -0.158000007, -0.0307713579 0.0260000005 -0.155228645, 0.0439999998 0.0207745172 -0.152774528, 0.0439999998 0.0260000005 -0.151739046, 0.0466459431 0.0206459425 -0.158000007, 0.0458421148 0.0260000005 -0.158000007, -0.0324949808 0.0215050224 -0.161505014, -0.0350878388 0.0189121626 -0.165999994, -0.0337546803 0.0260000005 -0.165999994, -0.0323732011 0.0260000005 -0.161626801, 0.0482424833 0.0222424828 -0.162242472, 0.0500561558 0.0240561534 -0.165999994, 0.0492673106 0.0260000005 -0.165999994, 0.0472478569 0.0260000005 -0.161247849, -0.0363768414 0.0256231595 -0.173623160, -0.0359999985 0.0227172915 -0.170717284, -0.0359999985 0.0260000005 -0.172506541, -0.0365246087 0.0254753921 -0.173999995, -0.0364573188 0.0260000005 -0.173999995, -0.0363567844 0.0260000005 -0.173643216, -0.0353638828 0.0186361186 -0.166636124, -0.0343396626 0.0260000005 -0.167660341, 0.0520000011 0.0230211411 -0.171021134, 0.0520000011 0.0260000005 -0.172716439, 0.0540668629 0.0200668629 -0.173999995, 0.0524573177 0.0260000005 -0.173999995, -0.0377720967 0.0242279042 -0.180227906, -0.0381325223 0.0238674786 -0.181999996, -0.0378246233 0.0260000005 -0.181999996, -0.0375785753 0.0260000005 -0.180421412, 0.0543610305 0.0203610323 -0.176361039, 0.0552539304 0.0212539304 -0.181999996, 0.0538246222 0.0260000005 -0.181999996, 0.0525433831 0.0260000005 -0.174543381, -0.0379577652 0.0240422357 -0.188042238, -0.0379002504 0.0240997486 -0.189999998, -0.0376304127 0.0260000005 -0.189999998, -0.0376679227 0.0260000005 -0.188332081, 0.0551987737 0.0211987719 -0.185198769, 0.0550877675 0.0210877694 -0.189999998, 0.0536304116 0.0260000005 -0.189999998, 0.0537845790 0.0260000005 -0.183784574, -0.0359999985 0.0260000005 -0.197402939, -0.0359999985 0.0257456135 -0.197745606, -0.0359999985 0.0254826173 -0.197999999, -0.0358499177 0.0260000005 -0.197999999, 0.0519200675 0.0259200670 -0.197920054, 0.0520000011 0.0260000005 -0.197402939, 0.0520000011 0.0257456135 -0.197745606, 0.0520000011 0.0254826173 -0.197999999, 0.0519010089 0.0259010103 -0.197999999, 0.0518499166 0.0260000005 -0.197999999, 0.0518817753 0.0260000005 -0.197881773, 0.0546754114 0.0206754114 -0.192675412, 0.0535414256 0.0195414256 -0.197999999, 0.0533588417 0.0260000005 -0.191358835, -0.0359999985 0.0210189186 -0.201018915, -0.0338722430 0.0201277584 -0.206000000, -0.0321683735 0.0260000005 -0.206000000, -0.0357032567 0.0260000005 -0.198296741, 0.0520000011 0.0208987948 -0.200898781, 0.0500658341 0.0240658317 -0.204065830, 0.0491690598 0.0231690593 -0.206000000, 0.0480396003 0.0260000005 -0.206000000, 0.0493814498 0.0260000005 -0.203381449, 0.0531943478 0.0191943459 -0.199194357, -0.0280000009 0.0260000005 -0.212933362, -0.0280000009 0.0253733117 -0.213373303, -0.0280000009 0.0248634461 -0.214000002, -0.0271162894 0.0260000005 -0.214000002, 0.0433074795 0.0253074821 -0.213307485, 0.0439999998 0.0260000005 -0.211840257, 0.0439999998 0.0246303044 -0.212630317, 0.0439999998 0.0214651562 -0.214000002, 0.0427896529 0.0247896556 -0.214000002, 0.0420789681 0.0260000005 -0.214000002, 0.0430232920 0.0260000005 -0.213023305, 0.0476660952 0.0216660984 -0.209666088, 0.0449423939 0.0189423934 -0.214000002, 0.0465672314 0.0260000005 -0.208567232, -0.0280000009 0.0217870995 -0.217787087, -0.0280000009 0.0211919434 -0.222000003, -0.0201758314 0.0260000005 -0.222000003, -0.0210493263 0.0260000005 -0.220950663, 0.0353746936 0.0253746975 -0.221374691, 0.0359999985 0.0260000005 -0.220359966, 0.0359999985 0.0249840673 -0.220984071, 0.0359999985 0.0239901133 -0.222000003, 0.0349951349 0.0249951351 -0.222000003, 0.0336429179 0.0260000005 -0.222000003, 0.0351050310 0.0260000005 -0.221105024, 0.0439999998 0.0192186497 -0.215218648, 0.0405506715 0.0225506704 -0.218550667, 0.0389107913 0.0209107902 -0.222000003, 0.0394134074 0.0260000005 -0.217413411, 0.0446820147 0.0186820161 -0.214682028, -0.0280000009 0.0203214958 -0.224321485, -0.0280000009 0.0202494375 -0.230000004, -0.0245182719 0.0214817282 -0.225481734, -0.0199999996 0.0260000005 -0.222203374, -0.0199999996 0.0233124532 -0.227312461, -0.0199999996 0.0230175219 -0.230000004, -0.0246048104 0.0213951897 -0.230000004, -0.0130177354 0.0249822661 -0.228982270, -0.0120000001 0.0260000005 -0.228225514, -0.0120000001 0.0252693705 -0.229269370, -0.0120000001 0.0250823200 -0.230000004, -0.0131697701 0.0248302314 -0.230000004, -0.0193358473 0.0260000005 -0.222664148, -0.00732772890 0.0260000005 -0.230000004, 0.0199873354 0.0259873345 -0.229987338, 0.0199999996 0.0260000005 -0.229970887, 0.0199999996 0.0259855501 -0.229985550, 0.0199999996 0.0259786583 -0.230000004, 0.0199814960 0.0259814970 -0.230000004, 0.0198736992 0.0260000005 -0.230000004, 0.0199769251 0.0260000005 -0.229976922, 0.0266197864 0.0246197879 -0.228619784, 0.0280000009 0.0260000005 -0.226345003, 0.0280000009 0.0242049508 -0.228204951, 0.0280000009 0.0234508459 -0.230000004, 0.0261151996 0.0241151992 -0.230000004, 0.0256301872 0.0260000005 -0.227630183, 0.0359999985 0.0210549701 -0.225054964, 0.0327253193 0.0227253214 -0.226725325, 0.0359999985 0.0190717801 -0.230000004, 0.0317730643 0.0217730645 -0.230000004, 0.0306533109 0.0260000005 -0.224653304, 0.0381053090 0.0201053079 -0.224105299, 0.0366567336 0.0186567344 -0.230000004, -0.0280000009 0.0198380426 -0.231838048, -0.0280000009 0.0184852984 -0.238000005, -0.0199999996 0.0218671486 -0.233867154, -0.0256733894 0.0203266107 -0.232326612, -0.0199999996 0.0211271122 -0.238000005, -0.0273476373 0.0186523627 -0.238000005, -0.0120000001 0.0230725091 -0.235072508, -0.0154618165 0.0225381833 -0.234538183, -0.0120000001 0.0226102434 -0.238000005, -0.0162125882 0.0217874125 -0.238000005, -0.00639594253 0.0236040577 -0.235604063, -0.00400000019 0.0260000005 -0.231420279, -0.00400000019 0.0237900279 -0.235790029, -0.00400000019 0.0234320574 -0.238000005, -0.00682095299 0.0231790468 -0.238000005, 0.00200866233 0.0240086634 -0.236008674, 0.00400000019 0.0260000005 -0.232761860, 0.00400000019 0.0240737181 -0.236073717, 0.00400000019 0.0237084311 -0.238000005, 0.00167186616 0.0236718655 -0.238000005, -0.00240717572 0.0260000005 -0.231592819, 0.00989510491 0.0238951053 -0.235895112, 0.0120000001 0.0260000005 -0.232274950, 0.0120000001 0.0238664411 -0.235866442, 0.0120000001 0.0233833678 -0.238000005, 0.00950983260 0.0235098321 -0.238000005, 0.00655161915 0.0260000005 -0.232551619, 0.0199999996 0.0230773520 -0.235077351, 0.0173373912 0.0233373903 -0.235337391, 0.0199999996 0.0223202854 -0.238000005, 0.0167998709 0.0227998719 -0.238000005, 0.0137969945 0.0260000005 -0.231796995, 0.0280000009 0.0215147473 -0.233514741, 0.0243453775 0.0223453771 -0.234345376, 0.0280000009 0.0202061199 -0.238000005, 0.0235643461 0.0215643458 -0.238000005, 0.0359999985 0.0186891779 -0.230689183, 0.0308184475 0.0208184477 -0.232818455, 0.0296724029 0.0196724031 -0.238000005, 0.0365091674 0.0185091663 -0.230509177, -0.0280000009 0.0183739308 -0.238373935, -0.0199999996 0.0204507392 -0.240450740, -0.0275393408 0.0184606593 -0.238460660, -0.0120000001 0.0215629283 -0.241562933, -0.0172259491 0.0207740515 -0.240774050, -0.0120000001 0.0196259934 -0.246000007, -0.00400000019 0.0220796205 -0.242079616, -0.00820352510 0.0217964742 -0.241796479, -0.00400000019 0.0205607973 -0.246000007, -0.0102163889 0.0197836105 -0.246000007, 0.00400000019 0.0221769121 -0.242176905, 0.000132466943 0.0221324675 -0.242132455, 0.00400000019 0.0207365826 -0.246000007, -0.00139294611 0.0206070542 -0.246000007, 0.0120000001 0.0218883511 -0.241888344, 0.00803383719 0.0220338386 -0.242033839, 0.0120000001 0.0202063043 -0.246000007, 0.00660917256 0.0206091721 -0.246000007, 0.0199999996 0.0211034231 -0.241103426, 0.0155793242 0.0215793252 -0.241579324, 0.0199999996 0.0187896043 -0.246000007, 0.0139670046 0.0199670047 -0.246000007, 0.0280000009 0.0195693504 -0.239569351, 0.0227195565 0.0207195561 -0.240719557, 0.0206537284 0.0186537281 -0.246000007, 0.0292999465 0.0192999467 -0.239299938, -0.0120000001 0.0191256367 -0.247125641, -0.00400000019 0.0197965298 -0.247796521, -0.0107998839 0.0192001164 -0.247200117, 0.00400000019 0.0199227370 -0.247922733, -0.00218157773 0.0198184215 -0.247818425, 0.0120000001 0.0195362568 -0.247536257, 0.00585596962 0.0198559687 -0.247855976, 0.0199999996 0.0185385663 -0.246538565, 0.0134151019 0.0194151029 -0.247415096, 0.0204718783 0.0184718780 -0.246471882, -0.0138573758 0.0321426243 -0.00414262433, -0.0120000001 0.0312252063 -0.00322520733, -0.0120000001 0.0340000018 -0.00304627349, -0.0160780475 0.0299219526 -0.00600000005, -0.0164853688 0.0340000018 -0.00600000005, -0.0139257237 0.0340000018 -0.00407427596, -0.00820497889 0.0297950208 -0.00179502147, -0.00400000019 0.0287289042 -0.000728904386, -0.00400000019 0.0340000018 -0.000390912086, -0.00839850307 0.0340000018 -0.00160149625, -0.00127109559 0.0287289042 -0.000728904386, 0.00400000019 0.0287289042 -0.000728904386, 0.00400000019 0.0340000018 -0.000390912086, -0.00160908792 0.0340000018 -0.000390912086, 0.00815424230 0.0301542431 -0.00215424248, 0.0120000001 0.0312252063 -0.00322520733, 0.0120000001 0.0340000018 -0.00304627349, 0.00776583655 0.0340000018 -0.00176583673, 0.0159992445 0.0299992450 -0.00600000005, 0.0164853688 0.0340000018 -0.00600000005, -0.0223566666 0.0316433348 -0.0116433343, -0.0199999996 0.0294120461 -0.00941204559, -0.0199999996 0.0340000018 -0.00901848450, -0.0239133947 0.0300866049 -0.0140000004, -0.0241708141 0.0340000018 -0.0140000004, -0.0224390216 0.0340000018 -0.0115609784, -0.0182760023 0.0277239978 -0.00772399642, -0.0185369477 0.0340000018 -0.00746305287, 0.0199999996 0.0294120461 -0.00941204559, 0.0199999996 0.0340000018 -0.00901848450, 0.0238250028 0.0298250020 -0.0140000004, 0.0241708141 0.0340000018 -0.0140000004, -0.0283489227 0.0336510763 -0.0216510780, -0.0280000009 0.0330584720 -0.0210584737, -0.0280000009 0.0340000018 -0.0209461264, -0.0284853932 0.0335146077 -0.0219999999, -0.0285099149 0.0340000018 -0.0219999999, -0.0283607431 0.0340000018 -0.0216392577, -0.0254829172 0.0285170823 -0.0165170822, -0.0256995894 0.0340000018 -0.0163004119, 0.0280000009 0.0330584720 -0.0210584737, 0.0280000009 0.0340000018 -0.0209461264, 0.0280139372 0.0260139368 -0.0219999999, 0.0285099149 0.0340000018 -0.0219999999, -0.0302350707 0.0317649283 -0.0277649295, -0.0307825636 0.0312174354 -0.0299999993, -0.0309214015 0.0340000018 -0.0299999993, -0.0303206798 0.0340000018 -0.0276793186, 0.0280199721 0.0260199718 -0.0220199712, 0.0306183770 0.0286183786 -0.0299999993, 0.0309558082 0.0340000018 -0.0299999993, 0.0287115574 0.0340000018 -0.0227115583, -0.0313667022 0.0306332968 -0.0346332975, -0.0317189991 0.0302810017 -0.0379999988, -0.0319036469 0.0340000018 -0.0379999988, -0.0315150507 0.0340000018 -0.0344849490, 0.0312940143 0.0292940140 -0.0332940146, 0.0321921110 0.0301921107 -0.0379999988, 0.0323797613 0.0340000018 -0.0379999988, 0.0316593088 0.0340000018 -0.0336593091, -0.0315519795 0.0304480214 -0.0424480215, -0.0315262899 0.0304737110 -0.0460000001, -0.0316704772 0.0340000018 -0.0460000001, -0.0317355692 0.0340000018 -0.0422644280, 0.0329709873 0.0309709832 -0.0429709852, 0.0334127583 0.0314127579 -0.0460000001, 0.0334530547 0.0340000018 -0.0460000001, 0.0331463777 0.0340000018 -0.0431463793, -0.0309080761 0.0310919248 -0.0510919243, -0.0307341907 0.0312658101 -0.0540000014, -0.0308024138 0.0340000018 -0.0540000014, -0.0310441870 0.0340000018 -0.0509558097, 0.0343465991 0.0323465988 -0.0523465984, 0.0346095487 0.0326095521 -0.0540000014, 0.0345492549 0.0340000018 -0.0540000014, 0.0343767181 0.0340000018 -0.0523767173, -0.0299098566 0.0320901461 -0.0600901470, -0.0297708511 0.0322291479 -0.0619999990, -0.0297739096 0.0340000018 -0.0619999990, -0.0299651884 0.0340000018 -0.0600348115, 0.0359999985 0.0338951945 -0.0618951954, 0.0359999985 0.0340000018 -0.0619111732, 0.0365650281 0.0265650265 -0.0619999990, 0.0360160843 0.0340000018 -0.0619999990, -0.0291950870 0.0328049138 -0.0688049123, -0.0291514732 0.0328485258 -0.0700000003, -0.0291198716 0.0340000018 -0.0700000003, -0.0291973446 0.0340000018 -0.0688026547, 0.0367261395 0.0267261397 -0.0627261400, 0.0386706106 0.0286706127 -0.0700000003, 0.0379982665 0.0340000018 -0.0700000003, 0.0360211134 0.0340000018 -0.0620211139, -0.0293550324 0.0326449648 -0.0766449645, -0.0294173788 0.0325826220 -0.0780000016, -0.0293349344 0.0340000018 -0.0780000016, -0.0293189194 0.0340000018 -0.0766810849, 0.0396366641 0.0296366643 -0.0736366659, 0.0409846678 0.0309846681 -0.0780000016, 0.0405040644 0.0340000018 -0.0780000016, 0.0388512276 0.0340000018 -0.0728512257, -0.0304400697 0.0315599293 -0.0835599303, -0.0308152381 0.0311847609 -0.0860000029, -0.0305752810 0.0340000018 -0.0860000029, -0.0303190965 0.0340000018 -0.0836809054, 0.0423894227 0.0323894247 -0.0843894258, 0.0427758880 0.0327758864 -0.0860000029, 0.0425692014 0.0340000018 -0.0860000029, 0.0420449041 0.0340000018 -0.0840448961, -0.0316704512 0.0303295478 -0.0903295502, -0.0323596820 0.0296403207 -0.0939999968, -0.0319603831 0.0340000018 -0.0939999968, -0.0314054787 0.0340000018 -0.0905945227, 0.0439855717 0.0339855738 -0.0939855725, 0.0439999998 0.0338740833 -0.0939999968, 0.0439879261 0.0339879282 -0.0939999968, 0.0439858101 0.0340000018 -0.0939999968, 0.0439826138 0.0340000018 -0.0939826146, 0.0447787568 0.0267787557 -0.0939999968, -0.0327370241 0.0292629749 -0.0972629786, -0.0332679674 0.0287320334 -0.101999998, -0.0327751338 0.0340000018 -0.101999998, -0.0323444083 0.0340000018 -0.0976555943, 0.0439999998 0.0340000018 -0.0941359103, 0.0448517054 0.0268517062 -0.0948517099, 0.0455199629 0.0275199618 -0.101999998, 0.0447944142 0.0340000018 -0.101999998, -0.0333681144 0.0286318846 -0.104631886, -0.0335679278 0.0284320712 -0.109999999, -0.0330433212 0.0340000018 -0.109999999, -0.0328826569 0.0340000018 -0.105117343, 0.0455641784 0.0275641773 -0.103564180, 0.0457630605 0.0277630612 -0.109999999, 0.0450601839 0.0340000018 -0.109999999, 0.0448201932 0.0340000018 -0.102820188, -0.0334718004 0.0285281967 -0.112528197, -0.0332679674 0.0287320334 -0.118000001, -0.0327751338 0.0340000018 -0.118000001, -0.0329378657 0.0340000018 -0.113062136, 0.0457147211 0.0277147219 -0.111714721, 0.0455199629 0.0275199618 -0.118000001, 0.0447944142 0.0340000018 -0.118000001, 0.0450279377 0.0340000018 -0.111027941, -0.0329119973 0.0290880017 -0.121087998, -0.0323596820 0.0296403207 -0.126000002, -0.0319603831 0.0340000018 -0.126000002, -0.0323988497 0.0340000018 -0.121601149, 0.0439889729 0.0339889713 -0.125988975, 0.0439999998 0.0340000018 -0.125864089, 0.0439999998 0.0339355394 -0.125935540, 0.0439999998 0.0338740833 -0.126000002, 0.0439879261 0.0339879282 -0.126000002, 0.0439858101 0.0340000018 -0.126000002, 0.0439871810 0.0340000018 -0.125987187, 0.0454009920 0.0274009947 -0.119400993, 0.0447787568 0.0267787557 -0.126000002, 0.0447258726 0.0340000018 -0.118725874, -0.0314726867 0.0305273160 -0.130527318, -0.0308259800 0.0311740208 -0.134000003, -0.0305757243 0.0340000018 -0.134000003, -0.0310857613 0.0340000018 -0.130914226, 0.0439999998 0.0291185323 -0.129118532, 0.0429689847 0.0329689868 -0.132968977, 0.0427977517 0.0327977538 -0.134000003, 0.0425939932 0.0340000018 -0.134000003, 0.0428146347 0.0340000018 -0.132814631, 0.0447097197 0.0267097205 -0.126709729, -0.0291938223 0.0328061804 -0.140806183, -0.0290490314 0.0329509676 -0.142000005, -0.0289172679 0.0340000018 -0.142000005, -0.0290585328 0.0340000018 -0.140941471, 0.0421297029 0.0321297050 -0.140129700, 0.0417784415 0.0317784436 -0.142000005, 0.0412735865 0.0340000018 -0.142000005, 0.0418485515 0.0340000018 -0.139848560, -0.0280000009 0.0340000018 -0.148102731, -0.0280000009 0.0331166200 -0.149116620, -0.0280000009 0.0329899676 -0.150000006, -0.0276779924 0.0340000018 -0.150000006, 0.0415965989 0.0315965973 -0.147596598, 0.0415425263 0.0315425247 -0.150000006, 0.0404693633 0.0340000018 -0.150000006, 0.0410713591 0.0340000018 -0.147071347, -0.0280000009 0.0316980369 -0.155698046, -0.0280000009 0.0323241577 -0.158000007, -0.0269429833 0.0340000018 -0.158000007, -0.0275868699 0.0340000018 -0.150413126, 0.0417366028 0.0317366049 -0.155736595, 0.0439999998 0.0290399492 -0.158000007, 0.0420198105 0.0320198089 -0.158000007, 0.0403117500 0.0340000018 -0.158000007, 0.0406976976 0.0340000018 -0.154697686, 0.0452576242 0.0272576269 -0.158000007, -0.0280000009 0.0323063433 -0.164306343, -0.0280000009 0.0328973792 -0.165999994, -0.0267311074 0.0340000018 -0.165999994, -0.0267453417 0.0340000018 -0.159254655, 0.0439999998 0.0296819936 -0.161681995, 0.0424702391 0.0324702375 -0.164470226, 0.0439999998 0.0316504240 -0.165999994, 0.0427754670 0.0327754654 -0.165999994, 0.0408650152 0.0340000018 -0.165999994, 0.0409541167 0.0340000018 -0.162954122, 0.0454513356 0.0274513382 -0.159451336, 0.0470770448 0.0290770438 -0.165999994, -0.0359999985 0.0265943948 -0.173999995, -0.0280000009 0.0332373120 -0.173237309, -0.0280000009 0.0334714912 -0.173999995, -0.0323247425 0.0296752602 -0.173999995, -0.0270141158 0.0340000018 -0.173999995, -0.0265940335 0.0340000018 -0.167405963, 0.0439999998 0.0325876027 -0.172587603, 0.0433180556 0.0333180539 -0.173318058, 0.0439999998 0.0330796801 -0.173999995, 0.0434523150 0.0334523171 -0.173999995, 0.0420966707 0.0340000018 -0.173999995, 0.0420048535 0.0340000018 -0.172004849, 0.0474943183 0.0294943191 -0.169494331, 0.0520000011 0.0265712105 -0.173999995, 0.0484898575 0.0304898564 -0.173999995, 0.0523001626 0.0263001639 -0.173999995, -0.0359999985 0.0266701803 -0.174670175, -0.0359999985 0.0281636361 -0.181999996, -0.0280000009 0.0338053666 -0.181805372, -0.0303455386 0.0316544622 -0.179654464, -0.0280000009 0.0338366926 -0.181999996, -0.0287424959 0.0332575031 -0.181999996, -0.0276021548 0.0340000018 -0.181999996, -0.0269658733 0.0340000018 -0.175034136, 0.0439999998 0.0338005722 -0.181800574, 0.0438860171 0.0338860154 -0.181886017, 0.0439999998 0.0338326506 -0.181999996, 0.0438971445 0.0338971429 -0.181999996, 0.0435806699 0.0340000018 -0.181999996, 0.0435372256 0.0340000018 -0.181537226, 0.0520000011 0.0266701803 -0.174670175, 0.0488266498 0.0308266487 -0.178826645, 0.0520000011 0.0281636361 -0.181999996, 0.0491631329 0.0311631318 -0.181999996, 0.0523252562 0.0263252556 -0.174325258, 0.0531730875 0.0271730889 -0.181999996, -0.0359999985 0.0281213280 -0.184121326, -0.0359999985 0.0279471837 -0.189999998, -0.0280000009 0.0337205008 -0.189720511, -0.0292072911 0.0327927098 -0.188792706, -0.0280000009 0.0337139815 -0.189999998, -0.0293298028 0.0326701961 -0.189999998, -0.0272907056 0.0340000018 -0.189999998, -0.0275757499 0.0340000018 -0.182424262, 0.0439999998 0.0337205008 -0.189720511, 0.0438272618 0.0338272639 -0.189827248, 0.0439999998 0.0337139815 -0.189999998, 0.0438248590 0.0338248610 -0.189999998, 0.0432907082 0.0340000018 -0.189999998, 0.0433144346 0.0340000018 -0.189314440, 0.0520000011 0.0281213280 -0.184121326, 0.0491135642 0.0311135612 -0.187113553, 0.0520000011 0.0279471837 -0.189999998, 0.0490693375 0.0310693365 -0.189999998, 0.0531607307 0.0271607302 -0.183160737, 0.0530513413 0.0270513408 -0.189999998, -0.0359999985 0.0276488476 -0.191648856, -0.0280000009 0.0328127965 -0.196812794, -0.0318698809 0.0301301200 -0.194130108, -0.0280000009 0.0325460210 -0.197999999, -0.0247095674 0.0340000018 -0.197999999, -0.0269646551 0.0340000018 -0.191035345, 0.0439999998 0.0328127965 -0.196812794, 0.0432385430 0.0332385451 -0.197238535, 0.0439999998 0.0325460210 -0.197999999, 0.0431375392 0.0331375375 -0.197999999, 0.0407095663 0.0340000018 -0.197999999, 0.0414898321 0.0340000018 -0.195489839, 0.0520000011 0.0276488476 -0.191648856, 0.0486610048 0.0306610037 -0.194660991, 0.0481816977 0.0301817004 -0.197999999, 0.0529592745 0.0269592758 -0.190959275, -0.0280000009 0.0311486926 -0.203148693, -0.0280000009 0.0297810789 -0.206000000, -0.0200484041 0.0339515954 -0.205951601, -0.0199999996 0.0340000018 -0.205849692, -0.0199999996 0.0339735933 -0.205973580, -0.0199999996 0.0339632668 -0.206000000, -0.0200969335 0.0339030661 -0.206000000, -0.0198779777 0.0340000018 -0.206000000, 0.0359799489 0.0339799486 -0.205979943, 0.0359999985 0.0340000018 -0.205849692, 0.0359999985 0.0339735933 -0.205973580, 0.0359999985 0.0339632668 -0.206000000, 0.0359749272 0.0339749269 -0.206000000, 0.0358779803 0.0340000018 -0.206000000, 0.0359312035 0.0340000018 -0.205931202, 0.0439999998 0.0311486926 -0.203148693, 0.0421478339 0.0321478359 -0.204147846, 0.0439999998 0.0297810789 -0.206000000, 0.0416353829 0.0316353850 -0.206000000, 0.0389176235 0.0340000018 -0.200917616, 0.0475647338 0.0295647345 -0.201564729, 0.0462812372 0.0282812379 -0.206000000, -0.0280000009 0.0286894180 -0.208689421, -0.0199999996 0.0318864547 -0.211886466, -0.0239074808 0.0300925206 -0.210092515, -0.0199999996 0.0305179525 -0.214000002, -0.0124556143 0.0335443877 -0.213544384, -0.0120000001 0.0340000018 -0.212651134, -0.0120000001 0.0336837061 -0.213683695, -0.0120000001 0.0334981121 -0.214000002, -0.0129180411 0.0330819599 -0.214000002, -0.00960992835 0.0340000018 -0.214000002, 0.0277297534 0.0337297544 -0.213729754, 0.0280000009 0.0340000018 -0.212632239, 0.0280000009 0.0336785689 -0.213678569, 0.0280000009 0.0334894545 -0.214000002, 0.0276133977 0.0336133949 -0.214000002, 0.0255817231 0.0340000018 -0.214000002, 0.0271103196 0.0340000018 -0.213110328, 0.0359999985 0.0318331867 -0.211833194, 0.0343836583 0.0323836580 -0.212383673, 0.0359999985 0.0303381477 -0.214000002, 0.0336644165 0.0316644162 -0.214000002, 0.0315596461 0.0340000018 -0.209559649, 0.0439999998 0.0285981148 -0.208598107, 0.0404896475 0.0304896478 -0.210489661, 0.0388810970 0.0288810935 -0.214000002, 0.0458203368 0.0278203357 -0.207820326, -0.0199999996 0.0291253235 -0.217125326, -0.0199999996 0.0260950141 -0.222000003, -0.0120000001 0.0312726870 -0.219272688, -0.0160034765 0.0299965236 -0.217996523, -0.0120000001 0.0293628983 -0.222000003, -0.0198530331 0.0261469670 -0.222000003, -0.00593946408 0.0320605338 -0.220060527, -0.00400000019 0.0340000018 -0.216634274, -0.00400000019 0.0324581973 -0.220458210, -0.00400000019 0.0313241333 -0.222000003, -0.00768291438 0.0303170849 -0.222000003, 0.00286325230 0.0328632519 -0.220863253, 0.00400000019 0.0340000018 -0.218373314, 0.00400000019 0.0329737812 -0.220973790, 0.00400000019 0.0322095640 -0.222000003, 0.00193170586 0.0319317058 -0.222000003, -0.000684819184 0.0340000018 -0.217315182, 0.0109507889 0.0329507850 -0.220950797, 0.0120000001 0.0340000018 -0.218322769, 0.0120000001 0.0329507850 -0.220950797, 0.0120000001 0.0321553349 -0.222000003, 0.0101739280 0.0321739279 -0.222000003, 0.00832276605 0.0340000018 -0.218322769, 0.0185310915 0.0325310901 -0.220531091, 0.0199999996 0.0340000018 -0.216531768, 0.0199999996 0.0323839262 -0.220383927, 0.0199999996 0.0311154686 -0.222000003, 0.0175304934 0.0315304920 -0.222000003, 0.0155281527 0.0340000018 -0.217528149, 0.0280000009 0.0311365183 -0.219136521, 0.0256526358 0.0316526368 -0.219652638, 0.0280000009 0.0288083535 -0.222000003, 0.0241558217 0.0301558208 -0.222000003, 0.0217609201 0.0340000018 -0.215760931, 0.0359999985 0.0288618077 -0.216861799, 0.0322620533 0.0302620567 -0.218262061, 0.0300469175 0.0280469172 -0.222000003, 0.0381981097 0.0281981081 -0.216198102, -0.0199999996 0.0260641947 -0.222064197, -0.0120000001 0.0282547567 -0.224254757, -0.0199197903 0.0260802098 -0.222080216, -0.00400000019 0.0295653939 -0.225565404, -0.00942866039 0.0285713393 -0.224571332, -0.00400000019 0.0267017838 -0.230000004, 0.00400000019 0.0301505774 -0.226150572, -0.000229187863 0.0297708139 -0.225770816, 0.00400000019 0.0274756160 -0.230000004, -0.00322910142 0.0267708991 -0.230000004, 0.0120000001 0.0300861672 -0.226086169, 0.00811244640 0.0301124472 -0.226112440, 0.0120000001 0.0272675455 -0.230000004, 0.00545278611 0.0274527855 -0.230000004, 0.0199999996 0.0293496978 -0.225349694, 0.0158107188 0.0298107211 -0.225810722, 0.0131273707 0.0271273702 -0.230000004, 0.0280000009 0.0278021768 -0.223802164, 0.0229402930 0.0289402921 -0.224940285, 0.0294829067 0.0274829064 -0.223482907, -0.00400000019 0.0264615882 -0.230461597, 0.00400000019 0.0269582272 -0.230958223, -0.00351766590 0.0264823344 -0.230482325, 0.0120000001 0.0268146880 -0.230814680, 0.00494301599 0.0269430168 -0.230943024, 0.0127570778 0.0267570782 -0.230757087, -0.0128296744 0.0411703251 -0.00517032575, -0.0120000001 0.0405917764 -0.00459177746, -0.0120000001 0.0419999994 -0.00487231137, -0.0145421820 0.0394578166 -0.00600000005, -0.0137432180 0.0419999994 -0.00600000005, -0.0127349840 0.0419999994 -0.00526501518, -0.00754057197 0.0384594277 -0.00245942804, -0.00400000019 0.0371681787 -0.00116818002, -0.00400000019 0.0419999994 -0.00213463581, -0.00703054480 0.0419999994 -0.00296945544, -0.000831820013 0.0371681787 -0.00116818002, 0.00400000019 0.0371681787 -0.00116818002, 0.00400000019 0.0419999994 -0.00213463581, 0.000134635833 0.0419999994 -0.00213463581, 0.00967227202 0.0396722704 -0.00367227127, 0.0120000001 0.0405917764 -0.00459177746, 0.0120000001 0.0419999994 -0.00487231137, 0.0103920642 0.0419999994 -0.00439206418, 0.0154632172 0.0374632180 -0.00600000005, 0.0137432180 0.0419999994 -0.00600000005, -0.0215145461 0.0404854529 -0.0124854557, -0.0199999996 0.0382582210 -0.0102582220, -0.0199999996 0.0419999994 -0.0112438062, -0.0229365546 0.0390634462 -0.0140000004, -0.0223343857 0.0419999994 -0.0140000004, -0.0213509966 0.0419999994 -0.0126490043, -0.0182057973 0.0357942060 -0.00779420277, -0.0173932016 0.0419999994 -0.00860679708, 0.0199999996 0.0382582210 -0.0102582220, 0.0199999996 0.0419999994 -0.0112438062, 0.0234899987 0.0374899991 -0.0140000004, 0.0223343857 0.0419999994 -0.0140000004, -0.0280000009 0.0367714502 -0.0219999999, -0.0252512004 0.0367488004 -0.0167488009, -0.0269575380 0.0419999994 -0.0219999999, -0.0246061664 0.0419999994 -0.0173938330, 0.0263351891 0.0403351896 -0.0203351900, 0.0280000009 0.0367714502 -0.0219999999, 0.0271715019 0.0411715023 -0.0219999999, 0.0269575380 0.0419999994 -0.0219999999, 0.0253563784 0.0419999994 -0.0193563793, 0.0284432881 0.0344432853 -0.0219999999, -0.0280000009 0.0419999994 -0.0250977799, -0.0293513276 0.0406486690 -0.0286486726, -0.0297797602 0.0402202420 -0.0299999993, -0.0295060035 0.0419999994 -0.0299999993, -0.0291922651 0.0419999994 -0.0288077351, -0.0272558164 0.0419999994 -0.0227441844, 0.0280000009 0.0419999994 -0.0250977799, 0.0285841171 0.0345841162 -0.0225841179, 0.0305680484 0.0365680456 -0.0299999993, 0.0295230784 0.0419999994 -0.0299999993, -0.0306292363 0.0393707603 -0.0353707634, -0.0309850834 0.0390149169 -0.0379999988, -0.0305280555 0.0419999994 -0.0379999988, -0.0302725565 0.0419999994 -0.0357274450, 0.0310251545 0.0370251536 -0.0330251530, 0.0317279808 0.0377279818 -0.0379999988, 0.0308118165 0.0419999994 -0.0379999988, 0.0298577975 0.0419999994 -0.0318577960, -0.0307183862 0.0392816179 -0.0432816148, -0.0306599606 0.0393400379 -0.0460000001, -0.0302313250 0.0419999994 -0.0460000001, -0.0302835964 0.0419999994 -0.0437164046, 0.0321120024 0.0381120034 -0.0421120040, 0.0324532352 0.0384532362 -0.0460000001, 0.0314549208 0.0419999994 -0.0460000001, 0.0311715305 0.0419999994 -0.0411715284, -0.0294668619 0.0405331366 -0.0525331385, -0.0293170679 0.0406829342 -0.0540000014, -0.0290686805 0.0419999994 -0.0540000014, -0.0291877240 0.0419999994 -0.0528122745, 0.0327567197 0.0387567207 -0.0507567227, 0.0330210142 0.0390210152 -0.0540000014, 0.0317908600 0.0419999994 -0.0540000014, 0.0317625478 0.0419999994 -0.0497625470, -0.0280000009 0.0419999994 -0.0595716275, -0.0280000009 0.0409006588 -0.0609006584, -0.0280000009 0.0403302424 -0.0619999990, -0.0274661966 0.0419999994 -0.0619999990, 0.0333739780 0.0393739790 -0.0593739785, 0.0359999985 0.0340405107 -0.0619999990, 0.0336818919 0.0396818928 -0.0619999990, 0.0322292112 0.0419999994 -0.0619999990, 0.0321786515 0.0419999994 -0.0581786484, 0.0360123292 0.0340123288 -0.0619999990, -0.0280000009 0.0380555876 -0.0660555884, -0.0280000009 0.0371075682 -0.0700000003, -0.0258571990 0.0419999994 -0.0700000003, -0.0272778906 0.0419999994 -0.0627221093, 0.0359999985 0.0340601616 -0.0620601624, 0.0342792161 0.0402792171 -0.0682792142, 0.0359999985 0.0379046015 -0.0700000003, 0.0345833041 0.0405833051 -0.0700000003, 0.0332786106 0.0419999994 -0.0700000003, 0.0330034420 0.0419999994 -0.0670034438, 0.0360140540 0.0340140536 -0.0620140545, 0.0374502465 0.0354502462 -0.0700000003, -0.0280000009 0.0366176888 -0.0726176947, -0.0280000009 0.0369681083 -0.0780000016, -0.0250961687 0.0419999994 -0.0780000016, -0.0255698822 0.0419999994 -0.0724301115, 0.0359999985 0.0405426733 -0.0765426755, 0.0356503800 0.0416503809 -0.0776503831, 0.0359999985 0.0413010083 -0.0780000016, 0.0357284956 0.0417284966 -0.0780000016, 0.0353961065 0.0419999994 -0.0780000016, 0.0352105573 0.0419999994 -0.0772105530, 0.0377205573 0.0357205570 -0.0717205554, 0.0391144194 0.0371144190 -0.0780000016, -0.0280000009 0.0374446660 -0.0814446732, -0.0280000009 0.0388519429 -0.0860000029, -0.0257755760 0.0419999994 -0.0860000029, -0.0253556743 0.0419999994 -0.0806443244, 0.0359999985 0.0419999994 -0.0798430964, 0.0396933444 0.0376933441 -0.0816933438, 0.0404811725 0.0384811722 -0.0860000029, 0.0377219133 0.0419999994 -0.0860000029, -0.0280000009 0.0407443680 -0.0927443728, -0.0280000009 0.0411476940 -0.0939999968, -0.0273682941 0.0419999994 -0.0939999968, -0.0261596143 0.0419999994 -0.0878403857, 0.0410240926 0.0390240923 -0.0910240933, 0.0413937308 0.0393937305 -0.0939999968, 0.0392851569 0.0419999994 -0.0939999968, 0.0381331928 0.0419999994 -0.0881331936, -0.0280000009 0.0419999994 -0.0990606248, -0.0285086706 0.0414913297 -0.101491325, -0.0286240224 0.0413759798 -0.101999998, -0.0283206087 0.0419999994 -0.101999998, -0.0282899812 0.0419999994 -0.101710014, -0.0274371784 0.0419999994 -0.0945628211, 0.0417579003 0.0397578999 -0.0997579023, 0.0439999998 0.0356712043 -0.101999998, 0.0419185907 0.0399185903 -0.101999998, 0.0402053781 0.0419999994 -0.101999998, 0.0397095978 0.0419999994 -0.0977096036, 0.0445869602 0.0345869586 -0.101999998, -0.0291086175 0.0408913828 -0.108891383, -0.0291926060 0.0408073924 -0.109999999, -0.0286090281 0.0419999994 -0.109999999, -0.0285883788 0.0419999994 -0.109411620, 0.0439999998 0.0357841179 -0.103784122, 0.0420443974 0.0400444008 -0.108044401, 0.0439999998 0.0362189859 -0.109999999, 0.0420901440 0.0400901437 -0.109999999, 0.0405095480 0.0419999994 -0.109999999, 0.0403712541 0.0419999994 -0.106371254, 0.0445997193 0.0345997214 -0.102599718, 0.0447822250 0.0347822271 -0.109999999, -0.0286748931 0.0413251072 -0.117325112, -0.0286240224 0.0413759798 -0.118000001, -0.0283206087 0.0419999994 -0.118000001, -0.0283322819 0.0419999994 -0.117667720, 0.0439999998 0.0360877924 -0.112087794, 0.0419662893 0.0399662890 -0.115966283, 0.0439999998 0.0356712043 -0.118000001, 0.0419185907 0.0399185903 -0.118000001, 0.0402053781 0.0419999994 -0.118000001, 0.0403447077 0.0419999994 -0.114344709, 0.0447659865 0.0347659886 -0.110765986, 0.0445869602 0.0345869586 -0.118000001, -0.0280000009 0.0419999994 -0.120939374, -0.0280000009 0.0412835367 -0.125283524, -0.0280000009 0.0411476940 -0.126000002, -0.0273682941 0.0419999994 -0.126000002, 0.0439999998 0.0354036838 -0.119403690, 0.0415695012 0.0395695008 -0.123569496, 0.0413937308 0.0393937305 -0.126000002, 0.0392851569 0.0419999994 -0.126000002, 0.0397741087 0.0419999994 -0.121774107, 0.0445517041 0.0345517062 -0.118551701, -0.0280000009 0.0395675749 -0.131567568, -0.0280000009 0.0387558863 -0.134000003, -0.0256861523 0.0419999994 -0.134000003, -0.0272003058 0.0419999994 -0.126799688, 0.0408902429 0.0388902426 -0.130890250, 0.0404955968 0.0384955965 -0.134000003, 0.0377318263 0.0419999994 -0.134000003, 0.0387693606 0.0419999994 -0.128769368, -0.0280000009 0.0374995470 -0.137499541, -0.0280000009 0.0355985574 -0.142000005, -0.0234292187 0.0419999994 -0.142000005, -0.0246866029 0.0419999994 -0.137313396, 0.0358710960 0.0418710969 -0.141871095, 0.0359999985 0.0419999994 -0.140865773, 0.0359999985 0.0417251401 -0.141725138, 0.0359999985 0.0416190140 -0.142000005, 0.0358478539 0.0418478549 -0.142000005, 0.0356523730 0.0419999994 -0.142000005, 0.0357411951 0.0419999994 -0.141741201, 0.0401287675 0.0381287672 -0.138128772, 0.0394516252 0.0374516249 -0.142000005, 0.0374943502 0.0419999994 -0.135494351, -0.0280000009 0.0352376550 -0.143237650, -0.0258122142 0.0361877866 -0.150000006, -0.0210505035 0.0419999994 -0.150000006, -0.0213678684 0.0419999994 -0.148632124, 0.0359999985 0.0399976112 -0.147997618, 0.0350831486 0.0410831496 -0.149083152, 0.0359999985 0.0394918509 -0.150000006, 0.0348845161 0.0408845171 -0.150000006, 0.0333837345 0.0419999994 -0.150000006, 0.0341382548 0.0419999994 -0.148138255, 0.0392535590 0.0372535586 -0.145253554, 0.0386705771 0.0366705768 -0.150000006, -0.0199999996 0.0419999994 -0.153647378, -0.0199999996 0.0410611443 -0.157061145, -0.0199999996 0.0408222452 -0.158000007, -0.0183485225 0.0419999994 -0.158000007, 0.0359999985 0.0385574587 -0.154557452, 0.0343092196 0.0403092206 -0.156309217, 0.0359999985 0.0381684825 -0.158000007, 0.0340223126 0.0400223136 -0.158000007, 0.0310154743 0.0419999994 -0.158000007, 0.0324352086 0.0419999994 -0.154435217, 0.0385767780 0.0365767777 -0.152576789, 0.0382465348 0.0362465344 -0.158000007, -0.0199999996 0.0395604149 -0.163560405, -0.0199999996 0.0392082073 -0.165999994, -0.0151354996 0.0419999994 -0.165999994, -0.0169675574 0.0419999994 -0.161032438, 0.0359999985 0.0376330800 -0.161633089, 0.0335966013 0.0395965986 -0.163596600, 0.0359999985 0.0375401266 -0.165999994, 0.0333106890 0.0393106863 -0.165999994, 0.0283377394 0.0419999994 -0.165999994, 0.0305303633 0.0419999994 -0.160530359, 0.0382053331 0.0362053327 -0.160205334, 0.0381310806 0.0361310802 -0.165999994, -0.0199999996 0.0384106934 -0.170410693, -0.0199999996 0.0381657444 -0.173999995, -0.0124775963 0.0415224023 -0.173522398, -0.0120000001 0.0419999994 -0.172758147, -0.0120000001 0.0417618006 -0.173761800, -0.0120000001 0.0417142250 -0.173999995, -0.0125359958 0.0414640047 -0.173999995, -0.0110554555 0.0419999994 -0.173999995, 0.0272463895 0.0412463918 -0.173246384, 0.0280000009 0.0419999994 -0.166980520, 0.0280000009 0.0408977717 -0.172897771, 0.0280000009 0.0407837704 -0.173999995, 0.0271023270 0.0411023237 -0.173999995, 0.0242944658 0.0419999994 -0.173999995, 0.0258881152 0.0419999994 -0.171888113, 0.0359999985 0.0371994302 -0.169199437, 0.0329902545 0.0389902517 -0.170990244, 0.0359999985 0.0373197272 -0.173999995, 0.0327713192 0.0387713201 -0.173999995, 0.0282855071 0.0419999994 -0.166285500, 0.0381093659 0.0361093655 -0.168109372, 0.0382075273 0.0362075269 -0.173999995, -0.0199999996 0.0376382619 -0.177638263, -0.0199999996 0.0375301018 -0.181999996, -0.0120000001 0.0404214002 -0.180421397, -0.0145819206 0.0394180790 -0.179418072, -0.0120000001 0.0402422510 -0.181999996, -0.0146784391 0.0393215604 -0.181999996, -0.00445685070 0.0419999994 -0.181999996, -0.00629350357 0.0419999994 -0.179706499, 0.0197903384 0.0417903401 -0.181790337, 0.0199999996 0.0419999994 -0.180555537, 0.0199999996 0.0417498685 -0.181749880, 0.0199999996 0.0417124853 -0.181999996, 0.0197455846 0.0417455807 -0.181999996, 0.0179737844 0.0419999994 -0.181999996, 0.0192498025 0.0419999994 -0.181249797, 0.0280000009 0.0398961976 -0.179896191, 0.0263921283 0.0403921269 -0.180392116, 0.0280000009 0.0398025103 -0.181999996, 0.0261989627 0.0401989631 -0.181999996, 0.0229441654 0.0419999994 -0.176944166, 0.0359999985 0.0370648615 -0.177064866, 0.0325124599 0.0385124572 -0.178512454, 0.0359999985 0.0372643732 -0.181999996, 0.0323948264 0.0383948237 -0.181999996, 0.0381817445 0.0361817442 -0.176181749, 0.0383511558 0.0363511555 -0.181999996, -0.0199999996 0.0371425487 -0.185142547, -0.0199999996 0.0370142795 -0.189999998, -0.0120000001 0.0393538475 -0.187353849, -0.0157524534 0.0382475480 -0.186247543, -0.0120000001 0.0392094105 -0.189999998, -0.0158876386 0.0381123610 -0.189999998, -0.00555574708 0.0404442511 -0.188444257, -0.00400000019 0.0419999994 -0.182527870, -0.00400000019 0.0407446288 -0.188744634, -0.00400000019 0.0406234451 -0.189999998, -0.00565910898 0.0403408892 -0.189999998, 0.00333455438 0.0413345546 -0.189334542, 0.00400000019 0.0419999994 -0.186631992, 0.00400000019 0.0413960926 -0.189396083, 0.00400000019 0.0413212329 -0.189999998, 0.00326410518 0.0412641056 -0.189999998, -0.00298735220 0.0419999994 -0.183012649, 0.0113420729 0.0413420722 -0.189342067, 0.0120000001 0.0419999994 -0.186125189, 0.0120000001 0.0413329750 -0.189332977, 0.0120000001 0.0412606932 -0.189999998, 0.0112611866 0.0412611887 -0.189999998, 0.00844942220 0.0419999994 -0.186449423, 0.0199999996 0.0405793563 -0.188579366, 0.0187212769 0.0407212749 -0.188721284, 0.0199999996 0.0404906906 -0.189999998, 0.0185954049 0.0405954048 -0.189999998, 0.0146985240 0.0419999994 -0.184698522, 0.0280000009 0.0391646810 -0.187164694, 0.0256291907 0.0396291874 -0.187629193, 0.0280000009 0.0390922353 -0.189999998, 0.0255037230 0.0395037234 -0.189999998, 0.0359999985 0.0370359756 -0.185035974, 0.0321567580 0.0381567590 -0.186156750, 0.0359999985 0.0369660817 -0.189999998, 0.0320781134 0.0380781144 -0.189999998, 0.0382953733 0.0362953730 -0.184295386, 0.0382348560 0.0362348557 -0.189999998, -0.0199999996 0.0366838761 -0.192683876, -0.0199999996 0.0359867662 -0.197999999, -0.0120000001 0.0385613330 -0.194561347, -0.0165671278 0.0374328718 -0.193432882, -0.0120000001 0.0381647348 -0.197999999, -0.0173622519 0.0366377495 -0.197999999, -0.00400000019 0.0396912917 -0.195691302, -0.00670446968 0.0392955318 -0.195295528, -0.00400000019 0.0394549407 -0.197999999, -0.00707344851 0.0389265530 -0.197999999, 0.00400000019 0.0402338542 -0.196233854, 0.00210884772 0.0401088484 -0.196108848, 0.00400000019 0.0400657654 -0.197999999, 0.00189946522 0.0398994647 -0.197999999, 0.0120000001 0.0402272865 -0.196227282, 0.0102283014 0.0402283035 -0.196228296, 0.0120000001 0.0400598533 -0.197999999, 0.0100598540 0.0400598533 -0.197999999, 0.0199999996 0.0396866761 -0.195686683, 0.0178285073 0.0398285054 -0.195828512, 0.0199999996 0.0394500606 -0.197999999, 0.0176376961 0.0396376960 -0.197999999, 0.0280000009 0.0385613330 -0.194561347, 0.0250037480 0.0390037447 -0.195003748, 0.0280000009 0.0381647348 -0.197999999, 0.0247373581 0.0387373567 -0.197999999, 0.0359999985 0.0366838761 -0.192683876, 0.0317693278 0.0377693251 -0.193769336, 0.0359999985 0.0359867662 -0.197999999, 0.0313740186 0.0373740196 -0.197999999, 0.0380724967 0.0360725001 -0.192072496, 0.0374896899 0.0354896896 -0.197999999, -0.0199999996 0.0356558450 -0.199655861, -0.0120000001 0.0375068896 -0.201506883, -0.0179103184 0.0360896848 -0.200089678, -0.0120000001 0.0364332125 -0.206000000, -0.00400000019 0.0386132933 -0.202613294, -0.00796289276 0.0380371064 -0.202037111, -0.00400000019 0.0378769264 -0.206000000, -0.00909390859 0.0369060896 -0.206000000, 0.00400000019 0.0391346626 -0.203134656, 0.000928839436 0.0389288403 -0.202928826, 0.00400000019 0.0385468937 -0.206000000, 0.000204635988 0.0382046364 -0.206000000, 0.0120000001 0.0391346626 -0.203134656, 0.00913466327 0.0391346626 -0.203134656, 0.0120000001 0.0385468937 -0.206000000, 0.00854689348 0.0385468937 -0.206000000, 0.0199999996 0.0386132933 -0.202613294, 0.0168266483 0.0388266481 -0.202826649, 0.0199999996 0.0378769264 -0.206000000, 0.0162221808 0.0382221788 -0.206000000, 0.0280000009 0.0375068896 -0.201506883, 0.0240854137 0.0380854160 -0.202085420, 0.0280000009 0.0364332125 -0.206000000, 0.0233499594 0.0373499617 -0.206000000, 0.0359999985 0.0356558450 -0.199655861, 0.0309244096 0.0369244069 -0.200924411, 0.0299516041 0.0359516032 -0.206000000, 0.0372943841 0.0352943838 -0.199294388, -0.0120000001 0.0358853079 -0.207885310, -0.00400000019 0.0370313153 -0.209031314, -0.00983876269 0.0361612402 -0.208161235, -0.00400000019 0.0351984128 -0.214000002, 0.00400000019 0.0375690870 -0.209569097, -0.000768446072 0.0372315533 -0.209231555, 0.00400000019 0.0360008553 -0.214000002, -0.00269051362 0.0353094861 -0.214000002, 0.0120000001 0.0375690870 -0.209569097, 0.00756908860 0.0375690870 -0.209569097, 0.0120000001 0.0360008553 -0.214000002, 0.00600085501 0.0360008553 -0.214000002, 0.0199999996 0.0370313153 -0.209031314, 0.0153626846 0.0373626836 -0.209362686, 0.0199999996 0.0351984128 -0.214000002, 0.0138473324 0.0358473323 -0.214000002, 0.0280000009 0.0358853079 -0.207885310, 0.0226955879 0.0366955884 -0.208695590, 0.0210238546 0.0350238532 -0.214000002, 0.0295808725 0.0355808698 -0.207580864, -0.00400000019 0.0348707959 -0.214870796, 0.00400000019 0.0354547128 -0.215454713, -0.00307697873 0.0349230208 -0.214923024, 0.0120000001 0.0354519412 -0.215451956, 0.00545194233 0.0354519412 -0.215451956, 0.0199999996 0.0348649621 -0.214864954, 0.0133696860 0.0353696868 -0.215369686, 0.0207724366 0.0347724371 -0.214772433, -0.0120000001 0.0441837460 -0.00600000005, -0.00400000019 0.0492940992 -0.00600000005, -0.00611620210 0.0478837974 -0.00600000005, 0.00400000019 0.0492940992 -0.00600000005, 0.00329409656 0.0492940992 -0.00600000005, 0.0120000001 0.0441837460 -0.00600000005, 0.00866020285 0.0466602035 -0.00600000005, 0.0130348941 0.0430348925 -0.00600000005, -0.0199999996 0.0462550186 -0.0140000004, -0.0120000001 0.0500000007 -0.00972164888, -0.0156828314 0.0463171676 -0.0103171691, -0.0171871074 0.0500000007 -0.0140000004, -0.0145014748 0.0500000007 -0.0114985257, -0.00400000019 0.0500000007 -0.00646254746, -0.00950041413 0.0500000007 -0.00849958602, 0.00400000019 0.0500000007 -0.00646254746, -0.00353745301 0.0500000007 -0.00646254746, 0.0120000001 0.0500000007 -0.00972164888, 0.00484095467 0.0500000007 -0.00684095500, 0.0150070796 0.0450070798 -0.00900707953, 0.0199999996 0.0462550186 -0.0140000004, 0.0185380857 0.0485380851 -0.0140000004, 0.0171871074 0.0500000007 -0.0140000004, 0.0216062106 0.0436062142 -0.0140000004, -0.0199999996 0.0500000007 -0.0173425432, -0.0226854272 0.0473145731 -0.0193145741, -0.0257043168 0.0442956798 -0.0219999999, -0.0229015984 0.0500000007 -0.0219999999, -0.0218841694 0.0500000007 -0.0201158319, -0.0185736604 0.0500000007 -0.0154263405, 0.0199999996 0.0500000007 -0.0173425432, 0.0225357804 0.0445357822 -0.0165357795, 0.0248362515 0.0468362533 -0.0219999999, 0.0229015984 0.0500000007 -0.0219999999, -0.0280000009 0.0456054434 -0.0299999993, -0.0267334562 0.0432665460 -0.0232665446, -0.0258702189 0.0500000007 -0.0299999993, -0.0243926067 0.0500000007 -0.0256073941, 0.0262063462 0.0482063442 -0.0282063466, 0.0280000009 0.0456054434 -0.0299999993, 0.0266787410 0.0486787409 -0.0299999993, 0.0258702189 0.0500000007 -0.0299999993, 0.0245038476 0.0500000007 -0.0265038479, 0.0291296337 0.0431296341 -0.0299999993, -0.0280000009 0.0471716151 -0.0351716168, -0.0280000009 0.0480622165 -0.0379999988, -0.0270664822 0.0500000007 -0.0379999988, -0.0261803903 0.0500000007 -0.0318196118, 0.0280000009 0.0473390520 -0.0353390500, 0.0274012890 0.0494012907 -0.0374012925, 0.0280000009 0.0482590571 -0.0379999988, 0.0274681803 0.0494681820 -0.0379999988, 0.0271403901 0.0500000007 -0.0379999988, 0.0269664973 0.0500000007 -0.0369664952, 0.0292828567 0.0432828553 -0.0312828571, 0.0300396718 0.0440396741 -0.0379999988, -0.0280000009 0.0475174971 -0.0435174964, -0.0280000009 0.0472619422 -0.0460000001, -0.0266752802 0.0500000007 -0.0460000001, -0.0270114709 0.0500000007 -0.0389885306, 0.0280000009 0.0486184768 -0.0446184762, 0.0275941603 0.0495941602 -0.0455941632, 0.0280000009 0.0487775393 -0.0460000001, 0.0275866874 0.0495866872 -0.0460000001, 0.0273066033 0.0500000007 -0.0460000001, 0.0273371283 0.0500000007 -0.0453371294, 0.0301639233 0.0441639237 -0.0401639268, 0.0304020718 0.0444020741 -0.0460000001, -0.0280000009 0.0458191633 -0.0498191640, -0.0280000009 0.0443333052 -0.0540000014, -0.0249894764 0.0500000007 -0.0540000014, -0.0262169428 0.0500000007 -0.0477830544, 0.0280000009 0.0481384248 -0.0521384254, 0.0273287054 0.0493287034 -0.0533287041, 0.0280000009 0.0481586345 -0.0540000014, 0.0272772219 0.0492772199 -0.0540000014, 0.0266803224 0.0500000007 -0.0540000014, 0.0268991608 0.0500000007 -0.0528991632, 0.0304451659 0.0444451645 -0.0484451652, 0.0304693449 0.0444693454 -0.0540000014, -0.0280000009 0.0435804129 -0.0555804148, -0.0263960455 0.0436039530 -0.0619999990, -0.0223972686 0.0500000007 -0.0619999990, -0.0233370140 0.0500000007 -0.0586629882, 0.0280000009 0.0474068783 -0.0594068803, 0.0269006174 0.0489006191 -0.0609006211, 0.0280000009 0.0474511012 -0.0619999990, 0.0268137790 0.0488137826 -0.0619999990, 0.0255133417 0.0500000007 -0.0619999990, 0.0260749776 0.0500000007 -0.0600749776, 0.0304811057 0.0444811061 -0.0564811043, 0.0305246972 0.0445246957 -0.0619999990, -0.0199999996 0.0500000007 -0.0685505942, -0.0199999996 0.0495252833 -0.0695252866, -0.0199999996 0.0493560247 -0.0700000003, -0.0192543641 0.0500000007 -0.0700000003, 0.0280000009 0.0470718853 -0.0670718849, 0.0265846606 0.0485846587 -0.0685846657, 0.0280000009 0.0473441035 -0.0700000003, 0.0265548788 0.0485548787 -0.0700000003, 0.0243327916 0.0500000007 -0.0700000003, 0.0251385253 0.0500000007 -0.0671385303, 0.0305787288 0.0445787273 -0.0645787269, 0.0308472551 0.0448472574 -0.0700000003, -0.0199999996 0.0476568714 -0.0756568760, -0.0199999996 0.0473548286 -0.0780000016, -0.0161067769 0.0500000007 -0.0780000016, -0.0186646581 0.0500000007 -0.0713353455, 0.0280000009 0.0475550033 -0.0755550116, 0.0266931430 0.0486931466 -0.0766931474, 0.0280000009 0.0480229892 -0.0780000016, 0.0267864577 0.0487864576 -0.0780000016, 0.0241688117 0.0500000007 -0.0780000016, 0.0245724954 0.0500000007 -0.0745724961, 0.0310348179 0.0450348221 -0.0730348229, 0.0316033922 0.0456033908 -0.0780000016, -0.0199999996 0.0469876453 -0.0829876512, -0.0199999996 0.0472516157 -0.0860000029, -0.0150902057 0.0500000007 -0.0860000029, -0.0154790264 0.0500000007 -0.0825209767, 0.0280000009 0.0491119288 -0.0851119310, 0.0274904538 0.0494904555 -0.0854904577, 0.0280000009 0.0493216626 -0.0860000029, 0.0275601037 0.0495601036 -0.0860000029, 0.0263541639 0.0500000007 -0.0860000029, 0.0259276368 0.0500000007 -0.0839276388, 0.0320568681 0.0460568704 -0.0820568725, 0.0359999985 0.0437530354 -0.0860000029, 0.0326480567 0.0466480553 -0.0860000029, 0.0369520411 0.0429520421 -0.0860000029, -0.0199999996 0.0478897952 -0.0918897912, -0.0199999996 0.0482600555 -0.0939999968, -0.0166759752 0.0500000007 -0.0939999968, -0.0159247089 0.0500000007 -0.0900752917, 0.0280000009 0.0500000007 -0.0905999020, 0.0359999985 0.0441258140 -0.0881258100, 0.0331308171 0.0471308157 -0.0911308229, 0.0359999985 0.0452760160 -0.0939999968, 0.0334264524 0.0474264510 -0.0939999968, 0.0288728233 0.0500000007 -0.0939999968, 0.0370502472 0.0430502482 -0.0870502442, 0.0377964787 0.0437964797 -0.0939999968, -0.0280000009 0.0423666909 -0.101999998, -0.0199999996 0.0489033610 -0.100903369, -0.0199999996 0.0490161739 -0.101999998, -0.0260907281 0.0439092703 -0.101999998, -0.0180911105 0.0500000007 -0.101999998, -0.0171668679 0.0500000007 -0.0968331322, 0.0359999985 0.0456471108 -0.0976471081, 0.0337449051 0.0477449037 -0.0997449011, 0.0359999985 0.0461426005 -0.101999998, 0.0338773392 0.0478773378 -0.101999998, 0.0300891697 0.0500000007 -0.101999998, 0.0290311128 0.0500000007 -0.0950311124, 0.0379011147 0.0439011157 -0.0959011167, 0.0382838547 0.0442838557 -0.101999998, -0.0280000009 0.0423805378 -0.102380536, -0.0280000009 0.0426938422 -0.109999999, -0.0199999996 0.0492371060 -0.109237105, -0.0256458074 0.0443541892 -0.104354195, -0.0199999996 0.0492627323 -0.109999999, -0.0244620740 0.0455379263 -0.109999999, -0.0185622107 0.0500000007 -0.109999999, -0.0181945898 0.0500000007 -0.103805415, 0.0359999985 0.0462853238 -0.106285326, 0.0339870639 0.0479870662 -0.107987069, 0.0359999985 0.0464242138 -0.109999999, 0.0340253189 0.0480253175 -0.109999999, 0.0304925442 0.0500000007 -0.109999999, 0.0302015245 0.0500000007 -0.104201525, 0.0383260958 0.0443260968 -0.104326099, 0.0384432524 0.0444432534 -0.109999999, -0.0280000009 0.0426695980 -0.110669598, -0.0280000009 0.0423666909 -0.118000001, -0.0199999996 0.0490482524 -0.117048249, -0.0250123255 0.0449876748 -0.112987682, -0.0199999996 0.0490161739 -0.118000001, -0.0260907281 0.0439092703 -0.118000001, -0.0180911105 0.0500000007 -0.118000001, -0.0184746124 0.0500000007 -0.111525394, 0.0359999985 0.0462821983 -0.114282198, 0.0339169502 0.0479169488 -0.115916945, 0.0359999985 0.0461426005 -0.118000001, 0.0338773392 0.0478773378 -0.118000001, 0.0300891697 0.0500000007 -0.118000001, 0.0303714126 0.0500000007 -0.112371415, 0.0383997858 0.0443997830 -0.112399787, 0.0382838547 0.0442838557 -0.118000001, -0.0280000009 0.0423304960 -0.118330501, -0.0199999996 0.0484239347 -0.124423936, -0.0267844871 0.0432155170 -0.119215518, -0.0199999996 0.0482600555 -0.126000002, -0.0166759752 0.0500000007 -0.126000002, -0.0176887251 0.0500000007 -0.120311275, 0.0359999985 0.0457646959 -0.121764697, 0.0335696787 0.0475696810 -0.123569682, 0.0359999985 0.0452760160 -0.126000002, 0.0334264524 0.0474264510 -0.126000002, 0.0288728233 0.0500000007 -0.126000002, 0.0298106559 0.0500000007 -0.119810656, 0.0381656289 0.0441656299 -0.120165631, 0.0377964787 0.0437964797 -0.126000002, -0.0199999996 0.0474098139 -0.131409809, -0.0199999996 0.0469374843 -0.134000003, -0.0143029606 0.0500000007 -0.134000003, -0.0152839962 0.0500000007 -0.130715996, 0.0275975745 0.0495975725 -0.133597583, 0.0280000009 0.0500000007 -0.129400104, 0.0280000009 0.0494171977 -0.133417189, 0.0280000009 0.0493216626 -0.134000003, 0.0275601037 0.0495601036 -0.134000003, 0.0263527036 0.0500000007 -0.134000003, 0.0267784018 0.0500000007 -0.132778391, 0.0359999985 0.0447976030 -0.128797606, 0.0329639986 0.0469639972 -0.130964011, 0.0359999985 0.0437530354 -0.134000003, 0.0326480567 0.0466480553 -0.134000003, 0.0286938176 0.0500000007 -0.126693815, 0.0376513079 0.0436513051 -0.127651304, 0.0369560868 0.0429560840 -0.134000003, -0.0199999996 0.0460362099 -0.138036206, -0.0199999996 0.0449561514 -0.142000005, -0.0128381327 0.0491618663 -0.141161859, -0.0120000001 0.0500000007 -0.139454275, -0.0120000001 0.0495831259 -0.141583130, -0.0120000001 0.0494886190 -0.142000005, -0.0133517412 0.0486482568 -0.142000005, -0.0103670917 0.0500000007 -0.142000005, 0.0280000009 0.0480606854 -0.140060678, 0.0266613308 0.0486613326 -0.140661329, 0.0280000009 0.0475757346 -0.142000005, 0.0264610816 0.0484610833 -0.142000005, 0.0223141033 0.0500000007 -0.142000005, 0.0242203437 0.0500000007 -0.138220355, 0.0359999985 0.0434406698 -0.135440677, 0.0321636535 0.0461636558 -0.138163656, 0.0315524451 0.0455524437 -0.142000005, 0.0368844718 0.0428844728 -0.134884477, -0.0199999996 0.0444069952 -0.144407004, -0.0199999996 0.0428463407 -0.150000006, -0.0120000001 0.0480863415 -0.148086339, -0.0158681218 0.0461318791 -0.146131888, -0.0120000001 0.0475149788 -0.150000006, -0.0181840397 0.0438159592 -0.150000006, -0.00406944565 0.0500000007 -0.150000006, -0.00431005098 0.0500000007 -0.149689943, 0.0194039755 0.0494039729 -0.149403974, 0.0199999996 0.0500000007 -0.145898432, 0.0199999996 0.0492596030 -0.149259597, 0.0199999996 0.0490485169 -0.150000006, 0.0192701686 0.0492701679 -0.150000006, 0.0154776415 0.0500000007 -0.150000006, 0.0179100800 0.0500000007 -0.147910073, 0.0280000009 0.0465791412 -0.146579131, 0.0256767999 0.0476767980 -0.147676811, 0.0280000009 0.0456414185 -0.150000006, 0.0251891743 0.0471891761 -0.150000006, 0.0215320643 0.0500000007 -0.143532053, 0.0312126838 0.0452126861 -0.145212680, 0.0303616095 0.0443616100 -0.150000006, -0.0199999996 0.0426961035 -0.150696099, -0.0120000001 0.0464967787 -0.154496774, -0.0188385081 0.0431614928 -0.151161477, -0.0120000001 0.0455034748 -0.158000007, -0.00612383476 0.0478761643 -0.155876160, -0.00400000019 0.0500000007 -0.150086388, -0.00400000019 0.0485512130 -0.156551212, -0.00400000019 0.0481109135 -0.158000007, -0.00698571373 0.0470142849 -0.158000007, 0.00323727215 0.0492372699 -0.157237276, 0.00400000019 0.0500000007 -0.154364333, 0.00400000019 0.0493451096 -0.157345101, 0.00400000019 0.0491438992 -0.158000007, 0.00297277956 0.0489727780 -0.158000007, -0.00382083911 0.0500000007 -0.150179148, 0.0111542176 0.0491542183 -0.157154217, 0.0120000001 0.0500000007 -0.153060138, 0.0120000001 0.0491135456 -0.157113537, 0.0120000001 0.0488458648 -0.158000007, 0.0109031145 0.0489031151 -0.158000007, 0.00780126778 0.0500000007 -0.153801262, 0.0199999996 0.0477856547 -0.155785665, 0.0182275213 0.0482275188 -0.156227529, 0.0199999996 0.0471576452 -0.158000007, 0.0177759379 0.0477759354 -0.158000007, 0.0137068639 0.0500000007 -0.151706859, 0.0280000009 0.0450131223 -0.153013125, 0.0245740786 0.0465740822 -0.154574081, 0.0280000009 0.0438166261 -0.158000007, 0.0238489881 0.0458489880 -0.158000007, 0.0301473159 0.0441473164 -0.152147323, 0.0292111300 0.0432111286 -0.158000007, -0.0120000001 0.0448607877 -0.160860777, -0.0120000001 0.0435338542 -0.165999994, -0.00400000019 0.0469714850 -0.162971482, -0.00831909198 0.0456809066 -0.161680907, -0.00400000019 0.0460765883 -0.165999994, -0.00986866280 0.0441313349 -0.165999994, 0.00400000019 0.0478195064 -0.163819507, 0.00147715688 0.0474771559 -0.163477153, 0.00400000019 0.0471467711 -0.165999994, 0.000630408467 0.0466304086 -0.165999994, 0.0120000001 0.0475874096 -0.163587406, 0.00968598761 0.0476859845 -0.163685992, 0.0120000001 0.0468653291 -0.165999994, 0.00899333879 0.0469933413 -0.165999994, 0.0199999996 0.0462299436 -0.162229955, 0.0169299152 0.0469299108 -0.162929922, 0.0199999996 0.0452269167 -0.165999994, 0.0161467604 0.0461467579 -0.165999994, 0.0280000009 0.0435128026 -0.159512803, 0.0233917069 0.0453917049 -0.161391705, 0.0280000009 0.0421738885 -0.165999994, 0.0224578623 0.0444578640 -0.165999994, 0.0291041117 0.0431041121 -0.159104109, 0.0281202104 0.0421202071 -0.165999994, -0.0120000001 0.0432544015 -0.167254388, -0.00400000019 0.0453027561 -0.169302747, -0.0104217771 0.0435782224 -0.167578220, -0.00400000019 0.0440179333 -0.173999995, 0.00400000019 0.0461639054 -0.170163915, -0.000378991012 0.0456210114 -0.169621006, 0.00400000019 0.0450427458 -0.173999995, -0.00172772899 0.0442722701 -0.173999995, 0.0120000001 0.0459487699 -0.169948757, 0.00808407925 0.0460840799 -0.170084074, 0.0120000001 0.0448118374 -0.173999995, 0.00696778717 0.0449677892 -0.173999995, 0.0199999996 0.0446444750 -0.168644473, 0.0155207552 0.0455207564 -0.169520751, 0.0199999996 0.0433623902 -0.173999995, 0.0144330468 0.0444330499 -0.173999995, 0.0280000009 0.0421455987 -0.166145593, 0.0221605748 0.0441605747 -0.168160573, 0.0210663788 0.0430663787 -0.173999995, 0.0281095337 0.0421095304 -0.166109532, -0.00400000019 0.0436318517 -0.175631851, -0.00400000019 0.0421088040 -0.181999996, 0.00400000019 0.0444512591 -0.176451266, -0.00222312636 0.0437768735 -0.175776869, 0.00400000019 0.0430179089 -0.181999996, -0.00387895573 0.0421210453 -0.181999996, 0.0120000001 0.0442750677 -0.176275074, 0.00641510682 0.0444151089 -0.176415101, 0.0120000001 0.0428650267 -0.181999996, 0.00499908859 0.0429990888 -0.181999996, 0.0199999996 0.0431173779 -0.175117373, 0.0140551040 0.0440551043 -0.176055104, 0.0127632190 0.0427632183 -0.181999996, 0.0209337156 0.0429337174 -0.174933717, -0.00400000019 0.0420880951 -0.182088092, 0.00400000019 0.0428200364 -0.182820037, -0.00390486117 0.0420951396 -0.182095140, 0.0120000001 0.0427003875 -0.182700396, 0.00481183501 0.0428118370 -0.182811826, 0.0126421135 0.0426421128 -0.182642117, -0.0120000001 0.0543019325 -0.0140000004, -0.00400000019 0.0574580841 -0.0140000004, -0.00497684302 0.0570231564 -0.0140000004, 0.00400000019 0.0574580841 -0.0140000004, 0.00345808244 0.0574580841 -0.0140000004, 0.0120000001 0.0543019325 -0.0140000004, 0.00952073839 0.0555207394 -0.0140000004, 0.0145394402 0.0525394417 -0.0140000004, -0.0199999996 0.0534744635 -0.0219999999, -0.0120000001 0.0579999983 -0.0193260983, -0.0155452322 0.0544547699 -0.0184547678, -0.0144386338 0.0579999983 -0.0219999999, -0.0133372219 0.0579999983 -0.0206627771, -0.00400000019 0.0579999983 -0.0148075391, -0.00872279238 0.0579999983 -0.0172772091, 0.00400000019 0.0579999983 -0.0148075391, -0.00319246086 0.0579999983 -0.0148075391, 0.0120000001 0.0579999983 -0.0193260983, 0.00594988279 0.0579999983 -0.0159498826, 0.0160318539 0.0540318564 -0.0180318542, 0.0199999996 0.0534744635 -0.0219999999, 0.0177397225 0.0557397231 -0.0219999999, 0.0144386338 0.0579999983 -0.0219999999, 0.0217026211 0.0517026223 -0.0219999999, -0.0199999996 0.0562427677 -0.0282427687, -0.0199999996 0.0570698828 -0.0299999993, -0.0188694950 0.0579999983 -0.0299999993, -0.0165415462 0.0579999983 -0.0254584532, 0.0199999996 0.0562427677 -0.0282427687, 0.0193725787 0.0573725775 -0.0293725803, 0.0199999996 0.0570698828 -0.0299999993, 0.0195421875 0.0575421862 -0.0299999993, 0.0188694950 0.0579999983 -0.0299999993, 0.0173589215 0.0579999983 -0.0273589212, 0.0221086517 0.0521086529 -0.0241086520, 0.0234694798 0.0534694791 -0.0299999993, -0.0199999996 0.0579999983 -0.0350425392, -0.0214030091 0.0565969869 -0.0365969874, -0.0225725137 0.0554274879 -0.0379999988, -0.0205150302 0.0579999983 -0.0379999988, -0.0204463452 0.0579999983 -0.0375536568, -0.0190961380 0.0579999983 -0.0309038628, 0.0199999996 0.0579999983 -0.0350425392, 0.0237912983 0.0537912995 -0.0337912962, 0.0242086910 0.0542086922 -0.0379999988, 0.0205199253 0.0579999983 -0.0379999988, -0.0203441419 0.0576558597 -0.0456558615, -0.0202475730 0.0577524267 -0.0460000001, -0.0200491995 0.0579999983 -0.0460000001, -0.0200518668 0.0579999983 -0.0459481329, 0.0242369734 0.0542369746 -0.0422369726, 0.0241388138 0.0541388132 -0.0460000001, 0.0201472435 0.0579999983 -0.0460000001, 0.0205268655 0.0579999983 -0.0385268629, -0.0199999996 0.0579999983 -0.0461818874, -0.0199999996 0.0562873036 -0.0522873029, -0.0199999996 0.0557401776 -0.0540000014, -0.0171680804 0.0579999983 -0.0540000014, 0.0193499643 0.0573499650 -0.0533499643, 0.0199999996 0.0579999983 -0.0467197448, 0.0199999996 0.0567972958 -0.0527972952, 0.0199999996 0.0565624274 -0.0540000014, 0.0192292407 0.0572292395 -0.0540000014, 0.0179654434 0.0579999983 -0.0540000014, 0.0185712967 0.0579999983 -0.0525712967, 0.0239441171 0.0539441146 -0.0499441139, 0.0235193521 0.0535193533 -0.0540000014, 0.0201338083 0.0579999983 -0.0461338088, -0.0199999996 0.0541337878 -0.0581337884, -0.0199999996 0.0525268540 -0.0619999990, -0.0124158068 0.0579999983 -0.0619999990, -0.0129219061 0.0579999983 -0.0610780939, 0.0199999996 0.0551773161 -0.0591773130, 0.0183223654 0.0563223660 -0.0603223667, 0.0199999996 0.0545044802 -0.0619999990, 0.0179028846 0.0559028871 -0.0619999990, 0.0138558466 0.0579999983 -0.0619999990, 0.0163270663 0.0579999983 -0.0583270639, 0.0232564788 0.0532564819 -0.0572564825, 0.0226030629 0.0526030660 -0.0619999990, -0.0199999996 0.0518034175 -0.0638034195, -0.0166882016 0.0533117987 -0.0653117970, -0.0120000001 0.0579999983 -0.0626191571, -0.0120000001 0.0558074862 -0.0678074881, -0.0120000001 0.0548262633 -0.0700000003, -0.00446618395 0.0575338155 -0.0695338100, -0.00400000019 0.0579999983 -0.0688940212, -0.00400000019 0.0576739386 -0.0696739331, -0.00400000019 0.0575162172 -0.0700000003, -0.00477836560 0.0572216325 -0.0700000003, -0.00929167494 0.0579999983 -0.0647083297, 0.00393841369 0.0579384156 -0.0699384138, 0.00400000019 0.0579999983 -0.0697861537, 0.00400000019 0.0579398423 -0.0699398443, 0.00400000019 0.0579134040 -0.0700000003, 0.00390707422 0.0579070747 -0.0700000003, 0.00377233559 0.0579999983 -0.0697723404, 0.0109819174 0.0569819175 -0.0689819157, 0.0120000001 0.0579999983 -0.0648546219, 0.0120000001 0.0567034110 -0.0687034130, 0.0120000001 0.0562885962 -0.0700000003, 0.0106082885 0.0566082895 -0.0700000003, 0.00923370104 0.0579999983 -0.0672337040, 0.0199999996 0.0536002666 -0.0656002685, 0.0171299260 0.0551299229 -0.0671299249, 0.0199999996 0.0527997352 -0.0700000003, 0.0164763238 0.0544763207 -0.0700000003, 0.0132874819 0.0579999983 -0.0632874817, 0.0224098209 0.0524098203 -0.0644098222, 0.0217676423 0.0517676435 -0.0700000003, -0.0120000001 0.0536044277 -0.0736044198, -0.0120000001 0.0523688197 -0.0780000016, -0.00400000019 0.0556241423 -0.0756241456, -0.00731449202 0.0546855070 -0.0746855065, -0.00400000019 0.0549248047 -0.0780000016, -0.00863717124 0.0533628315 -0.0780000016, 0.00400000019 0.0560674593 -0.0760674626, 0.00196100143 0.0559610017 -0.0759610012, 0.00400000019 0.0555792376 -0.0780000016, 0.00131345610 0.0553134568 -0.0780000016, 0.0120000001 0.0550635383 -0.0750635341, 0.00952189602 0.0555218980 -0.0755218938, 0.0120000001 0.0545877218 -0.0780000016, 0.00896479748 0.0549647994 -0.0780000016, 0.0199999996 0.0524137840 -0.0724137872, 0.0160387475 0.0540387481 -0.0740387514, 0.0199999996 0.0520847626 -0.0780000016, 0.0155430418 0.0535430424 -0.0780000016, 0.0216930918 0.0516930930 -0.0716930926, 0.0214370359 0.0514370352 -0.0780000016, -0.0120000001 0.0520091914 -0.0800091922, -0.0120000001 0.0515725575 -0.0860000029, -0.00400000019 0.0542033724 -0.0822033659, -0.00932856277 0.0526714362 -0.0806714371, -0.00400000019 0.0539404042 -0.0860000029, -0.00985764340 0.0521423556 -0.0860000029, 0.00400000019 0.0548868403 -0.0828868374, 0.000591481745 0.0545914806 -0.0825914815, 0.00400000019 0.0547675155 -0.0860000029, 0.000331937132 0.0543319359 -0.0860000029, 0.0120000001 0.0542053059 -0.0822053105, 0.00859325659 0.0545932576 -0.0825932547, 0.0120000001 0.0542713925 -0.0860000029, 0.00847080536 0.0544708073 -0.0860000029, 0.0199999996 0.0520251319 -0.0800251290, 0.0154661406 0.0534661412 -0.0814661384, 0.0199999996 0.0525111072 -0.0860000029, 0.0155314216 0.0535314232 -0.0860000029, 0.0214684643 0.0514684655 -0.0794684663, 0.0218624976 0.0518624969 -0.0860000029, -0.0120000001 0.0515682176 -0.0875682235, -0.0120000001 0.0521736741 -0.0939999968, -0.00400000019 0.0539729409 -0.0899729356, -0.00983202364 0.0521679781 -0.0881679729, -0.00400000019 0.0543562807 -0.0939999968, -0.00909943879 0.0529005639 -0.0939999968, 0.00400000019 0.0549166240 -0.0909166187, 0.000486326549 0.0544863269 -0.0904863253, 0.00400000019 0.0552348644 -0.0939999968, 0.000859426102 0.0548594259 -0.0939999968, 0.0120000001 0.0545410551 -0.0905410573, 0.00873706210 0.0547370650 -0.0907370597, 0.0120000001 0.0549453571 -0.0939999968, 0.00906276610 0.0550627671 -0.0939999968, 0.0199999996 0.0527561121 -0.0887561142, 0.0158069283 0.0538069271 -0.0898069292, 0.0199999996 0.0534426048 -0.0939999968, 0.0162257217 0.0542257242 -0.0939999968, 0.0220270306 0.0520270318 -0.0880270302, 0.0280000009 0.0504880846 -0.0939999968, 0.0226227529 0.0526227541 -0.0939999968, 0.0283321813 0.0503321849 -0.0939999968, -0.0120000001 0.0523425750 -0.0963425785, -0.0120000001 0.0527944379 -0.101999998, -0.00400000019 0.0546824001 -0.0986823961, -0.00878617633 0.0532138236 -0.0972138196, -0.00400000019 0.0549248755 -0.101999998, -0.00827685371 0.0537231490 -0.101999998, 0.00400000019 0.0556184053 -0.0996184051, 0.00126786483 0.0552678630 -0.0992678702, 0.00400000019 0.0557842776 -0.101999998, 0.00149048527 0.0554904863 -0.101999998, 0.0120000001 0.0553105883 -0.0993105844, 0.00942127686 0.0554212779 -0.0994212776, 0.0120000001 0.0555011109 -0.101999998, 0.00959500205 0.0555950031 -0.101999998, 0.0199999996 0.0537072569 -0.0977072492, 0.0164912473 0.0544912480 -0.0984912515, 0.0199999996 0.0540342405 -0.101999998, 0.0167037845 0.0547037832 -0.101999998, 0.0280000009 0.0505283736 -0.0945283771, 0.0227741878 0.0527741835 -0.0967741832, 0.0280000009 0.0511561409 -0.101999998, 0.0230778791 0.0530778803 -0.101999998, 0.0283502731 0.0503502749 -0.0943502709, 0.0287887752 0.0507887714 -0.101999998, -0.0120000001 0.0528638847 -0.104863882, -0.0120000001 0.0529986620 -0.109999999, -0.00400000019 0.0550411455 -0.107041143, -0.00815346837 0.0538465306 -0.105846532, -0.00400000019 0.0551117472 -0.109999999, -0.00800838415 0.0539916158 -0.109999999, 0.00400000019 0.0559179261 -0.107917927, 0.00163460872 0.0556346104 -0.107634604, 0.00400000019 0.0559650585 -0.109999999, 0.00169751770 0.0556975156 -0.109999999, 0.0120000001 0.0556291230 -0.107629120, 0.00972019881 0.0557201989 -0.107720196, 0.0120000001 0.0556837991 -0.109999999, 0.00977011770 0.0557701178 -0.109999999, 0.0199999996 0.0541315936 -0.106131591, 0.0167977493 0.0547977500 -0.106797747, 0.0199999996 0.0542281047 -0.109999999, 0.0168609079 0.0548609085 -0.109999999, 0.0280000009 0.0511859357 -0.103185937, 0.0231345184 0.0531345159 -0.105134524, 0.0280000009 0.0513745286 -0.109999999, 0.0232271682 0.0532271676 -0.109999999, 0.0288024805 0.0508024842 -0.102802485, 0.0289384946 0.0509384945 -0.109999999, -0.0120000001 0.0529278107 -0.112927809, -0.0120000001 0.0527944379 -0.118000001, -0.00400000019 0.0549966022 -0.114996597, -0.00813208986 0.0538679138 -0.113867909, -0.00400000019 0.0549248755 -0.118000001, -0.00827685371 0.0537231490 -0.118000001, 0.00400000019 0.0558333248 -0.115833327, 0.00155556458 0.0555555634 -0.115555562, 0.00400000019 0.0557842776 -0.118000001, 0.00149048527 0.0554904863 -0.118000001, 0.0120000001 0.0555574559 -0.115557455, 0.00964653399 0.0556465350 -0.115646541, 0.0120000001 0.0555011109 -0.118000001, 0.00959500205 0.0555950031 -0.118000001, 0.0199999996 0.0541309044 -0.114130907, 0.0167675503 0.0547675490 -0.114767544, 0.0199999996 0.0540342405 -0.118000001, 0.0167037845 0.0547037832 -0.118000001, 0.0280000009 0.0513409264 -0.111340925, 0.0231699459 0.0531699434 -0.113169946, 0.0280000009 0.0511561409 -0.118000001, 0.0230778791 0.0530778803 -0.118000001, 0.0289227627 0.0509227626 -0.110922761, 0.0287887752 0.0507887714 -0.118000001, -0.0120000001 0.0526042432 -0.120604239, -0.0120000001 0.0521703102 -0.126000002, -0.00400000019 0.0546045788 -0.122604586, -0.00860527344 0.0533947274 -0.121394731, -0.00400000019 0.0543555357 -0.126000002, -0.00910013076 0.0528998673 -0.126000002, 0.00400000019 0.0554151610 -0.123415165, 0.00109698693 0.0550969876 -0.123096988, 0.00400000019 0.0552348644 -0.126000002, 0.000859426102 0.0548594259 -0.126000002, 0.0120000001 0.0551478565 -0.123147860, 0.00924838521 0.0552483872 -0.123248383, 0.0120000001 0.0549453571 -0.126000002, 0.00906276610 0.0550627671 -0.126000002, 0.0199999996 0.0537667274 -0.121766724, 0.0164416004 0.0544416010 -0.122441597, 0.0199999996 0.0534426048 -0.126000002, 0.0162257217 0.0542257242 -0.126000002, 0.0280000009 0.0510748625 -0.119074859, 0.0229191277 0.0529191270 -0.120919131, 0.0280000009 0.0504880846 -0.126000002, 0.0226227529 0.0526227541 -0.126000002, 0.0287502576 0.0507502556 -0.118750259, 0.0283321813 0.0503321849 -0.126000002, -0.0120000001 0.0519318320 -0.127931833, -0.0120000001 0.0510890968 -0.134000003, -0.00400000019 0.0538976453 -0.129897639, -0.00950956438 0.0524904355 -0.128490433, -0.00400000019 0.0533738136 -0.134000003, -0.0105372397 0.0514627621 -0.134000003, 0.00400000019 0.0546947718 -0.130694762, 0.000297862891 0.0542978644 -0.130297869, 0.00400000019 0.0542910807 -0.134000003, -0.000230331629 0.0537696704 -0.134000003, 0.0120000001 0.0544319488 -0.130431950, 0.00855534431 0.0545553453 -0.130555347, 0.0120000001 0.0539893210 -0.134000003, 0.00814859383 0.0541485921 -0.134000003, 0.0199999996 0.0530737527 -0.129073754, 0.0158437341 0.0538437329 -0.129843742, 0.0199999996 0.0524198413 -0.134000003, 0.0154038109 0.0534038097 -0.134000003, 0.0280000009 0.0504327528 -0.126432762, 0.0224028509 0.0524028502 -0.128402844, 0.0218384042 0.0518384054 -0.134000003, 0.0283057690 0.0503057688 -0.126305774, -0.0120000001 0.0509254970 -0.134925485, -0.00400000019 0.0528883822 -0.136888385, -0.0108179618 0.0511820391 -0.135182038, -0.00400000019 0.0519187786 -0.142000005, 0.00400000019 0.0536852106 -0.137685210, -0.000825590861 0.0531744063 -0.137174413, 0.00400000019 0.0528972596 -0.142000005, -0.00185084366 0.0521491542 -0.142000005, 0.0120000001 0.0534225032 -0.137422502, 0.00757934293 0.0535793416 -0.137579352, 0.0120000001 0.0525754914 -0.142000005, 0.00679934258 0.0527993441 -0.142000005, 0.0199999996 0.0520650744 -0.136065081, 0.0149818687 0.0529818684 -0.136981875, 0.0199999996 0.0509004146 -0.142000005, 0.0141916936 0.0521916933 -0.142000005, 0.0216312688 0.0516312718 -0.135631278, 0.0206831060 0.0506831072 -0.142000005, -0.00400000019 0.0515943319 -0.143594325, -0.00400000019 0.0500205345 -0.150000006, 0.00400000019 0.0524082705 -0.144408286, -0.00225670519 0.0517432950 -0.143743306, 0.00400000019 0.0510493629 -0.150000006, -0.00397701748 0.0500229821 -0.150000006, 0.0120000001 0.0521433093 -0.144143313, 0.00634584296 0.0523458458 -0.144345835, 0.0120000001 0.0507240631 -0.150000006, 0.00501576159 0.0510157607 -0.150000006, 0.0199999996 0.0507522188 -0.142752215, 0.0138874790 0.0518874787 -0.143887475, 0.0126197124 0.0506197140 -0.150000006, 0.0206040349 0.0506040342 -0.142604038, -0.00400000019 0.0500170328 -0.150017023, 0.00400000019 0.0508696139 -0.150869608, -0.00398142450 0.0500185788 -0.150018573, 0.0120000001 0.0506012738 -0.150601268, 0.00484927557 0.0508492738 -0.150849268, 0.0125331488 0.0505331494 -0.150533140, -0.0120000001 0.0595096089 -0.0219999999, -0.00400000019 0.0620294921 -0.0219999999, -0.00991040189 0.0600895993 -0.0219999999, 0.00400000019 0.0620294921 -0.0219999999, 0.0000294923630 0.0620294921 -0.0219999999, 0.0120000001 0.0595096089 -0.0219999999, 0.00720284320 0.0612028427 -0.0219999999, 0.0129994620 0.0589994639 -0.0219999999, -0.0120000001 0.0602332242 -0.0242332257, -0.0120000001 0.0622958243 -0.0299999993, -0.00400000019 0.0638883859 -0.0278883893, -0.00805791095 0.0619420893 -0.0259420890, -0.00400000019 0.0646371469 -0.0299999993, -0.00604643067 0.0639535710 -0.0299999993, 0.00400000019 0.0638883859 -0.0278883893, 0.00188838888 0.0638883859 -0.0278883893, 0.00400000019 0.0646371469 -0.0299999993, 0.00263714464 0.0646371469 -0.0299999993, 0.0120000001 0.0602332242 -0.0242332257, 0.00821144693 0.0622114465 -0.0262114462, 0.0120000001 0.0622958243 -0.0299999993, 0.00928017218 0.0632801726 -0.0299999993, 0.0132466080 0.0592466071 -0.0232466068, 0.0148480004 0.0608480014 -0.0299999993, -0.0199999996 0.0584612302 -0.0379999988, -0.0120000001 0.0629650578 -0.0349650569, -0.0120000001 0.0634306967 -0.0379999988, -0.0189090408 0.0590909608 -0.0379999988, -0.00400000019 0.0656338930 -0.0376338996, -0.00459451042 0.0654054880 -0.0374054909, -0.00400000019 0.0656895116 -0.0379999988, -0.00446800282 0.0655319989 -0.0379999988, 0.00400000019 0.0656338930 -0.0376338996, 0.00363389868 0.0656338930 -0.0376338996, 0.00400000019 0.0656895116 -0.0379999988, 0.00368951331 0.0656895116 -0.0379999988, 0.0120000001 0.0629650578 -0.0349650569, 0.00986014772 0.0638601482 -0.0358601473, 0.0120000001 0.0634306967 -0.0379999988, 0.0101188123 0.0641188100 -0.0379999988, 0.0151036438 0.0611036457 -0.0331036448, 0.0199999996 0.0584612302 -0.0379999988, 0.0156018995 0.0616018996 -0.0379999988, 0.0202626605 0.0582626611 -0.0379999988, -0.0199999996 0.0584408455 -0.0384408459, -0.0199999996 0.0580440015 -0.0460000001, -0.0120000001 0.0632010922 -0.0432010964, -0.0190248042 0.0589751936 -0.0389751941, -0.0120000001 0.0630563349 -0.0460000001, -0.0198960435 0.0581039526 -0.0460000001, -0.00400000019 0.0653750002 -0.0453750007, -0.00492292317 0.0650770813 -0.0450770743, -0.00400000019 0.0653429627 -0.0460000001, -0.00498910807 0.0650108978 -0.0460000001, 0.00400000019 0.0653750002 -0.0453750007, 0.00337500102 0.0653750002 -0.0453750007, 0.00400000019 0.0653429627 -0.0460000001, 0.00334296422 0.0653429627 -0.0460000001, 0.0120000001 0.0632010922 -0.0432010964, 0.00992723089 0.0639272332 -0.0439272299, 0.0120000001 0.0630563349 -0.0460000001, 0.00984269008 0.0638426915 -0.0460000001, 0.0199999996 0.0584453419 -0.0384453423, 0.0155284591 0.0615284592 -0.0415284559, 0.0199999996 0.0581234880 -0.0460000001, 0.0153741324 0.0613741316 -0.0460000001, 0.0202635191 0.0582635179 -0.0382635184, 0.0200718213 0.0580718219 -0.0460000001, -0.0199999996 0.0580363087 -0.0460363068, -0.0120000001 0.0621662773 -0.0501662791, -0.0199339148 0.0580660850 -0.0460660867, -0.0120000001 0.0611614063 -0.0540000014, -0.00400000019 0.0640753061 -0.0520753153, -0.00666492432 0.0633350760 -0.0513350740, -0.00400000019 0.0635678172 -0.0540000014, -0.00763038779 0.0623696148 -0.0540000014, 0.00400000019 0.0640964583 -0.0520964600, 0.00209645857 0.0640964583 -0.0520964600, 0.00400000019 0.0635999963 -0.0540000014, 0.00159232877 0.0635923296 -0.0540000014, 0.0120000001 0.0622417666 -0.0502417684, 0.00912186038 0.0631218627 -0.0511218607, 0.0120000001 0.0613474660 -0.0540000014, 0.00851645414 0.0625164509 -0.0540000014, 0.0199999996 0.0581067353 -0.0461067334, 0.0150893107 0.0610893108 -0.0490893088, 0.0142899379 0.0602899343 -0.0540000014, 0.0200681761 0.0580681749 -0.0460681766, -0.0120000001 0.0604034998 -0.0564034991, -0.0120000001 0.0582379177 -0.0619999990, -0.00400000019 0.0622431040 -0.0582431033, -0.00901938416 0.0609806180 -0.0569806173, -0.00400000019 0.0607235581 -0.0619999990, -0.0116747320 0.0583252683 -0.0619999990, 0.00400000019 0.0623092726 -0.0583092719, 0.000300208718 0.0623002090 -0.0583002083, 0.00400000019 0.0608931668 -0.0619999990, -0.00122468174 0.0607753173 -0.0619999990, 0.0120000001 0.0606273115 -0.0566273108, 0.00774737075 0.0617473722 -0.0577473715, 0.0120000001 0.0588912740 -0.0619999990, 0.00639603566 0.0603960343 -0.0619999990, 0.0140065588 0.0600065589 -0.0560065582, 0.0126324128 0.0586324111 -0.0619999990, -0.0120000001 0.0581758767 -0.0621758774, -0.00400000019 0.0600162558 -0.0640162528, -0.0117846262 0.0582153723 -0.0622153729, 0.00400000019 0.0601699054 -0.0641699061, -0.00193041773 0.0600695834 -0.0640695766, 0.0120000001 0.0586866699 -0.0626866668, 0.00594027294 0.0599402748 -0.0639402717, 0.0125450287 0.0585450269 -0.0625450313 ] } coordIndex [ 0 1 2 -1 0 3 1 -1 0 4 3 -1 0 5 4 -1 0 6 5 -1 0 2 6 -1 7 8 9 -1 7 10 8 -1 7 11 10 -1 1 3 11 -1 1 11 7 -1 1 12 2 -1 1 7 12 -1 7 9 12 -1 13 14 15 -1 13 16 14 -1 13 17 16 -1 8 10 17 -1 8 17 13 -1 8 18 9 -1 8 13 18 -1 13 15 18 -1 19 20 21 -1 19 22 20 -1 19 23 22 -1 14 16 23 -1 14 23 19 -1 14 24 15 -1 14 19 24 -1 19 21 24 -1 20 22 25 -1 20 25 21 -1 4 26 3 -1 4 27 26 -1 27 28 26 -1 27 29 28 -1 27 30 29 -1 27 31 30 -1 4 5 31 -1 4 31 27 -1 11 32 10 -1 11 33 32 -1 33 34 32 -1 33 35 34 -1 26 28 35 -1 26 35 33 -1 26 33 3 -1 3 33 11 -1 17 36 16 -1 17 37 36 -1 37 38 36 -1 37 39 38 -1 32 34 39 -1 32 39 37 -1 32 37 10 -1 10 37 17 -1 23 40 22 -1 23 41 40 -1 41 42 40 -1 41 43 42 -1 36 38 43 -1 36 43 41 -1 36 41 16 -1 16 41 23 -1 40 42 44 -1 40 44 45 -1 40 45 22 -1 22 45 25 -1 29 46 28 -1 29 47 46 -1 47 48 46 -1 47 49 48 -1 47 50 49 -1 47 51 50 -1 29 30 51 -1 29 51 47 -1 35 52 34 -1 35 53 52 -1 53 54 52 -1 53 55 54 -1 46 48 55 -1 46 55 53 -1 46 53 28 -1 28 53 35 -1 39 56 38 -1 39 57 56 -1 57 58 56 -1 57 59 58 -1 52 54 59 -1 52 59 57 -1 52 57 34 -1 34 57 39 -1 43 60 42 -1 43 61 60 -1 61 62 60 -1 61 63 62 -1 56 58 63 -1 56 63 61 -1 56 61 38 -1 38 61 43 -1 60 62 64 -1 60 64 65 -1 60 65 42 -1 42 65 44 -1 49 66 48 -1 49 67 66 -1 67 68 66 -1 67 69 68 -1 67 70 69 -1 67 71 70 -1 49 50 71 -1 49 71 67 -1 55 72 54 -1 55 73 72 -1 73 74 72 -1 73 75 74 -1 66 68 75 -1 66 75 73 -1 66 73 48 -1 48 73 55 -1 59 76 58 -1 59 77 76 -1 77 78 76 -1 77 79 78 -1 72 74 79 -1 72 79 77 -1 72 77 54 -1 54 77 59 -1 63 80 62 -1 63 81 80 -1 81 82 80 -1 81 83 82 -1 76 78 83 -1 76 83 81 -1 76 81 58 -1 58 81 63 -1 80 82 84 -1 80 84 85 -1 80 85 62 -1 62 85 64 -1 69 86 68 -1 69 70 86 -1 75 87 74 -1 75 88 87 -1 88 89 87 -1 88 90 89 -1 88 91 90 -1 68 86 91 -1 68 91 88 -1 68 88 75 -1 79 92 78 -1 79 93 92 -1 93 94 92 -1 93 95 94 -1 87 89 95 -1 87 95 93 -1 87 93 74 -1 74 93 79 -1 83 96 82 -1 92 94 97 -1 92 97 98 -1 92 98 78 -1 78 98 96 -1 78 96 83 -1 82 96 99 -1 82 99 84 -1 90 100 89 -1 90 91 100 -1 95 101 94 -1 95 102 101 -1 102 103 101 -1 102 104 103 -1 102 105 104 -1 89 100 105 -1 89 105 102 -1 89 102 95 -1 101 103 106 -1 101 106 107 -1 101 107 94 -1 94 107 97 -1 104 108 103 -1 104 105 108 -1 103 108 109 -1 103 109 106 -1 110 111 112 -1 110 113 111 -1 110 114 113 -1 110 115 114 -1 110 116 115 -1 110 112 116 -1 111 113 117 -1 111 117 112 -1 118 119 120 -1 118 121 119 -1 118 122 121 -1 118 123 122 -1 118 124 123 -1 118 120 124 -1 114 125 113 -1 114 126 125 -1 126 127 125 -1 126 128 127 -1 119 121 128 -1 119 128 126 -1 119 129 120 -1 119 126 129 -1 114 115 129 -1 114 129 126 -1 130 131 132 -1 130 133 131 -1 130 134 133 -1 125 127 134 -1 125 134 130 -1 125 130 113 -1 113 132 117 -1 113 130 132 -1 131 133 135 -1 131 135 132 -1 122 136 121 -1 122 137 136 -1 137 138 136 -1 137 139 138 -1 137 140 139 -1 137 141 140 -1 122 123 141 -1 122 141 137 -1 128 142 127 -1 128 143 142 -1 143 144 142 -1 143 145 144 -1 136 138 145 -1 136 145 143 -1 136 143 121 -1 121 143 128 -1 134 146 133 -1 134 147 146 -1 147 148 146 -1 147 149 148 -1 142 144 149 -1 142 149 147 -1 142 147 127 -1 127 147 134 -1 146 148 150 -1 146 150 151 -1 146 151 133 -1 133 151 135 -1 139 152 138 -1 139 153 152 -1 153 154 152 -1 153 155 154 -1 153 156 155 -1 153 157 156 -1 139 140 157 -1 139 157 153 -1 145 158 144 -1 145 159 158 -1 159 160 158 -1 159 161 160 -1 152 154 161 -1 152 161 159 -1 152 159 138 -1 138 159 145 -1 149 162 148 -1 149 163 162 -1 163 164 162 -1 163 165 164 -1 158 160 165 -1 158 165 163 -1 158 163 144 -1 144 163 149 -1 166 167 168 -1 166 169 167 -1 166 170 169 -1 162 164 170 -1 162 170 166 -1 162 166 148 -1 148 168 150 -1 148 166 168 -1 167 169 171 -1 167 171 168 -1 155 172 154 -1 155 173 172 -1 173 174 172 -1 173 175 174 -1 173 176 175 -1 173 177 176 -1 155 156 177 -1 155 177 173 -1 161 178 160 -1 161 179 178 -1 179 180 178 -1 179 181 180 -1 172 174 181 -1 172 181 179 -1 172 179 154 -1 154 179 161 -1 165 182 164 -1 165 183 182 -1 183 184 182 -1 183 185 184 -1 178 180 185 -1 178 185 183 -1 178 183 160 -1 160 183 165 -1 170 186 169 -1 182 184 187 -1 182 187 188 -1 182 188 164 -1 164 188 186 -1 164 186 170 -1 169 186 189 -1 169 189 171 -1 175 190 174 -1 175 191 190 -1 191 192 190 -1 191 193 192 -1 191 194 193 -1 191 195 194 -1 175 176 195 -1 175 195 191 -1 181 196 180 -1 181 197 196 -1 197 198 196 -1 197 199 198 -1 190 192 199 -1 190 199 197 -1 190 197 174 -1 174 197 181 -1 185 200 184 -1 185 201 200 -1 201 202 200 -1 201 203 202 -1 196 198 203 -1 196 203 201 -1 196 201 180 -1 180 201 185 -1 200 202 204 -1 200 204 205 -1 200 205 184 -1 184 205 187 -1 193 206 192 -1 193 194 206 -1 199 207 198 -1 199 208 207 -1 208 209 207 -1 208 210 209 -1 208 211 210 -1 192 206 211 -1 192 211 208 -1 192 208 199 -1 203 212 202 -1 203 213 212 -1 213 214 212 -1 213 215 214 -1 207 209 215 -1 207 215 213 -1 207 213 198 -1 198 213 203 -1 212 214 216 -1 212 216 217 -1 212 217 202 -1 202 217 204 -1 210 218 209 -1 210 219 218 -1 219 220 218 -1 219 221 220 -1 219 222 221 -1 219 223 222 -1 210 211 223 -1 210 223 219 -1 215 224 214 -1 215 225 224 -1 225 226 224 -1 225 227 226 -1 218 220 227 -1 218 227 225 -1 218 225 209 -1 209 225 215 -1 224 226 228 -1 224 228 229 -1 224 229 214 -1 214 229 216 -1 230 231 232 -1 230 233 231 -1 230 234 233 -1 230 235 234 -1 230 236 235 -1 230 232 236 -1 221 237 220 -1 221 238 237 -1 238 239 237 -1 238 240 239 -1 231 233 240 -1 231 240 238 -1 231 241 232 -1 231 238 241 -1 221 222 241 -1 221 241 238 -1 227 242 226 -1 227 243 242 -1 243 244 242 -1 243 245 244 -1 237 239 245 -1 237 245 243 -1 237 243 220 -1 220 243 227 -1 242 244 246 -1 242 246 247 -1 242 247 226 -1 226 247 228 -1 234 248 233 -1 234 249 248 -1 249 250 248 -1 249 251 250 -1 249 252 251 -1 249 253 252 -1 234 235 253 -1 234 253 249 -1 240 254 239 -1 240 255 254 -1 255 256 254 -1 255 257 256 -1 248 250 257 -1 248 257 255 -1 248 255 233 -1 233 255 240 -1 245 258 244 -1 245 259 258 -1 259 260 258 -1 259 261 260 -1 254 256 261 -1 254 261 259 -1 254 259 239 -1 239 259 245 -1 262 263 264 -1 262 265 263 -1 262 266 265 -1 258 260 266 -1 258 266 262 -1 258 262 244 -1 244 264 246 -1 244 262 264 -1 263 265 267 -1 263 267 264 -1 251 268 250 -1 251 269 268 -1 269 270 268 -1 269 271 270 -1 269 272 271 -1 269 273 272 -1 251 252 273 -1 251 273 269 -1 257 274 256 -1 257 275 274 -1 275 276 274 -1 275 277 276 -1 268 270 277 -1 268 277 275 -1 268 275 250 -1 250 275 257 -1 261 278 260 -1 261 279 278 -1 279 280 278 -1 279 281 280 -1 274 276 281 -1 274 281 279 -1 274 279 256 -1 256 279 261 -1 266 282 265 -1 266 283 282 -1 283 284 282 -1 283 285 284 -1 278 280 285 -1 278 285 283 -1 278 283 260 -1 260 283 266 -1 282 284 286 -1 282 286 287 -1 282 287 265 -1 265 287 267 -1 288 289 290 -1 288 291 289 -1 288 292 291 -1 288 293 292 -1 288 294 293 -1 288 290 294 -1 271 295 270 -1 271 296 295 -1 296 297 295 -1 296 298 297 -1 289 291 298 -1 289 298 296 -1 289 299 290 -1 289 296 299 -1 271 272 299 -1 271 299 296 -1 277 300 276 -1 277 301 300 -1 301 302 300 -1 301 303 302 -1 295 297 303 -1 295 303 301 -1 295 301 270 -1 270 301 277 -1 281 304 280 -1 281 305 304 -1 305 306 304 -1 305 307 306 -1 300 302 307 -1 300 307 305 -1 300 305 276 -1 276 305 281 -1 285 308 284 -1 285 309 308 -1 309 310 308 -1 309 311 310 -1 304 306 311 -1 304 311 309 -1 304 309 280 -1 280 309 285 -1 312 313 314 -1 312 315 313 -1 312 316 315 -1 308 310 316 -1 308 316 312 -1 308 312 284 -1 284 314 286 -1 284 312 314 -1 313 315 317 -1 313 317 314 -1 292 318 291 -1 292 319 318 -1 319 320 318 -1 319 321 320 -1 319 322 321 -1 319 323 322 -1 292 293 323 -1 292 323 319 -1 298 324 297 -1 298 325 324 -1 325 326 324 -1 325 327 326 -1 318 320 327 -1 318 327 325 -1 318 325 291 -1 291 325 298 -1 303 328 302 -1 303 329 328 -1 329 330 328 -1 329 331 330 -1 324 326 331 -1 324 331 329 -1 324 329 297 -1 297 329 303 -1 307 332 306 -1 307 333 332 -1 333 334 332 -1 333 335 334 -1 328 330 335 -1 328 335 333 -1 328 333 302 -1 302 333 307 -1 311 336 310 -1 311 337 336 -1 337 338 336 -1 337 339 338 -1 332 334 339 -1 332 339 337 -1 332 337 306 -1 306 337 311 -1 316 340 315 -1 316 341 340 -1 341 342 340 -1 341 343 342 -1 336 338 343 -1 336 343 341 -1 336 341 310 -1 310 341 316 -1 340 342 344 -1 340 344 345 -1 340 345 315 -1 315 345 317 -1 321 346 320 -1 321 347 346 -1 347 348 346 -1 347 349 348 -1 347 350 349 -1 347 351 350 -1 321 322 351 -1 321 351 347 -1 327 352 326 -1 327 353 352 -1 353 354 352 -1 353 355 354 -1 346 348 355 -1 346 355 353 -1 346 353 320 -1 320 353 327 -1 331 356 330 -1 331 357 356 -1 357 358 356 -1 357 359 358 -1 352 354 359 -1 352 359 357 -1 352 357 326 -1 326 357 331 -1 335 360 334 -1 335 361 360 -1 361 362 360 -1 361 363 362 -1 356 358 363 -1 356 363 361 -1 356 361 330 -1 330 361 335 -1 339 364 338 -1 339 365 364 -1 365 366 364 -1 365 367 366 -1 360 362 367 -1 360 367 365 -1 360 365 334 -1 334 365 339 -1 343 368 342 -1 343 369 368 -1 369 370 368 -1 369 371 370 -1 364 366 371 -1 364 371 369 -1 364 369 338 -1 338 369 343 -1 368 370 372 -1 368 372 373 -1 368 373 342 -1 342 373 344 -1 349 374 348 -1 349 375 374 -1 375 376 374 -1 375 377 376 -1 375 378 377 -1 375 379 378 -1 349 350 379 -1 349 379 375 -1 355 380 354 -1 355 381 380 -1 381 382 380 -1 381 383 382 -1 374 376 383 -1 374 383 381 -1 374 381 348 -1 348 381 355 -1 359 384 358 -1 359 385 384 -1 385 386 384 -1 385 387 386 -1 380 382 387 -1 380 387 385 -1 380 385 354 -1 354 385 359 -1 363 388 362 -1 363 389 388 -1 389 390 388 -1 389 391 390 -1 384 386 391 -1 384 391 389 -1 384 389 358 -1 358 389 363 -1 367 392 366 -1 367 393 392 -1 393 394 392 -1 393 395 394 -1 388 390 395 -1 388 395 393 -1 388 393 362 -1 362 393 367 -1 371 396 370 -1 371 397 396 -1 397 398 396 -1 397 399 398 -1 392 394 399 -1 392 399 397 -1 392 397 366 -1 366 397 371 -1 396 398 400 -1 396 400 401 -1 396 401 370 -1 370 401 372 -1 377 402 376 -1 377 403 402 -1 403 404 402 -1 403 405 404 -1 403 406 405 -1 403 407 406 -1 377 378 407 -1 377 407 403 -1 383 408 382 -1 383 409 408 -1 409 410 408 -1 409 411 410 -1 402 404 411 -1 402 411 409 -1 402 409 376 -1 376 409 383 -1 387 412 386 -1 387 413 412 -1 413 414 412 -1 413 415 414 -1 408 410 415 -1 408 415 413 -1 408 413 382 -1 382 413 387 -1 391 416 390 -1 391 417 416 -1 417 418 416 -1 417 419 418 -1 412 414 419 -1 412 419 417 -1 412 417 386 -1 386 417 391 -1 395 420 394 -1 395 421 420 -1 421 422 420 -1 421 423 422 -1 416 418 423 -1 416 423 421 -1 416 421 390 -1 390 421 395 -1 399 424 398 -1 420 422 425 -1 420 425 426 -1 420 426 394 -1 394 426 424 -1 394 424 399 -1 398 424 427 -1 398 427 400 -1 405 428 404 -1 405 429 428 -1 429 430 428 -1 429 431 430 -1 429 432 431 -1 429 433 432 -1 405 406 433 -1 405 433 429 -1 411 434 410 -1 411 435 434 -1 435 436 434 -1 435 437 436 -1 428 430 437 -1 428 437 435 -1 428 435 404 -1 404 435 411 -1 415 438 414 -1 415 439 438 -1 439 440 438 -1 439 441 440 -1 434 436 441 -1 434 441 439 -1 434 439 410 -1 410 439 415 -1 419 442 418 -1 419 443 442 -1 443 444 442 -1 443 445 444 -1 438 440 445 -1 438 445 443 -1 438 443 414 -1 414 443 419 -1 423 446 422 -1 423 447 446 -1 447 448 446 -1 447 449 448 -1 442 444 449 -1 442 449 447 -1 442 447 418 -1 418 447 423 -1 446 448 450 -1 446 450 451 -1 446 451 422 -1 422 451 425 -1 431 452 430 -1 431 453 452 -1 453 454 452 -1 453 455 454 -1 453 456 455 -1 453 457 456 -1 431 432 457 -1 431 457 453 -1 437 458 436 -1 437 459 458 -1 459 460 458 -1 459 461 460 -1 452 454 461 -1 452 461 459 -1 452 459 430 -1 430 459 437 -1 441 462 440 -1 441 463 462 -1 463 464 462 -1 463 465 464 -1 458 460 465 -1 458 465 463 -1 458 463 436 -1 436 463 441 -1 445 466 444 -1 445 467 466 -1 467 468 466 -1 467 469 468 -1 462 464 469 -1 462 469 467 -1 462 467 440 -1 440 467 445 -1 449 470 448 -1 449 471 470 -1 471 472 470 -1 471 473 472 -1 466 468 473 -1 466 473 471 -1 466 471 444 -1 444 471 449 -1 470 472 474 -1 470 474 475 -1 470 475 448 -1 448 475 450 -1 455 476 454 -1 455 477 476 -1 477 478 476 -1 477 479 478 -1 477 480 479 -1 477 481 480 -1 455 456 481 -1 455 481 477 -1 461 482 460 -1 461 483 482 -1 483 484 482 -1 483 485 484 -1 476 478 485 -1 476 485 483 -1 476 483 454 -1 454 483 461 -1 465 486 464 -1 465 487 486 -1 487 488 486 -1 487 489 488 -1 482 484 489 -1 482 489 487 -1 482 487 460 -1 460 487 465 -1 469 490 468 -1 469 491 490 -1 491 492 490 -1 491 493 492 -1 486 488 493 -1 486 493 491 -1 486 491 464 -1 464 491 469 -1 473 494 472 -1 473 495 494 -1 495 496 494 -1 495 497 496 -1 490 492 497 -1 490 497 495 -1 490 495 468 -1 468 495 473 -1 494 496 498 -1 494 498 499 -1 494 499 472 -1 472 499 474 -1 479 500 478 -1 479 501 500 -1 501 502 500 -1 501 503 502 -1 501 504 503 -1 501 505 504 -1 479 480 505 -1 479 505 501 -1 485 506 484 -1 485 507 506 -1 507 508 506 -1 507 509 508 -1 500 502 509 -1 500 509 507 -1 500 507 478 -1 478 507 485 -1 489 510 488 -1 489 511 510 -1 511 512 510 -1 511 513 512 -1 506 508 513 -1 506 513 511 -1 506 511 484 -1 484 511 489 -1 493 514 492 -1 493 515 514 -1 515 516 514 -1 515 517 516 -1 510 512 517 -1 510 517 515 -1 510 515 488 -1 488 515 493 -1 497 518 496 -1 514 516 519 -1 514 519 520 -1 514 520 492 -1 492 520 518 -1 492 518 497 -1 496 518 521 -1 496 521 498 -1 503 522 502 -1 503 504 522 -1 509 523 508 -1 502 522 524 -1 502 524 523 -1 502 523 509 -1 513 525 512 -1 508 523 526 -1 508 526 525 -1 508 525 513 -1 517 527 516 -1 512 525 528 -1 512 528 527 -1 512 527 517 -1 516 527 529 -1 516 529 519 -1 530 531 532 -1 530 533 531 -1 530 534 533 -1 530 535 534 -1 530 536 535 -1 530 532 536 -1 537 538 539 -1 537 540 538 -1 537 541 540 -1 531 533 541 -1 531 541 537 -1 531 542 532 -1 531 537 542 -1 537 539 542 -1 543 544 545 -1 543 546 544 -1 543 547 546 -1 538 540 547 -1 538 547 543 -1 538 548 539 -1 538 543 548 -1 543 545 548 -1 549 550 551 -1 549 552 550 -1 549 553 552 -1 544 546 553 -1 544 553 549 -1 544 554 545 -1 544 549 554 -1 549 551 554 -1 550 552 555 -1 550 555 551 -1 534 556 533 -1 534 557 556 -1 557 558 556 -1 557 559 558 -1 557 560 559 -1 557 561 560 -1 534 535 561 -1 534 561 557 -1 541 562 540 -1 541 563 562 -1 563 564 562 -1 563 565 564 -1 556 558 565 -1 556 565 563 -1 556 563 533 -1 533 563 541 -1 547 566 546 -1 547 567 566 -1 567 568 566 -1 567 569 568 -1 562 564 569 -1 562 569 567 -1 562 567 540 -1 540 567 547 -1 553 570 552 -1 553 571 570 -1 571 572 570 -1 571 573 572 -1 566 568 573 -1 566 573 571 -1 566 571 546 -1 546 571 553 -1 570 572 574 -1 570 574 575 -1 570 575 552 -1 552 575 555 -1 576 577 578 -1 576 579 577 -1 576 580 579 -1 576 581 580 -1 576 582 581 -1 576 578 582 -1 559 583 558 -1 559 584 583 -1 6 2 583 -1 6 583 584 -1 6 585 5 -1 6 584 585 -1 577 579 585 -1 577 585 584 -1 577 586 578 -1 577 584 586 -1 559 560 586 -1 559 586 584 -1 565 587 564 -1 565 588 587 -1 12 9 587 -1 12 587 588 -1 12 588 2 -1 2 588 583 -1 583 588 558 -1 558 588 565 -1 569 589 568 -1 569 590 589 -1 18 15 589 -1 18 589 590 -1 18 590 9 -1 9 590 587 -1 587 590 564 -1 564 590 569 -1 573 591 572 -1 573 592 591 -1 24 21 591 -1 24 591 592 -1 24 592 15 -1 15 592 589 -1 589 592 568 -1 568 592 573 -1 593 594 595 -1 593 596 594 -1 21 25 596 -1 21 596 593 -1 21 593 591 -1 591 593 572 -1 572 595 574 -1 572 593 595 -1 594 596 597 -1 594 597 595 -1 580 598 579 -1 580 599 598 -1 599 600 598 -1 599 601 600 -1 599 602 601 -1 599 603 602 -1 580 581 603 -1 580 603 599 -1 585 604 5 -1 5 604 31 -1 31 605 30 -1 31 604 605 -1 598 600 605 -1 598 605 604 -1 598 604 579 -1 579 604 585 -1 25 606 596 -1 25 45 607 -1 25 607 606 -1 45 44 607 -1 606 607 608 -1 606 608 609 -1 606 609 596 -1 596 609 597 -1 601 610 600 -1 601 611 610 -1 611 612 610 -1 611 613 612 -1 611 614 613 -1 611 615 614 -1 601 602 615 -1 601 615 611 -1 605 616 30 -1 30 616 51 -1 51 617 50 -1 51 616 617 -1 610 612 617 -1 610 617 616 -1 610 616 600 -1 600 616 605 -1 44 618 607 -1 44 65 619 -1 44 619 618 -1 65 64 619 -1 618 619 620 -1 618 620 621 -1 618 621 607 -1 607 621 608 -1 613 622 612 -1 613 623 622 -1 623 624 622 -1 623 625 624 -1 623 626 625 -1 623 627 626 -1 613 614 627 -1 613 627 623 -1 617 628 50 -1 50 628 71 -1 71 629 70 -1 71 628 629 -1 622 624 629 -1 622 629 628 -1 622 628 612 -1 612 628 617 -1 64 630 619 -1 64 85 631 -1 64 631 630 -1 85 84 631 -1 630 631 632 -1 630 632 633 -1 630 633 619 -1 619 633 620 -1 625 634 624 -1 625 635 634 -1 635 636 634 -1 635 637 636 -1 635 638 637 -1 635 639 638 -1 625 626 639 -1 625 639 635 -1 629 640 70 -1 70 641 86 -1 70 640 641 -1 640 642 641 -1 634 636 642 -1 634 642 640 -1 634 640 624 -1 624 640 629 -1 86 643 91 -1 86 641 643 -1 98 644 96 -1 98 97 644 -1 84 645 631 -1 84 99 646 -1 84 646 645 -1 99 96 647 -1 99 647 646 -1 96 644 647 -1 645 646 648 -1 645 648 649 -1 645 649 631 -1 631 649 632 -1 637 650 636 -1 637 651 650 -1 651 652 650 -1 651 653 652 -1 651 654 653 -1 651 655 654 -1 637 638 655 -1 637 655 651 -1 642 656 641 -1 642 657 656 -1 657 658 656 -1 657 659 658 -1 650 652 659 -1 650 659 657 -1 650 657 636 -1 636 657 642 -1 643 660 91 -1 91 661 100 -1 91 660 661 -1 660 662 661 -1 656 658 662 -1 656 662 660 -1 656 660 641 -1 641 660 643 -1 100 663 105 -1 100 661 663 -1 97 664 644 -1 97 107 665 -1 97 665 664 -1 107 106 665 -1 647 666 646 -1 647 667 666 -1 667 668 666 -1 667 669 668 -1 664 665 669 -1 664 669 667 -1 664 667 644 -1 644 667 647 -1 670 671 672 -1 670 673 671 -1 670 674 673 -1 666 668 674 -1 666 674 670 -1 666 670 646 -1 646 672 648 -1 646 670 672 -1 671 673 675 -1 671 675 672 -1 653 676 652 -1 653 654 676 -1 659 677 658 -1 659 678 677 -1 678 679 677 -1 678 680 679 -1 678 681 680 -1 652 676 681 -1 652 681 678 -1 652 678 659 -1 662 682 661 -1 662 683 682 -1 683 684 682 -1 683 685 684 -1 677 679 685 -1 677 685 683 -1 677 683 658 -1 658 683 662 -1 663 686 105 -1 105 687 108 -1 105 686 687 -1 686 688 687 -1 682 684 688 -1 682 688 686 -1 682 686 661 -1 661 686 663 -1 106 689 665 -1 106 109 690 -1 106 690 689 -1 109 108 691 -1 109 691 690 -1 108 687 691 -1 669 692 668 -1 669 693 692 -1 693 694 692 -1 693 695 694 -1 689 690 695 -1 689 695 693 -1 689 693 665 -1 665 693 669 -1 674 696 673 -1 674 697 696 -1 697 698 696 -1 697 699 698 -1 692 694 699 -1 692 699 697 -1 692 697 668 -1 668 697 674 -1 696 698 700 -1 696 700 701 -1 696 701 673 -1 673 701 675 -1 680 702 679 -1 680 703 702 -1 703 704 702 -1 703 705 704 -1 703 706 705 -1 703 707 706 -1 680 681 707 -1 680 707 703 -1 685 708 684 -1 685 709 708 -1 709 710 708 -1 709 711 710 -1 702 704 711 -1 702 711 709 -1 702 709 679 -1 679 709 685 -1 688 712 687 -1 688 713 712 -1 116 112 712 -1 116 712 713 -1 116 714 115 -1 116 713 714 -1 708 710 714 -1 708 714 713 -1 708 713 684 -1 684 713 688 -1 691 715 690 -1 691 716 715 -1 716 717 715 -1 112 117 717 -1 112 717 716 -1 112 716 712 -1 712 716 687 -1 687 716 691 -1 695 718 694 -1 695 719 718 -1 719 720 718 -1 719 721 720 -1 715 717 721 -1 715 721 719 -1 715 719 690 -1 690 719 695 -1 699 722 698 -1 699 723 722 -1 723 724 722 -1 723 725 724 -1 718 720 725 -1 718 725 723 -1 718 723 694 -1 694 723 699 -1 722 724 726 -1 722 726 727 -1 722 727 698 -1 698 727 700 -1 728 729 730 -1 728 731 729 -1 728 732 731 -1 728 733 732 -1 728 734 733 -1 728 730 734 -1 705 735 704 -1 705 736 735 -1 736 737 735 -1 736 738 737 -1 729 731 738 -1 729 738 736 -1 729 739 730 -1 729 736 739 -1 705 706 739 -1 705 739 736 -1 711 740 710 -1 711 741 740 -1 124 120 740 -1 124 740 741 -1 124 742 123 -1 124 741 742 -1 735 737 742 -1 735 742 741 -1 735 741 704 -1 704 741 711 -1 714 743 115 -1 115 743 129 -1 129 743 120 -1 120 743 740 -1 740 743 710 -1 710 743 714 -1 117 744 717 -1 117 132 744 -1 721 745 720 -1 721 746 745 -1 746 747 745 -1 132 135 747 -1 132 747 746 -1 132 746 744 -1 744 746 717 -1 717 746 721 -1 725 748 724 -1 725 749 748 -1 749 750 748 -1 749 751 750 -1 745 747 751 -1 745 751 749 -1 745 749 720 -1 720 749 725 -1 748 750 752 -1 748 752 753 -1 748 753 724 -1 724 753 726 -1 732 754 731 -1 732 733 754 -1 738 755 737 -1 738 756 755 -1 756 757 755 -1 756 758 757 -1 756 759 758 -1 731 754 759 -1 731 759 756 -1 731 756 738 -1 742 760 123 -1 123 760 141 -1 141 761 140 -1 141 760 761 -1 755 757 761 -1 755 761 760 -1 755 760 737 -1 737 760 742 -1 135 762 747 -1 135 151 763 -1 135 763 762 -1 151 150 763 -1 751 764 750 -1 751 765 764 -1 765 766 764 -1 765 767 766 -1 762 763 767 -1 762 767 765 -1 762 765 747 -1 747 765 751 -1 768 769 770 -1 768 771 769 -1 768 772 771 -1 764 766 772 -1 764 772 768 -1 764 768 750 -1 750 770 752 -1 750 768 770 -1 769 771 773 -1 769 773 770 -1 758 774 757 -1 758 775 774 -1 775 776 774 -1 775 777 776 -1 775 778 777 -1 775 779 778 -1 758 759 779 -1 758 779 775 -1 761 780 140 -1 140 780 157 -1 157 781 156 -1 157 780 781 -1 774 776 781 -1 774 781 780 -1 774 780 757 -1 757 780 761 -1 150 782 763 -1 150 168 782 -1 767 783 766 -1 767 784 783 -1 784 785 783 -1 168 171 785 -1 168 785 784 -1 168 784 782 -1 782 784 763 -1 763 784 767 -1 772 786 771 -1 772 787 786 -1 787 788 786 -1 787 789 788 -1 783 785 789 -1 783 789 787 -1 783 787 766 -1 766 787 772 -1 786 788 790 -1 786 790 791 -1 786 791 771 -1 771 791 773 -1 777 792 776 -1 777 793 792 -1 793 794 792 -1 793 795 794 -1 793 796 795 -1 793 797 796 -1 777 778 797 -1 777 797 793 -1 781 798 156 -1 156 798 177 -1 177 799 176 -1 177 798 799 -1 792 794 799 -1 792 799 798 -1 792 798 776 -1 776 798 781 -1 188 800 186 -1 188 187 800 -1 171 801 785 -1 171 189 802 -1 171 802 801 -1 189 186 803 -1 189 803 802 -1 186 800 803 -1 789 804 788 -1 789 805 804 -1 805 806 804 -1 805 807 806 -1 801 802 807 -1 801 807 805 -1 801 805 785 -1 785 805 789 -1 804 806 808 -1 804 808 809 -1 804 809 788 -1 788 809 790 -1 795 810 794 -1 795 811 810 -1 811 812 810 -1 811 813 812 -1 811 814 813 -1 811 815 814 -1 795 796 815 -1 795 815 811 -1 799 816 176 -1 176 816 195 -1 195 817 194 -1 195 816 817 -1 810 812 817 -1 810 817 816 -1 810 816 794 -1 794 816 799 -1 187 818 800 -1 187 205 819 -1 187 819 818 -1 205 204 819 -1 803 820 802 -1 803 821 820 -1 821 822 820 -1 821 823 822 -1 818 819 823 -1 818 823 821 -1 818 821 800 -1 800 821 803 -1 807 824 806 -1 820 822 825 -1 820 825 826 -1 820 826 802 -1 802 826 824 -1 802 824 807 -1 806 824 827 -1 806 827 808 -1 813 828 812 -1 813 829 828 -1 829 830 828 -1 829 831 830 -1 829 832 831 -1 829 833 832 -1 813 814 833 -1 813 833 829 -1 817 834 194 -1 194 835 206 -1 194 834 835 -1 834 836 835 -1 828 830 836 -1 828 836 834 -1 828 834 812 -1 812 834 817 -1 206 837 211 -1 206 835 837 -1 204 838 819 -1 204 217 839 -1 204 839 838 -1 217 216 839 -1 823 840 822 -1 823 841 840 -1 841 842 840 -1 841 843 842 -1 838 839 843 -1 838 843 841 -1 838 841 819 -1 819 841 823 -1 840 842 844 -1 840 844 845 -1 840 845 822 -1 822 845 825 -1 846 847 848 -1 846 849 847 -1 846 850 849 -1 846 851 850 -1 846 852 851 -1 846 848 852 -1 831 853 830 -1 831 854 853 -1 854 855 853 -1 854 856 855 -1 847 849 856 -1 847 856 854 -1 847 857 848 -1 847 854 857 -1 831 832 857 -1 831 857 854 -1 836 858 835 -1 836 859 858 -1 859 860 858 -1 859 861 860 -1 853 855 861 -1 853 861 859 -1 853 859 830 -1 830 859 836 -1 837 862 211 -1 211 862 223 -1 223 863 222 -1 223 862 863 -1 858 860 863 -1 858 863 862 -1 858 862 835 -1 835 862 837 -1 216 864 839 -1 216 229 865 -1 216 865 864 -1 229 228 865 -1 843 866 842 -1 843 867 866 -1 867 868 866 -1 867 869 868 -1 864 865 869 -1 864 869 867 -1 864 867 839 -1 839 867 843 -1 866 868 870 -1 866 870 871 -1 866 871 842 -1 842 871 844 -1 850 872 849 -1 850 873 872 -1 873 874 872 -1 873 875 874 -1 873 876 875 -1 873 877 876 -1 850 851 877 -1 850 877 873 -1 856 878 855 -1 856 879 878 -1 879 880 878 -1 879 881 880 -1 872 874 881 -1 872 881 879 -1 872 879 849 -1 849 879 856 -1 861 882 860 -1 861 883 882 -1 236 232 882 -1 236 882 883 -1 236 884 235 -1 236 883 884 -1 878 880 884 -1 878 884 883 -1 878 883 855 -1 855 883 861 -1 863 885 222 -1 222 885 241 -1 241 885 232 -1 232 885 882 -1 882 885 860 -1 860 885 863 -1 228 886 865 -1 228 247 887 -1 228 887 886 -1 247 246 887 -1 869 888 868 -1 869 889 888 -1 889 890 888 -1 889 891 890 -1 886 887 891 -1 886 891 889 -1 886 889 865 -1 865 889 869 -1 892 893 894 -1 892 895 893 -1 892 896 895 -1 888 890 896 -1 888 896 892 -1 888 892 868 -1 868 894 870 -1 868 892 894 -1 893 895 897 -1 893 897 894 -1 875 898 874 -1 875 899 898 -1 899 900 898 -1 899 901 900 -1 899 902 901 -1 899 903 902 -1 875 876 903 -1 875 903 899 -1 881 904 880 -1 881 905 904 -1 905 906 904 -1 905 907 906 -1 898 900 907 -1 898 907 905 -1 898 905 874 -1 874 905 881 -1 884 908 235 -1 235 908 253 -1 253 909 252 -1 253 908 909 -1 904 906 909 -1 904 909 908 -1 904 908 880 -1 880 908 884 -1 246 910 887 -1 246 264 910 -1 891 911 890 -1 891 912 911 -1 912 913 911 -1 264 267 913 -1 264 913 912 -1 264 912 910 -1 910 912 887 -1 887 912 891 -1 896 914 895 -1 896 915 914 -1 915 916 914 -1 915 917 916 -1 911 913 917 -1 911 917 915 -1 911 915 890 -1 890 915 896 -1 914 916 918 -1 914 918 919 -1 914 919 895 -1 895 919 897 -1 920 921 922 -1 920 923 921 -1 920 924 923 -1 920 925 924 -1 920 926 925 -1 920 922 926 -1 901 927 900 -1 901 928 927 -1 928 929 927 -1 928 930 929 -1 921 923 930 -1 921 930 928 -1 921 931 922 -1 921 928 931 -1 901 902 931 -1 901 931 928 -1 907 932 906 -1 907 933 932 -1 933 934 932 -1 933 935 934 -1 927 929 935 -1 927 935 933 -1 927 933 900 -1 900 933 907 -1 909 936 252 -1 252 936 273 -1 273 937 272 -1 273 936 937 -1 932 934 937 -1 932 937 936 -1 932 936 906 -1 906 936 909 -1 267 938 913 -1 267 287 939 -1 267 939 938 -1 287 286 939 -1 917 940 916 -1 917 941 940 -1 941 942 940 -1 941 943 942 -1 938 939 943 -1 938 943 941 -1 938 941 913 -1 913 941 917 -1 944 945 946 -1 944 947 945 -1 944 948 947 -1 940 942 948 -1 940 948 944 -1 940 944 916 -1 916 946 918 -1 916 944 946 -1 945 947 949 -1 945 949 946 -1 924 950 923 -1 924 951 950 -1 951 952 950 -1 951 953 952 -1 951 954 953 -1 951 955 954 -1 924 925 955 -1 924 955 951 -1 930 956 929 -1 930 957 956 -1 957 958 956 -1 957 959 958 -1 950 952 959 -1 950 959 957 -1 950 957 923 -1 923 957 930 -1 935 960 934 -1 935 961 960 -1 294 290 960 -1 294 960 961 -1 294 962 293 -1 294 961 962 -1 956 958 962 -1 956 962 961 -1 956 961 929 -1 929 961 935 -1 937 963 272 -1 272 963 299 -1 299 963 290 -1 290 963 960 -1 960 963 934 -1 934 963 937 -1 286 964 939 -1 286 314 964 -1 943 965 942 -1 943 966 965 -1 966 967 965 -1 314 317 967 -1 314 967 966 -1 314 966 964 -1 964 966 939 -1 939 966 943 -1 948 968 947 -1 948 969 968 -1 969 970 968 -1 969 971 970 -1 965 967 971 -1 965 971 969 -1 965 969 942 -1 942 969 948 -1 968 970 972 -1 968 972 973 -1 968 973 947 -1 947 973 949 -1 953 974 952 -1 953 975 974 -1 975 976 974 -1 975 977 976 -1 975 978 977 -1 975 979 978 -1 953 954 979 -1 953 979 975 -1 959 980 958 -1 959 981 980 -1 981 982 980 -1 981 983 982 -1 974 976 983 -1 974 983 981 -1 974 981 952 -1 952 981 959 -1 962 984 293 -1 293 984 323 -1 323 985 322 -1 323 984 985 -1 980 982 985 -1 980 985 984 -1 980 984 958 -1 958 984 962 -1 317 986 967 -1 317 345 987 -1 317 987 986 -1 345 344 987 -1 971 988 970 -1 971 989 988 -1 989 990 988 -1 989 991 990 -1 986 987 991 -1 986 991 989 -1 986 989 967 -1 967 989 971 -1 988 990 992 -1 988 992 993 -1 988 993 970 -1 970 993 972 -1 977 994 976 -1 977 995 994 -1 995 996 994 -1 995 997 996 -1 995 998 997 -1 995 999 998 -1 977 978 999 -1 977 999 995 -1 983 1000 982 -1 983 1001 1000 -1 1001 1002 1000 -1 1001 1003 1002 -1 994 996 1003 -1 994 1003 1001 -1 994 1001 976 -1 976 1001 983 -1 985 1004 322 -1 322 1004 351 -1 351 1005 350 -1 351 1004 1005 -1 1000 1002 1005 -1 1000 1005 1004 -1 1000 1004 982 -1 982 1004 985 -1 344 1006 987 -1 344 373 1007 -1 344 1007 1006 -1 373 372 1007 -1 991 1008 990 -1 991 1009 1008 -1 1009 1010 1008 -1 1009 1011 1010 -1 1006 1007 1011 -1 1006 1011 1009 -1 1006 1009 987 -1 987 1009 991 -1 1008 1010 1012 -1 1008 1012 1013 -1 1008 1013 990 -1 990 1013 992 -1 997 1014 996 -1 997 1015 1014 -1 1015 1016 1014 -1 1015 1017 1016 -1 1015 1018 1017 -1 1015 1019 1018 -1 997 998 1019 -1 997 1019 1015 -1 1003 1020 1002 -1 1003 1021 1020 -1 1021 1022 1020 -1 1021 1023 1022 -1 1014 1016 1023 -1 1014 1023 1021 -1 1014 1021 996 -1 996 1021 1003 -1 1005 1024 350 -1 350 1024 379 -1 379 1025 378 -1 379 1024 1025 -1 1020 1022 1025 -1 1020 1025 1024 -1 1020 1024 1002 -1 1002 1024 1005 -1 372 1026 1007 -1 372 401 1027 -1 372 1027 1026 -1 401 400 1027 -1 1011 1028 1010 -1 1011 1029 1028 -1 1029 1030 1028 -1 1029 1031 1030 -1 1026 1027 1031 -1 1026 1031 1029 -1 1026 1029 1007 -1 1007 1029 1011 -1 1028 1030 1032 -1 1028 1032 1033 -1 1028 1033 1010 -1 1010 1033 1012 -1 1017 1034 1016 -1 1017 1035 1034 -1 1035 1036 1034 -1 1035 1037 1036 -1 1035 1038 1037 -1 1035 1039 1038 -1 1017 1018 1039 -1 1017 1039 1035 -1 1023 1040 1022 -1 1023 1041 1040 -1 1041 1042 1040 -1 1041 1043 1042 -1 1034 1036 1043 -1 1034 1043 1041 -1 1034 1041 1016 -1 1016 1041 1023 -1 1025 1044 378 -1 378 1044 407 -1 407 1045 406 -1 407 1044 1045 -1 1040 1042 1045 -1 1040 1045 1044 -1 1040 1044 1022 -1 1022 1044 1025 -1 426 1046 424 -1 426 425 1046 -1 400 1047 1027 -1 400 427 1048 -1 400 1048 1047 -1 427 424 1049 -1 427 1049 1048 -1 424 1046 1049 -1 1031 1050 1030 -1 1047 1048 1051 -1 1047 1051 1052 -1 1047 1052 1027 -1 1027 1052 1050 -1 1027 1050 1031 -1 1030 1050 1053 -1 1030 1053 1032 -1 1037 1054 1036 -1 1037 1055 1054 -1 1055 1056 1054 -1 1055 1057 1056 -1 1055 1058 1057 -1 1055 1059 1058 -1 1037 1038 1059 -1 1037 1059 1055 -1 1043 1060 1042 -1 1043 1061 1060 -1 1061 1062 1060 -1 1061 1063 1062 -1 1054 1056 1063 -1 1054 1063 1061 -1 1054 1061 1036 -1 1036 1061 1043 -1 1045 1064 406 -1 406 1064 433 -1 433 1065 432 -1 433 1064 1065 -1 1060 1062 1065 -1 1060 1065 1064 -1 1060 1064 1042 -1 1042 1064 1045 -1 425 1066 1046 -1 425 451 1067 -1 425 1067 1066 -1 451 450 1067 -1 1049 1068 1048 -1 1049 1069 1068 -1 1069 1070 1068 -1 1069 1071 1070 -1 1066 1067 1071 -1 1066 1071 1069 -1 1066 1069 1046 -1 1046 1069 1049 -1 1068 1070 1072 -1 1068 1072 1073 -1 1068 1073 1048 -1 1048 1073 1051 -1 1074 1075 1076 -1 1074 1077 1075 -1 1074 1078 1077 -1 1074 1079 1078 -1 1074 1080 1079 -1 1074 1076 1080 -1 1057 1081 1056 -1 1057 1082 1081 -1 1082 1083 1081 -1 1082 1084 1083 -1 1075 1077 1084 -1 1075 1084 1082 -1 1075 1085 1076 -1 1075 1082 1085 -1 1057 1058 1085 -1 1057 1085 1082 -1 1063 1086 1062 -1 1063 1087 1086 -1 1087 1088 1086 -1 1087 1089 1088 -1 1081 1083 1089 -1 1081 1089 1087 -1 1081 1087 1056 -1 1056 1087 1063 -1 1065 1090 432 -1 432 1090 457 -1 457 1091 456 -1 457 1090 1091 -1 1086 1088 1091 -1 1086 1091 1090 -1 1086 1090 1062 -1 1062 1090 1065 -1 450 1092 1067 -1 450 475 1093 -1 450 1093 1092 -1 475 474 1093 -1 1071 1094 1070 -1 1071 1095 1094 -1 1095 1096 1094 -1 1095 1097 1096 -1 1092 1093 1097 -1 1092 1097 1095 -1 1092 1095 1067 -1 1067 1095 1071 -1 1094 1096 1098 -1 1094 1098 1099 -1 1094 1099 1070 -1 1070 1099 1072 -1 1078 1100 1077 -1 1078 1101 1100 -1 1101 1102 1100 -1 1101 1103 1102 -1 1101 1104 1103 -1 1101 1105 1104 -1 1078 1079 1105 -1 1078 1105 1101 -1 1084 1106 1083 -1 1084 1107 1106 -1 1107 1108 1106 -1 1107 1109 1108 -1 1100 1102 1109 -1 1100 1109 1107 -1 1100 1107 1077 -1 1077 1107 1084 -1 1089 1110 1088 -1 1089 1111 1110 -1 1111 1112 1110 -1 1111 1113 1112 -1 1106 1108 1113 -1 1106 1113 1111 -1 1106 1111 1083 -1 1083 1111 1089 -1 1091 1114 456 -1 456 1114 481 -1 481 1115 480 -1 481 1114 1115 -1 1110 1112 1115 -1 1110 1115 1114 -1 1110 1114 1088 -1 1088 1114 1091 -1 474 1116 1093 -1 474 499 1117 -1 474 1117 1116 -1 499 498 1117 -1 1097 1118 1096 -1 1097 1119 1118 -1 1119 1120 1118 -1 1119 1121 1120 -1 1116 1117 1121 -1 1116 1121 1119 -1 1116 1119 1093 -1 1093 1119 1097 -1 1118 1120 1122 -1 1118 1122 1123 -1 1118 1123 1096 -1 1096 1123 1098 -1 1103 1124 1102 -1 1103 1104 1124 -1 1109 1125 1108 -1 1109 1126 1125 -1 1126 1127 1125 -1 1126 1128 1127 -1 1126 1129 1128 -1 1102 1124 1129 -1 1102 1129 1126 -1 1102 1126 1109 -1 1113 1130 1112 -1 1113 1131 1130 -1 1131 1132 1130 -1 1131 1133 1132 -1 1125 1127 1133 -1 1125 1133 1131 -1 1125 1131 1108 -1 1108 1131 1113 -1 1115 1134 480 -1 480 1134 505 -1 505 1135 504 -1 505 1134 1135 -1 1130 1132 1135 -1 1130 1135 1134 -1 1130 1134 1112 -1 1112 1134 1115 -1 520 1136 518 -1 520 519 1136 -1 498 1137 1117 -1 498 521 1138 -1 498 1138 1137 -1 521 518 1139 -1 521 1139 1138 -1 518 1136 1139 -1 1121 1140 1120 -1 1121 1141 1140 -1 1141 1142 1140 -1 1141 1143 1142 -1 1137 1138 1143 -1 1137 1143 1141 -1 1137 1141 1117 -1 1117 1141 1121 -1 1140 1142 1144 -1 1140 1144 1145 -1 1140 1145 1120 -1 1120 1145 1122 -1 1128 1146 1127 -1 1128 1129 1146 -1 1133 1147 1132 -1 1133 1148 1147 -1 1148 1149 1147 -1 1148 1150 1149 -1 1148 1151 1150 -1 1127 1146 1151 -1 1127 1151 1148 -1 1127 1148 1133 -1 1135 1152 504 -1 504 1153 522 -1 504 1152 1153 -1 1152 1154 1153 -1 1147 1149 1154 -1 1147 1154 1152 -1 1147 1152 1132 -1 1132 1152 1135 -1 524 1155 523 -1 524 522 1156 -1 524 1156 1155 -1 522 1153 1156 -1 526 1157 525 -1 526 523 1158 -1 526 1158 1157 -1 523 1155 1158 -1 528 1159 527 -1 528 525 1160 -1 528 1160 1159 -1 525 1157 1160 -1 519 1161 1136 -1 519 529 1162 -1 519 1162 1161 -1 529 527 1163 -1 529 1163 1162 -1 527 1159 1163 -1 1139 1164 1138 -1 1139 1165 1164 -1 1165 1166 1164 -1 1165 1167 1166 -1 1161 1162 1167 -1 1161 1167 1165 -1 1161 1165 1136 -1 1136 1165 1139 -1 1143 1168 1142 -1 1164 1166 1169 -1 1164 1169 1170 -1 1164 1170 1138 -1 1138 1170 1168 -1 1138 1168 1143 -1 1142 1168 1171 -1 1142 1171 1144 -1 1150 1172 1149 -1 1150 1151 1172 -1 1154 1173 1153 -1 1149 1172 1174 -1 1149 1174 1173 -1 1149 1173 1154 -1 1156 1175 1155 -1 1153 1173 1176 -1 1153 1176 1175 -1 1153 1175 1156 -1 1158 1177 1157 -1 1155 1175 1178 -1 1155 1178 1177 -1 1155 1177 1158 -1 1160 1179 1159 -1 1157 1177 1180 -1 1157 1180 1179 -1 1157 1179 1160 -1 1163 1181 1162 -1 1159 1179 1182 -1 1159 1182 1181 -1 1159 1181 1163 -1 1167 1183 1166 -1 1162 1181 1184 -1 1162 1184 1183 -1 1162 1183 1167 -1 1166 1183 1185 -1 1166 1185 1169 -1 1186 1187 1188 -1 1186 1189 1187 -1 1186 1190 1189 -1 1186 1191 1190 -1 1186 1192 1191 -1 1186 1188 1192 -1 1193 1194 1195 -1 1193 1196 1194 -1 1193 1197 1196 -1 1187 1189 1197 -1 1187 1197 1193 -1 1187 1198 1188 -1 1187 1193 1198 -1 1193 1195 1198 -1 1194 1196 1199 -1 1194 1199 1195 -1 1200 1201 1202 -1 1200 1203 1201 -1 1200 1204 1203 -1 1200 1205 1204 -1 1200 1206 1205 -1 1200 1202 1206 -1 1207 1208 1209 -1 536 532 1208 -1 536 1208 1207 -1 536 1210 535 -1 536 1207 1210 -1 1201 1203 1210 -1 1201 1210 1207 -1 1201 1211 1202 -1 1201 1207 1211 -1 1207 1209 1211 -1 1190 1212 1189 -1 1190 1213 1212 -1 542 539 1212 -1 542 1212 1213 -1 542 1213 532 -1 532 1213 1208 -1 1208 1214 1209 -1 1208 1213 1214 -1 1190 1191 1214 -1 1190 1214 1213 -1 1197 1215 1196 -1 1197 1216 1215 -1 548 545 1215 -1 548 1215 1216 -1 548 1216 539 -1 539 1216 1212 -1 1212 1216 1189 -1 1189 1216 1197 -1 1217 1218 1219 -1 554 551 1218 -1 554 1218 1217 -1 554 1217 545 -1 545 1217 1215 -1 1215 1217 1196 -1 1196 1219 1199 -1 1196 1217 1219 -1 1220 1221 1222 -1 1220 1223 1221 -1 551 555 1223 -1 551 1223 1220 -1 551 1220 1218 -1 1218 1224 1219 -1 1218 1220 1224 -1 1220 1222 1224 -1 1221 1223 1225 -1 1221 1225 1222 -1 1204 1226 1203 -1 1204 1227 1226 -1 1227 1228 1226 -1 1227 1229 1228 -1 1227 1230 1229 -1 1227 1231 1230 -1 1204 1205 1231 -1 1204 1231 1227 -1 1210 1232 535 -1 535 1232 561 -1 561 1233 560 -1 561 1232 1233 -1 1226 1228 1233 -1 1226 1233 1232 -1 1226 1232 1203 -1 1203 1232 1210 -1 555 1234 1223 -1 555 575 1235 -1 555 1235 1234 -1 575 574 1235 -1 1234 1235 1236 -1 1234 1236 1237 -1 1234 1237 1223 -1 1223 1237 1225 -1 1238 1239 1240 -1 1238 1241 1239 -1 1238 1242 1241 -1 1238 1243 1242 -1 1238 1244 1243 -1 1238 1240 1244 -1 1229 1245 1228 -1 1229 1246 1245 -1 582 578 1245 -1 582 1245 1246 -1 582 1247 581 -1 582 1246 1247 -1 1239 1241 1247 -1 1239 1247 1246 -1 1239 1248 1240 -1 1239 1246 1248 -1 1229 1230 1248 -1 1229 1248 1246 -1 1233 1249 560 -1 560 1249 586 -1 586 1249 578 -1 578 1249 1245 -1 1245 1249 1228 -1 1228 1249 1233 -1 574 1250 1235 -1 574 595 1250 -1 1251 1252 1253 -1 1251 1254 1252 -1 595 597 1254 -1 595 1254 1251 -1 595 1251 1250 -1 1250 1251 1235 -1 1235 1253 1236 -1 1235 1251 1253 -1 1252 1254 1255 -1 1252 1255 1253 -1 1242 1256 1241 -1 1242 1257 1256 -1 1257 1258 1256 -1 1257 1259 1258 -1 1257 1260 1259 -1 1257 1261 1260 -1 1242 1243 1261 -1 1242 1261 1257 -1 1247 1262 581 -1 581 1262 603 -1 603 1263 602 -1 603 1262 1263 -1 1256 1258 1263 -1 1256 1263 1262 -1 1256 1262 1241 -1 1241 1262 1247 -1 597 1264 1254 -1 597 609 1265 -1 597 1265 1264 -1 609 608 1265 -1 1264 1265 1266 -1 1264 1266 1267 -1 1264 1267 1254 -1 1254 1267 1255 -1 1259 1268 1258 -1 1259 1269 1268 -1 1269 1270 1268 -1 1269 1271 1270 -1 1269 1272 1271 -1 1269 1273 1272 -1 1259 1260 1273 -1 1259 1273 1269 -1 1263 1274 602 -1 602 1274 615 -1 615 1275 614 -1 615 1274 1275 -1 1268 1270 1275 -1 1268 1275 1274 -1 1268 1274 1258 -1 1258 1274 1263 -1 608 1276 1265 -1 608 621 1277 -1 608 1277 1276 -1 621 620 1277 -1 1276 1277 1278 -1 1276 1278 1279 -1 1276 1279 1265 -1 1265 1279 1266 -1 1271 1280 1270 -1 1271 1281 1280 -1 1281 1282 1280 -1 1281 1283 1282 -1 1281 1284 1283 -1 1281 1285 1284 -1 1271 1272 1285 -1 1271 1285 1281 -1 1275 1286 614 -1 614 1286 627 -1 627 1287 626 -1 627 1286 1287 -1 1280 1282 1287 -1 1280 1287 1286 -1 1280 1286 1270 -1 1270 1286 1275 -1 620 1288 1277 -1 620 633 1289 -1 620 1289 1288 -1 633 632 1289 -1 1288 1289 1290 -1 1288 1290 1291 -1 1288 1291 1277 -1 1277 1291 1278 -1 1283 1292 1282 -1 1283 1284 1292 -1 1287 1293 626 -1 626 1293 639 -1 639 1294 638 -1 639 1293 1294 -1 1293 1295 1294 -1 1282 1292 1295 -1 1282 1295 1293 -1 1282 1293 1287 -1 632 1296 1289 -1 632 649 1297 -1 632 1297 1296 -1 649 648 1297 -1 1296 1297 1298 -1 1296 1298 1299 -1 1296 1299 1289 -1 1289 1299 1290 -1 1294 1300 638 -1 638 1300 655 -1 655 1301 654 -1 655 1300 1301 -1 1300 1302 1301 -1 1300 1303 1302 -1 1294 1295 1303 -1 1294 1303 1300 -1 648 1304 1297 -1 648 672 1304 -1 672 675 1305 -1 672 1305 1306 -1 672 1306 1304 -1 1304 1306 1307 -1 1304 1307 1297 -1 1297 1307 1298 -1 1301 1308 654 -1 654 1309 676 -1 654 1308 1309 -1 1308 1310 1309 -1 1308 1311 1310 -1 1308 1312 1311 -1 1301 1302 1312 -1 1301 1312 1308 -1 676 1313 681 -1 676 1309 1313 -1 1305 675 1314 -1 1305 1314 1315 -1 675 701 1316 -1 675 1316 1314 -1 701 700 1316 -1 1305 1315 1306 -1 1314 1316 1317 -1 1314 1317 1315 -1 1318 1319 1320 -1 1318 1321 1319 -1 1318 1322 1321 -1 1318 1323 1322 -1 1318 1324 1323 -1 1318 1320 1324 -1 1310 1325 1309 -1 1310 1326 1325 -1 1326 1327 1325 -1 1326 1328 1327 -1 1319 1321 1328 -1 1319 1328 1326 -1 1319 1329 1320 -1 1319 1326 1329 -1 1310 1311 1329 -1 1310 1329 1326 -1 1313 1330 681 -1 681 1330 707 -1 707 1331 706 -1 707 1330 1331 -1 1325 1327 1331 -1 1325 1331 1330 -1 1325 1330 1309 -1 1309 1330 1313 -1 700 1332 1316 -1 700 727 1333 -1 700 1333 1332 -1 727 726 1333 -1 1332 1333 1334 -1 1332 1334 1335 -1 1332 1335 1316 -1 1316 1335 1317 -1 1322 1336 1321 -1 1322 1337 1336 -1 1337 1338 1336 -1 1337 1339 1338 -1 1337 1340 1339 -1 1337 1341 1340 -1 1322 1323 1341 -1 1322 1341 1337 -1 1328 1342 1327 -1 1328 1343 1342 -1 734 730 1342 -1 734 1342 1343 -1 734 1344 733 -1 734 1343 1344 -1 1336 1338 1344 -1 1336 1344 1343 -1 1336 1343 1321 -1 1321 1343 1328 -1 1331 1345 706 -1 706 1345 739 -1 739 1345 730 -1 730 1345 1342 -1 1342 1345 1327 -1 1327 1345 1331 -1 726 1346 1333 -1 726 753 1347 -1 726 1347 1346 -1 753 752 1347 -1 1346 1347 1348 -1 1346 1348 1349 -1 1346 1349 1333 -1 1333 1349 1334 -1 1339 1350 1338 -1 1339 1351 1350 -1 1351 1352 1350 -1 1351 1353 1352 -1 1351 1354 1353 -1 1351 1355 1354 -1 1339 1340 1355 -1 1339 1355 1351 -1 1344 1356 733 -1 733 1357 754 -1 733 1356 1357 -1 1356 1358 1357 -1 1350 1352 1358 -1 1350 1358 1356 -1 1350 1356 1338 -1 1338 1356 1344 -1 754 1359 759 -1 754 1357 1359 -1 752 1360 1347 -1 752 770 1360 -1 770 773 1361 -1 770 1361 1362 -1 770 1362 1360 -1 1360 1362 1363 -1 1360 1363 1347 -1 1347 1363 1348 -1 1353 1364 1352 -1 1353 1365 1364 -1 1365 1366 1364 -1 1365 1367 1366 -1 1365 1368 1367 -1 1365 1369 1368 -1 1353 1354 1369 -1 1353 1369 1365 -1 1358 1370 1357 -1 1358 1371 1370 -1 1371 1372 1370 -1 1371 1373 1372 -1 1364 1366 1373 -1 1364 1373 1371 -1 1364 1371 1352 -1 1352 1371 1358 -1 1359 1374 759 -1 759 1374 779 -1 779 1375 778 -1 779 1374 1375 -1 1370 1372 1375 -1 1370 1375 1374 -1 1370 1374 1357 -1 1357 1374 1359 -1 1361 773 1376 -1 773 791 1376 -1 791 1377 1376 -1 791 790 1377 -1 1376 1377 1378 -1 1376 1378 1379 -1 1361 1376 1379 -1 1361 1379 1362 -1 1367 1380 1366 -1 1367 1381 1380 -1 1381 1382 1380 -1 1381 1383 1382 -1 1381 1384 1383 -1 1381 1385 1384 -1 1367 1368 1385 -1 1367 1385 1381 -1 1373 1386 1372 -1 1373 1387 1386 -1 1387 1388 1386 -1 1387 1389 1388 -1 1380 1382 1389 -1 1380 1389 1387 -1 1380 1387 1366 -1 1366 1387 1373 -1 1375 1390 778 -1 778 1390 797 -1 797 1391 796 -1 797 1390 1391 -1 1386 1388 1391 -1 1386 1391 1390 -1 1386 1390 1372 -1 1372 1390 1375 -1 1377 790 1392 -1 790 809 1392 -1 809 1393 1392 -1 809 808 1393 -1 1392 1393 1394 -1 1392 1394 1395 -1 1377 1392 1395 -1 1377 1395 1378 -1 1383 1396 1382 -1 1383 1397 1396 -1 1397 1398 1396 -1 1397 1399 1398 -1 1397 1400 1399 -1 1397 1401 1400 -1 1383 1384 1401 -1 1383 1401 1397 -1 1389 1402 1388 -1 1389 1403 1402 -1 1403 1404 1402 -1 1403 1405 1404 -1 1396 1398 1405 -1 1396 1405 1403 -1 1396 1403 1382 -1 1382 1403 1389 -1 1391 1406 796 -1 796 1406 815 -1 815 1407 814 -1 815 1406 1407 -1 1402 1404 1407 -1 1402 1407 1406 -1 1402 1406 1388 -1 1388 1406 1391 -1 826 1408 824 -1 826 825 1408 -1 1393 808 1409 -1 808 827 1409 -1 827 824 1409 -1 824 1410 1409 -1 824 1408 1410 -1 1409 1410 1411 -1 1393 1409 1411 -1 1393 1411 1394 -1 1399 1412 1398 -1 1399 1413 1412 -1 1413 1414 1412 -1 1413 1415 1414 -1 1413 1416 1415 -1 1413 1417 1416 -1 1399 1400 1417 -1 1399 1417 1413 -1 1405 1418 1404 -1 1405 1419 1418 -1 1419 1420 1418 -1 1419 1421 1420 -1 1412 1414 1421 -1 1412 1421 1419 -1 1412 1419 1398 -1 1398 1419 1405 -1 1407 1422 814 -1 814 1422 833 -1 833 1423 832 -1 833 1422 1423 -1 1418 1420 1423 -1 1418 1423 1422 -1 1418 1422 1404 -1 1404 1422 1407 -1 825 1424 1408 -1 825 845 1425 -1 825 1425 1424 -1 845 844 1425 -1 1424 1425 1426 -1 1424 1426 1427 -1 1424 1427 1408 -1 1408 1427 1410 -1 1415 1428 1414 -1 1415 1429 1428 -1 1429 1430 1428 -1 1429 1431 1430 -1 1429 1432 1431 -1 1429 1433 1432 -1 1415 1416 1433 -1 1415 1433 1429 -1 1421 1434 1420 -1 1421 1435 1434 -1 852 848 1434 -1 852 1434 1435 -1 852 1436 851 -1 852 1435 1436 -1 1428 1430 1436 -1 1428 1436 1435 -1 1428 1435 1414 -1 1414 1435 1421 -1 1423 1437 832 -1 832 1437 857 -1 857 1437 848 -1 848 1437 1434 -1 1434 1437 1420 -1 1420 1437 1423 -1 844 1438 1425 -1 844 871 1439 -1 844 1439 1438 -1 871 870 1439 -1 1438 1439 1440 -1 1438 1440 1441 -1 1438 1441 1425 -1 1425 1441 1426 -1 1431 1442 1430 -1 1431 1443 1442 -1 1443 1444 1442 -1 1443 1445 1444 -1 1443 1446 1445 -1 1443 1447 1446 -1 1431 1432 1447 -1 1431 1447 1443 -1 1436 1448 851 -1 851 1448 877 -1 877 1449 876 -1 877 1448 1449 -1 1442 1444 1449 -1 1442 1449 1448 -1 1442 1448 1430 -1 1430 1448 1436 -1 870 1450 1439 -1 870 894 1450 -1 894 897 1451 -1 894 1451 1452 -1 894 1452 1450 -1 1450 1452 1453 -1 1450 1453 1439 -1 1439 1453 1440 -1 1445 1454 1444 -1 1445 1455 1454 -1 1455 1456 1454 -1 1455 1457 1456 -1 1455 1458 1457 -1 1455 1459 1458 -1 1445 1446 1459 -1 1445 1459 1455 -1 1449 1460 876 -1 876 1460 903 -1 903 1461 902 -1 903 1460 1461 -1 1454 1456 1461 -1 1454 1461 1460 -1 1454 1460 1444 -1 1444 1460 1449 -1 1451 897 1462 -1 1451 1462 1463 -1 897 919 1464 -1 897 1464 1462 -1 919 918 1464 -1 1451 1463 1452 -1 1462 1464 1465 -1 1462 1465 1463 -1 1457 1466 1456 -1 1457 1467 1466 -1 926 922 1466 -1 926 1466 1467 -1 926 1468 925 -1 926 1467 1468 -1 1467 1469 1468 -1 1467 1470 1469 -1 1457 1458 1470 -1 1457 1470 1467 -1 1461 1471 902 -1 902 1471 931 -1 931 1471 922 -1 922 1471 1466 -1 1466 1471 1456 -1 1456 1471 1461 -1 918 1472 1464 -1 918 946 1472 -1 946 949 1473 -1 946 1473 1474 -1 946 1474 1472 -1 1472 1474 1475 -1 1472 1475 1464 -1 1464 1475 1465 -1 1476 1477 1478 -1 1476 1479 1477 -1 1476 1480 1479 -1 1476 1481 1480 -1 1476 1482 1481 -1 1476 1478 1482 -1 1468 1483 925 -1 925 1483 955 -1 955 1484 954 -1 955 1483 1484 -1 1477 1479 1484 -1 1477 1484 1483 -1 1477 1485 1478 -1 1477 1483 1485 -1 1468 1469 1485 -1 1468 1485 1483 -1 1473 949 1486 -1 1473 1486 1487 -1 949 973 1488 -1 949 1488 1486 -1 973 972 1488 -1 1473 1487 1474 -1 1486 1488 1489 -1 1486 1489 1487 -1 1480 1490 1479 -1 1480 1491 1490 -1 1491 1492 1490 -1 1491 1493 1492 -1 1491 1494 1493 -1 1491 1495 1494 -1 1480 1481 1495 -1 1480 1495 1491 -1 1484 1496 954 -1 954 1496 979 -1 979 1497 978 -1 979 1496 1497 -1 1490 1492 1497 -1 1490 1497 1496 -1 1490 1496 1479 -1 1479 1496 1484 -1 972 1498 1488 -1 972 993 1499 -1 972 1499 1498 -1 993 992 1499 -1 1498 1499 1500 -1 1498 1500 1501 -1 1498 1501 1488 -1 1488 1501 1489 -1 1493 1502 1492 -1 1493 1503 1502 -1 1503 1504 1502 -1 1503 1505 1504 -1 1503 1506 1505 -1 1503 1507 1506 -1 1493 1494 1507 -1 1493 1507 1503 -1 1497 1508 978 -1 978 1508 999 -1 999 1509 998 -1 999 1508 1509 -1 1502 1504 1509 -1 1502 1509 1508 -1 1502 1508 1492 -1 1492 1508 1497 -1 992 1510 1499 -1 992 1013 1511 -1 992 1511 1510 -1 1013 1012 1511 -1 1510 1511 1512 -1 1510 1512 1513 -1 1510 1513 1499 -1 1499 1513 1500 -1 1505 1514 1504 -1 1505 1515 1514 -1 1515 1516 1514 -1 1515 1517 1516 -1 1515 1518 1517 -1 1515 1519 1518 -1 1505 1506 1519 -1 1505 1519 1515 -1 1509 1520 998 -1 998 1520 1019 -1 1019 1521 1018 -1 1019 1520 1521 -1 1514 1516 1521 -1 1514 1521 1520 -1 1514 1520 1504 -1 1504 1520 1509 -1 1012 1522 1511 -1 1012 1033 1523 -1 1012 1523 1522 -1 1033 1032 1523 -1 1522 1523 1524 -1 1522 1524 1525 -1 1522 1525 1511 -1 1511 1525 1512 -1 1517 1526 1516 -1 1517 1518 1526 -1 1521 1527 1018 -1 1018 1527 1039 -1 1039 1528 1038 -1 1039 1527 1528 -1 1527 1529 1528 -1 1516 1526 1529 -1 1516 1529 1527 -1 1516 1527 1521 -1 1052 1530 1050 -1 1052 1051 1530 -1 1032 1531 1532 -1 1032 1532 1523 -1 1032 1053 1531 -1 1053 1050 1531 -1 1050 1533 1531 -1 1050 1530 1533 -1 1531 1533 1534 -1 1531 1534 1532 -1 1523 1532 1535 -1 1523 1535 1524 -1 1528 1536 1038 -1 1038 1536 1059 -1 1059 1537 1058 -1 1059 1536 1537 -1 1536 1538 1537 -1 1536 1539 1538 -1 1528 1529 1539 -1 1528 1539 1536 -1 1051 1540 1530 -1 1051 1073 1541 -1 1051 1541 1540 -1 1073 1072 1541 -1 1540 1541 1542 -1 1540 1542 1543 -1 1540 1543 1530 -1 1530 1543 1533 -1 1080 1076 1544 -1 1080 1544 1079 -1 1537 1545 1058 -1 1058 1545 1085 -1 1085 1545 1076 -1 1076 1546 1544 -1 1076 1545 1546 -1 1545 1547 1546 -1 1537 1538 1547 -1 1537 1547 1545 -1 1072 1548 1549 -1 1072 1549 1541 -1 1072 1099 1548 -1 1099 1550 1548 -1 1099 1098 1550 -1 1548 1550 1551 -1 1548 1551 1552 -1 1548 1552 1549 -1 1541 1549 1553 -1 1541 1553 1542 -1 1079 1544 1554 -1 1079 1554 1555 -1 1079 1555 1105 -1 1105 1555 1104 -1 1554 1556 1555 -1 1554 1544 1557 -1 1554 1557 1556 -1 1544 1546 1557 -1 1550 1098 1558 -1 1098 1123 1558 -1 1123 1559 1558 -1 1123 1122 1559 -1 1558 1559 1560 -1 1558 1560 1561 -1 1550 1558 1561 -1 1550 1561 1551 -1 1104 1555 1562 -1 1104 1562 1124 -1 1124 1563 1129 -1 1124 1562 1564 -1 1124 1564 1563 -1 1562 1555 1565 -1 1562 1565 1564 -1 1555 1556 1565 -1 1566 1567 1568 -1 1566 1568 1569 -1 1566 1569 1570 -1 1566 1570 1571 -1 1566 1571 1572 -1 1566 1572 1567 -1 1559 1122 1573 -1 1122 1145 1573 -1 1145 1574 1573 -1 1145 1144 1574 -1 1568 1573 1574 -1 1568 1574 1569 -1 1568 1575 1573 -1 1568 1567 1575 -1 1559 1573 1575 -1 1559 1575 1560 -1 1563 1576 1577 -1 1563 1577 1129 -1 1129 1577 1146 -1 1563 1564 1576 -1 1578 1579 1580 -1 1578 1580 1581 -1 1146 1578 1581 -1 1146 1581 1151 -1 1146 1577 1578 -1 1577 1582 1578 -1 1577 1576 1582 -1 1578 1582 1579 -1 1580 1583 1581 -1 1580 1579 1583 -1 1584 1585 1586 -1 1584 1586 1587 -1 1584 1587 1588 -1 1584 1588 1589 -1 1584 1589 1590 -1 1584 1590 1585 -1 1570 1591 1592 -1 1570 1569 1591 -1 1170 1592 1591 -1 1170 1591 1168 -1 1170 1593 1592 -1 1170 1169 1593 -1 1586 1592 1593 -1 1586 1593 1587 -1 1586 1594 1592 -1 1586 1585 1594 -1 1570 1592 1594 -1 1570 1594 1571 -1 1574 1144 1595 -1 1144 1171 1595 -1 1171 1168 1595 -1 1168 1591 1595 -1 1591 1569 1595 -1 1569 1574 1595 -1 1151 1581 1596 -1 1151 1596 1172 -1 1597 1598 1599 -1 1174 1597 1599 -1 1174 1599 1173 -1 1174 1172 1597 -1 1172 1596 1597 -1 1596 1581 1597 -1 1581 1598 1597 -1 1581 1583 1598 -1 1600 1601 1602 -1 1176 1600 1602 -1 1176 1602 1175 -1 1176 1173 1600 -1 1173 1599 1600 -1 1599 1603 1600 -1 1599 1598 1603 -1 1600 1603 1601 -1 1604 1605 1606 -1 1178 1604 1606 -1 1178 1606 1177 -1 1178 1175 1604 -1 1175 1602 1604 -1 1602 1607 1604 -1 1602 1601 1607 -1 1604 1607 1605 -1 1608 1609 1610 -1 1180 1608 1610 -1 1180 1610 1179 -1 1180 1177 1608 -1 1177 1606 1608 -1 1606 1611 1608 -1 1606 1605 1611 -1 1608 1611 1609 -1 1612 1613 1614 -1 1182 1612 1614 -1 1182 1614 1181 -1 1182 1179 1612 -1 1179 1610 1612 -1 1610 1615 1612 -1 1610 1609 1615 -1 1612 1615 1613 -1 1588 1616 1617 -1 1588 1587 1616 -1 1184 1617 1616 -1 1184 1616 1183 -1 1184 1181 1617 -1 1181 1614 1617 -1 1614 1618 1617 -1 1614 1613 1618 -1 1588 1617 1618 -1 1588 1618 1589 -1 1593 1169 1619 -1 1169 1185 1619 -1 1185 1183 1619 -1 1183 1616 1619 -1 1616 1587 1619 -1 1587 1593 1619 -1 1620 1621 1622 -1 1620 1623 1621 -1 1620 1624 1623 -1 1620 1625 1624 -1 1620 1626 1625 -1 1620 1622 1626 -1 1627 1628 1629 -1 1192 1188 1628 -1 1192 1628 1627 -1 1192 1630 1191 -1 1192 1627 1630 -1 1621 1623 1630 -1 1621 1630 1627 -1 1621 1631 1622 -1 1621 1627 1631 -1 1627 1629 1631 -1 1632 1633 1634 -1 1198 1195 1633 -1 1198 1633 1632 -1 1198 1632 1188 -1 1188 1632 1628 -1 1628 1635 1629 -1 1628 1632 1635 -1 1632 1634 1635 -1 1636 1637 1638 -1 1636 1639 1637 -1 1195 1199 1639 -1 1195 1639 1636 -1 1195 1636 1633 -1 1633 1640 1634 -1 1633 1636 1640 -1 1636 1638 1640 -1 1637 1639 1641 -1 1637 1641 1638 -1 1642 1643 1644 -1 1206 1202 1643 -1 1206 1643 1642 -1 1206 1645 1205 -1 1206 1642 1645 -1 1642 1646 1645 -1 1642 1647 1646 -1 1642 1644 1647 -1 1624 1648 1623 -1 1624 1649 1648 -1 1211 1209 1648 -1 1211 1648 1649 -1 1211 1649 1202 -1 1202 1649 1643 -1 1643 1650 1644 -1 1643 1649 1650 -1 1624 1625 1650 -1 1624 1650 1649 -1 1630 1651 1191 -1 1191 1651 1214 -1 1214 1651 1209 -1 1209 1651 1648 -1 1648 1651 1623 -1 1623 1651 1630 -1 1199 1652 1639 -1 1199 1219 1652 -1 1653 1654 1655 -1 1224 1222 1654 -1 1224 1654 1653 -1 1224 1653 1219 -1 1219 1653 1652 -1 1652 1653 1639 -1 1639 1655 1641 -1 1639 1653 1655 -1 1222 1225 1656 -1 1222 1656 1657 -1 1222 1657 1654 -1 1654 1657 1655 -1 1658 1659 1660 -1 1658 1661 1659 -1 1658 1662 1661 -1 1658 1663 1662 -1 1658 1664 1663 -1 1658 1660 1664 -1 1645 1665 1205 -1 1205 1665 1231 -1 1231 1666 1230 -1 1231 1665 1666 -1 1659 1661 1666 -1 1659 1666 1665 -1 1659 1667 1660 -1 1659 1665 1667 -1 1645 1646 1667 -1 1645 1667 1665 -1 1656 1225 1668 -1 1656 1668 1669 -1 1225 1237 1670 -1 1225 1670 1668 -1 1237 1236 1670 -1 1656 1669 1657 -1 1668 1670 1671 -1 1668 1671 1669 -1 1662 1672 1661 -1 1662 1673 1672 -1 1244 1240 1672 -1 1244 1672 1673 -1 1244 1674 1243 -1 1244 1673 1674 -1 1673 1675 1674 -1 1673 1676 1675 -1 1662 1663 1676 -1 1662 1676 1673 -1 1666 1677 1230 -1 1230 1677 1248 -1 1248 1677 1240 -1 1240 1677 1672 -1 1672 1677 1661 -1 1661 1677 1666 -1 1236 1678 1670 -1 1236 1253 1678 -1 1253 1255 1679 -1 1253 1679 1680 -1 1253 1680 1678 -1 1678 1680 1681 -1 1678 1681 1670 -1 1670 1681 1671 -1 1674 1682 1243 -1 1243 1682 1261 -1 1261 1683 1260 -1 1261 1682 1683 -1 1682 1684 1683 -1 1682 1685 1684 -1 1674 1675 1685 -1 1674 1685 1682 -1 1679 1255 1686 -1 1255 1267 1686 -1 1267 1687 1686 -1 1267 1266 1687 -1 1686 1687 1688 -1 1686 1688 1689 -1 1679 1686 1689 -1 1679 1689 1680 -1 1683 1690 1260 -1 1260 1690 1273 -1 1273 1691 1272 -1 1273 1690 1691 -1 1690 1692 1691 -1 1690 1693 1692 -1 1683 1684 1693 -1 1683 1693 1690 -1 1687 1266 1694 -1 1266 1279 1694 -1 1279 1695 1694 -1 1279 1278 1695 -1 1694 1695 1696 -1 1694 1696 1697 -1 1687 1694 1697 -1 1687 1697 1688 -1 1691 1698 1272 -1 1272 1698 1285 -1 1285 1699 1284 -1 1285 1698 1699 -1 1698 1700 1699 -1 1698 1701 1700 -1 1691 1692 1701 -1 1691 1701 1698 -1 1695 1278 1702 -1 1278 1291 1702 -1 1291 1703 1702 -1 1291 1290 1703 -1 1702 1703 1704 -1 1702 1704 1705 -1 1695 1702 1705 -1 1695 1705 1696 -1 1699 1706 1284 -1 1284 1707 1292 -1 1284 1706 1707 -1 1706 1708 1707 -1 1706 1709 1708 -1 1706 1710 1709 -1 1699 1700 1710 -1 1699 1710 1706 -1 1292 1711 1295 -1 1292 1707 1711 -1 1703 1290 1712 -1 1703 1712 1713 -1 1290 1299 1714 -1 1290 1714 1712 -1 1299 1298 1714 -1 1703 1713 1704 -1 1712 1714 1715 -1 1712 1715 1713 -1 1708 1716 1707 -1 1708 1717 1716 -1 1717 1718 1716 -1 1717 1719 1718 -1 1717 1720 1719 -1 1717 1721 1720 -1 1708 1709 1721 -1 1708 1721 1717 -1 1711 1722 1295 -1 1295 1722 1303 -1 1303 1723 1302 -1 1303 1722 1723 -1 1716 1718 1723 -1 1716 1723 1722 -1 1716 1722 1707 -1 1707 1722 1711 -1 1298 1724 1714 -1 1298 1307 1725 -1 1298 1725 1724 -1 1307 1306 1725 -1 1724 1725 1726 -1 1724 1726 1727 -1 1724 1727 1714 -1 1714 1727 1715 -1 1719 1728 1718 -1 1719 1729 1728 -1 1729 1730 1728 -1 1729 1731 1730 -1 1729 1732 1731 -1 1729 1733 1732 -1 1719 1720 1733 -1 1719 1733 1729 -1 1723 1734 1302 -1 1302 1734 1312 -1 1312 1735 1311 -1 1312 1734 1735 -1 1728 1730 1735 -1 1728 1735 1734 -1 1728 1734 1718 -1 1718 1734 1723 -1 1306 1736 1725 -1 1306 1315 1736 -1 1315 1317 1737 -1 1315 1737 1738 -1 1315 1738 1736 -1 1736 1738 1739 -1 1736 1739 1725 -1 1725 1739 1726 -1 1731 1740 1730 -1 1731 1741 1740 -1 1324 1320 1740 -1 1324 1740 1741 -1 1324 1742 1323 -1 1324 1741 1742 -1 1741 1743 1742 -1 1741 1744 1743 -1 1731 1732 1744 -1 1731 1744 1741 -1 1735 1745 1311 -1 1311 1745 1329 -1 1329 1745 1320 -1 1320 1745 1740 -1 1740 1745 1730 -1 1730 1745 1735 -1 1737 1317 1746 -1 1317 1335 1746 -1 1335 1747 1746 -1 1335 1334 1747 -1 1746 1747 1748 -1 1746 1748 1749 -1 1737 1746 1749 -1 1737 1749 1738 -1 1742 1750 1323 -1 1323 1750 1341 -1 1341 1751 1340 -1 1341 1750 1751 -1 1750 1752 1751 -1 1750 1753 1752 -1 1742 1743 1753 -1 1742 1753 1750 -1 1747 1334 1754 -1 1747 1754 1755 -1 1334 1349 1756 -1 1334 1756 1754 -1 1349 1348 1756 -1 1747 1755 1748 -1 1754 1756 1757 -1 1754 1757 1755 -1 1751 1758 1340 -1 1340 1758 1355 -1 1355 1759 1354 -1 1355 1758 1759 -1 1758 1760 1759 -1 1758 1761 1760 -1 1751 1752 1761 -1 1751 1761 1758 -1 1348 1762 1756 -1 1348 1363 1763 -1 1348 1763 1762 -1 1363 1362 1763 -1 1762 1763 1764 -1 1762 1764 1765 -1 1762 1765 1756 -1 1756 1765 1757 -1 1759 1766 1354 -1 1354 1766 1369 -1 1369 1767 1368 -1 1369 1766 1767 -1 1766 1768 1767 -1 1766 1769 1768 -1 1759 1760 1769 -1 1759 1769 1766 -1 1362 1770 1763 -1 1362 1379 1771 -1 1362 1771 1770 -1 1379 1378 1771 -1 1770 1771 1772 -1 1770 1772 1773 -1 1770 1773 1763 -1 1763 1773 1764 -1 1767 1774 1368 -1 1368 1774 1385 -1 1385 1775 1384 -1 1385 1774 1775 -1 1774 1776 1775 -1 1774 1777 1776 -1 1767 1768 1777 -1 1767 1777 1774 -1 1378 1778 1771 -1 1378 1395 1779 -1 1378 1779 1778 -1 1395 1394 1779 -1 1778 1779 1780 -1 1778 1780 1781 -1 1778 1781 1771 -1 1771 1781 1772 -1 1775 1782 1384 -1 1384 1782 1401 -1 1401 1783 1400 -1 1401 1782 1783 -1 1782 1784 1783 -1 1782 1785 1784 -1 1775 1776 1785 -1 1775 1785 1782 -1 1394 1786 1779 -1 1394 1411 1787 -1 1394 1787 1786 -1 1411 1410 1787 -1 1786 1787 1788 -1 1786 1788 1789 -1 1786 1789 1779 -1 1779 1789 1780 -1 1783 1790 1400 -1 1400 1790 1417 -1 1417 1791 1416 -1 1417 1790 1791 -1 1790 1792 1791 -1 1790 1793 1792 -1 1783 1784 1793 -1 1783 1793 1790 -1 1410 1794 1795 -1 1410 1795 1787 -1 1410 1427 1794 -1 1427 1796 1794 -1 1427 1426 1796 -1 1794 1796 1797 -1 1794 1797 1798 -1 1794 1798 1795 -1 1787 1795 1799 -1 1787 1799 1788 -1 1791 1800 1416 -1 1416 1800 1433 -1 1433 1801 1432 -1 1433 1800 1801 -1 1800 1802 1801 -1 1800 1803 1802 -1 1791 1792 1803 -1 1791 1803 1800 -1 1796 1426 1804 -1 1426 1441 1804 -1 1441 1805 1804 -1 1441 1440 1805 -1 1804 1805 1806 -1 1804 1806 1807 -1 1796 1804 1807 -1 1796 1807 1797 -1 1801 1808 1432 -1 1432 1808 1447 -1 1447 1809 1446 -1 1447 1808 1809 -1 1808 1810 1809 -1 1808 1811 1810 -1 1801 1802 1811 -1 1801 1811 1808 -1 1805 1440 1812 -1 1440 1453 1812 -1 1453 1813 1812 -1 1453 1452 1813 -1 1812 1813 1814 -1 1812 1814 1815 -1 1805 1812 1815 -1 1805 1815 1806 -1 1809 1816 1446 -1 1446 1816 1459 -1 1459 1817 1458 -1 1459 1816 1817 -1 1816 1818 1817 -1 1816 1819 1818 -1 1809 1810 1819 -1 1809 1819 1816 -1 1813 1452 1820 -1 1813 1820 1821 -1 1452 1463 1820 -1 1813 1821 1814 -1 1463 1465 1822 -1 1463 1822 1823 -1 1463 1823 1820 -1 1820 1823 1821 -1 1817 1824 1458 -1 1458 1824 1470 -1 1470 1825 1469 -1 1470 1824 1825 -1 1824 1826 1825 -1 1824 1827 1826 -1 1817 1818 1827 -1 1817 1827 1824 -1 1822 1465 1828 -1 1465 1475 1828 -1 1475 1829 1828 -1 1475 1474 1829 -1 1828 1829 1830 -1 1828 1830 1831 -1 1822 1828 1831 -1 1822 1831 1823 -1 1832 1833 1834 -1 1482 1478 1833 -1 1482 1833 1832 -1 1482 1835 1481 -1 1482 1832 1835 -1 1832 1836 1835 -1 1832 1837 1836 -1 1832 1834 1837 -1 1825 1838 1469 -1 1469 1838 1485 -1 1485 1838 1478 -1 1478 1838 1833 -1 1833 1839 1834 -1 1833 1838 1839 -1 1825 1826 1839 -1 1825 1839 1838 -1 1829 1474 1840 -1 1829 1840 1841 -1 1474 1487 1840 -1 1829 1841 1830 -1 1487 1489 1842 -1 1487 1842 1843 -1 1487 1843 1840 -1 1840 1843 1841 -1 1835 1844 1481 -1 1481 1844 1495 -1 1495 1845 1494 -1 1495 1844 1845 -1 1844 1846 1845 -1 1844 1847 1846 -1 1835 1836 1847 -1 1835 1847 1844 -1 1842 1489 1848 -1 1489 1501 1848 -1 1501 1849 1848 -1 1501 1500 1849 -1 1848 1849 1850 -1 1848 1850 1851 -1 1842 1848 1851 -1 1842 1851 1843 -1 1845 1852 1494 -1 1494 1852 1507 -1 1507 1853 1506 -1 1507 1852 1853 -1 1852 1854 1853 -1 1852 1855 1854 -1 1845 1846 1855 -1 1845 1855 1852 -1 1849 1500 1856 -1 1500 1513 1856 -1 1513 1857 1856 -1 1513 1512 1857 -1 1856 1857 1858 -1 1856 1858 1859 -1 1849 1856 1859 -1 1849 1859 1850 -1 1853 1860 1861 -1 1853 1861 1506 -1 1506 1861 1862 -1 1506 1862 1519 -1 1519 1862 1518 -1 1853 1854 1860 -1 1861 1863 1862 -1 1861 1860 1863 -1 1864 1865 1866 -1 1864 1866 1867 -1 1864 1867 1868 -1 1864 1868 1869 -1 1864 1869 1870 -1 1864 1870 1865 -1 1857 1512 1871 -1 1512 1525 1871 -1 1525 1872 1871 -1 1525 1524 1872 -1 1866 1871 1872 -1 1866 1872 1867 -1 1866 1873 1871 -1 1866 1865 1873 -1 1857 1871 1873 -1 1857 1873 1858 -1 1518 1862 1874 -1 1518 1874 1526 -1 1526 1875 1529 -1 1526 1874 1876 -1 1526 1876 1875 -1 1874 1862 1877 -1 1874 1877 1876 -1 1862 1863 1877 -1 1868 1878 1879 -1 1868 1867 1878 -1 1534 1879 1878 -1 1534 1878 1532 -1 1534 1880 1879 -1 1534 1533 1880 -1 1879 1880 1881 -1 1879 1881 1882 -1 1868 1879 1882 -1 1868 1882 1869 -1 1872 1524 1883 -1 1524 1535 1883 -1 1535 1532 1883 -1 1532 1878 1883 -1 1878 1867 1883 -1 1867 1872 1883 -1 1875 1884 1885 -1 1875 1885 1529 -1 1529 1885 1886 -1 1529 1886 1539 -1 1539 1886 1538 -1 1875 1876 1884 -1 1885 1887 1886 -1 1885 1884 1887 -1 1888 1889 1890 -1 1888 1890 1891 -1 1888 1891 1892 -1 1888 1892 1893 -1 1888 1893 1894 -1 1888 1894 1889 -1 1880 1533 1895 -1 1533 1543 1895 -1 1543 1896 1895 -1 1543 1542 1896 -1 1890 1895 1896 -1 1890 1896 1891 -1 1890 1897 1895 -1 1890 1889 1897 -1 1880 1895 1897 -1 1880 1897 1881 -1 1538 1886 1898 -1 1538 1898 1899 -1 1538 1899 1547 -1 1547 1899 1546 -1 1898 1900 1899 -1 1898 1886 1901 -1 1898 1901 1900 -1 1886 1887 1901 -1 1902 1903 1904 -1 1902 1904 1905 -1 1902 1905 1906 -1 1902 1906 1907 -1 1902 1907 1908 -1 1902 1908 1903 -1 1892 1909 1910 -1 1892 1891 1909 -1 1552 1910 1909 -1 1552 1909 1549 -1 1552 1911 1910 -1 1552 1551 1911 -1 1904 1910 1911 -1 1904 1911 1905 -1 1904 1912 1910 -1 1904 1903 1912 -1 1892 1910 1912 -1 1892 1912 1893 -1 1896 1542 1913 -1 1542 1553 1913 -1 1553 1549 1913 -1 1549 1909 1913 -1 1909 1891 1913 -1 1891 1896 1913 -1 1546 1899 1914 -1 1546 1914 1915 -1 1546 1915 1557 -1 1557 1915 1556 -1 1916 1917 1918 -1 1916 1918 1919 -1 1916 1919 1920 -1 1914 1916 1920 -1 1914 1920 1915 -1 1914 1899 1916 -1 1899 1917 1916 -1 1899 1900 1917 -1 1921 1922 1923 -1 1921 1923 1924 -1 1921 1924 1925 -1 1918 1921 1925 -1 1918 1925 1919 -1 1918 1926 1921 -1 1918 1917 1926 -1 1921 1926 1922 -1 1923 1927 1924 -1 1923 1922 1927 -1 1928 1929 1930 -1 1928 1930 1931 -1 1928 1931 1932 -1 1928 1932 1933 -1 1928 1933 1934 -1 1928 1934 1929 -1 1935 1936 1937 -1 1935 1937 1938 -1 1935 1938 1939 -1 1930 1935 1939 -1 1930 1939 1931 -1 1930 1940 1935 -1 1930 1929 1940 -1 1935 1940 1936 -1 1906 1941 1942 -1 1906 1905 1941 -1 1942 1941 1943 -1 1942 1943 1944 -1 1937 1942 1944 -1 1937 1944 1938 -1 1937 1945 1942 -1 1937 1936 1945 -1 1906 1942 1945 -1 1906 1945 1907 -1 1911 1551 1946 -1 1551 1561 1946 -1 1561 1947 1946 -1 1561 1560 1947 -1 1941 1946 1947 -1 1941 1947 1943 -1 1941 1905 1946 -1 1905 1911 1946 -1 1556 1915 1948 -1 1556 1948 1949 -1 1556 1949 1565 -1 1565 1949 1564 -1 1920 1950 1951 -1 1920 1919 1950 -1 1951 1950 1952 -1 1951 1952 1953 -1 1948 1951 1953 -1 1948 1953 1949 -1 1948 1915 1951 -1 1915 1920 1951 -1 1925 1954 1955 -1 1925 1924 1954 -1 1955 1954 1956 -1 1955 1956 1957 -1 1950 1955 1957 -1 1950 1957 1952 -1 1950 1919 1955 -1 1919 1925 1955 -1 1958 1959 1960 -1 1958 1960 1961 -1 1958 1961 1962 -1 1954 1958 1962 -1 1954 1962 1956 -1 1954 1924 1958 -1 1924 1959 1958 -1 1924 1927 1959 -1 1963 1964 1965 -1 1963 1965 1966 -1 1963 1966 1967 -1 1960 1963 1967 -1 1960 1967 1961 -1 1960 1968 1963 -1 1960 1959 1968 -1 1963 1968 1964 -1 1969 1970 1971 -1 1969 1971 1972 -1 1969 1972 1973 -1 1965 1969 1973 -1 1965 1973 1966 -1 1965 1974 1969 -1 1965 1964 1974 -1 1969 1974 1970 -1 1932 1975 1976 -1 1932 1931 1975 -1 1976 1975 1977 -1 1976 1977 1978 -1 1971 1976 1978 -1 1971 1978 1972 -1 1971 1979 1976 -1 1971 1970 1979 -1 1932 1976 1979 -1 1932 1979 1933 -1 1939 1980 1981 -1 1939 1938 1980 -1 1981 1980 1982 -1 1981 1982 1983 -1 1975 1981 1983 -1 1975 1983 1977 -1 1975 1931 1981 -1 1931 1939 1981 -1 1944 1984 1985 -1 1944 1943 1984 -1 1572 1985 1984 -1 1572 1984 1567 -1 1572 1986 1985 -1 1572 1571 1986 -1 1980 1985 1986 -1 1980 1986 1982 -1 1980 1938 1985 -1 1938 1944 1985 -1 1947 1560 1987 -1 1560 1575 1987 -1 1575 1567 1987 -1 1567 1984 1987 -1 1984 1943 1987 -1 1943 1947 1987 -1 1564 1949 1988 -1 1564 1988 1576 -1 1953 1989 1990 -1 1953 1952 1989 -1 1582 1990 1989 -1 1582 1989 1579 -1 1582 1576 1990 -1 1576 1988 1990 -1 1988 1949 1990 -1 1949 1953 1990 -1 1957 1991 1992 -1 1957 1956 1991 -1 1992 1991 1993 -1 1579 1992 1993 -1 1579 1993 1583 -1 1579 1989 1992 -1 1989 1952 1992 -1 1952 1957 1992 -1 1962 1994 1995 -1 1962 1961 1994 -1 1995 1994 1996 -1 1995 1996 1997 -1 1991 1995 1997 -1 1991 1997 1993 -1 1991 1956 1995 -1 1956 1962 1995 -1 1967 1998 1999 -1 1967 1966 1998 -1 1999 1998 2000 -1 1999 2000 2001 -1 1994 1999 2001 -1 1994 2001 1996 -1 1994 1961 1999 -1 1961 1967 1999 -1 1973 2002 2003 -1 1973 1972 2002 -1 2003 2002 2004 -1 2003 2004 2005 -1 1998 2003 2005 -1 1998 2005 2000 -1 1998 1966 2003 -1 1966 1973 2003 -1 1978 2006 2007 -1 1978 1977 2006 -1 2007 2006 2008 -1 2007 2008 2009 -1 2002 2007 2009 -1 2002 2009 2004 -1 2002 1972 2007 -1 1972 1978 2007 -1 1983 2010 2011 -1 1983 1982 2010 -1 1590 2011 2010 -1 1590 2010 1585 -1 1590 2012 2011 -1 1590 1589 2012 -1 2006 2011 2012 -1 2006 2012 2008 -1 2006 1977 2011 -1 1977 1983 2011 -1 1986 1571 2013 -1 1571 1594 2013 -1 1594 1585 2013 -1 1585 2010 2013 -1 2010 1982 2013 -1 1982 1986 2013 -1 1583 1993 2014 -1 1583 2014 1598 -1 1997 2015 2016 -1 1997 1996 2015 -1 1603 2016 2015 -1 1603 2015 1601 -1 1603 1598 2016 -1 1598 2014 2016 -1 2014 1993 2016 -1 1993 1997 2016 -1 2001 2017 2018 -1 2001 2000 2017 -1 1607 2018 2017 -1 1607 2017 1605 -1 1607 1601 2018 -1 1601 2015 2018 -1 2015 1996 2018 -1 1996 2001 2018 -1 2005 2019 2020 -1 2005 2004 2019 -1 1611 2020 2019 -1 1611 2019 1609 -1 1611 1605 2020 -1 1605 2017 2020 -1 2017 2000 2020 -1 2000 2005 2020 -1 2009 2021 2022 -1 2009 2008 2021 -1 1615 2022 2021 -1 1615 2021 1613 -1 1615 1609 2022 -1 1609 2019 2022 -1 2019 2004 2022 -1 2004 2009 2022 -1 2012 1589 2023 -1 1589 1618 2023 -1 1618 1613 2023 -1 1613 2021 2023 -1 2021 2008 2023 -1 2008 2012 2023 -1 2024 2025 2026 -1 1626 1622 2025 -1 1626 2025 2024 -1 1626 2027 1625 -1 1626 2024 2027 -1 2024 2028 2027 -1 2024 2029 2028 -1 2024 2026 2029 -1 2030 2031 2032 -1 1631 1629 2031 -1 1631 2031 2030 -1 1631 2030 1622 -1 1622 2030 2025 -1 2025 2033 2026 -1 2025 2030 2033 -1 2030 2032 2033 -1 2034 2035 2036 -1 1635 1634 2035 -1 1635 2035 2034 -1 1635 2034 1629 -1 1629 2034 2031 -1 2031 2037 2032 -1 2031 2034 2037 -1 2034 2036 2037 -1 2038 2039 2040 -1 1640 1638 2039 -1 1640 2039 2038 -1 1640 2038 1634 -1 1634 2038 2035 -1 2035 2041 2036 -1 2035 2038 2041 -1 2038 2040 2041 -1 1638 1641 2042 -1 1638 2042 2043 -1 1638 2043 2039 -1 2039 2043 2040 -1 2044 2045 2046 -1 1647 1644 2045 -1 1647 2045 2044 -1 1647 2047 1646 -1 1647 2044 2047 -1 2044 2048 2047 -1 2044 2049 2048 -1 2044 2046 2049 -1 2027 2050 1625 -1 1625 2050 1650 -1 1650 2050 1644 -1 1644 2050 2045 -1 2045 2051 2046 -1 2045 2050 2051 -1 2027 2028 2051 -1 2027 2051 2050 -1 2042 1641 2052 -1 2042 2052 2053 -1 1641 1655 2052 -1 2042 2053 2043 -1 1655 1657 2054 -1 1655 2054 2055 -1 1655 2055 2052 -1 2052 2055 2053 -1 2056 2057 2058 -1 1664 1660 2057 -1 1664 2057 2056 -1 1664 2059 1663 -1 1664 2056 2059 -1 2056 2060 2059 -1 2056 2061 2060 -1 2056 2058 2061 -1 2047 2062 1646 -1 1646 2062 1667 -1 1667 2062 1660 -1 1660 2062 2057 -1 2057 2063 2058 -1 2057 2062 2063 -1 2047 2048 2063 -1 2047 2063 2062 -1 2054 1657 2064 -1 2054 2064 2065 -1 1657 1669 2064 -1 2054 2065 2055 -1 1669 1671 2066 -1 1669 2066 2067 -1 1669 2067 2064 -1 2064 2067 2065 -1 2059 2068 1663 -1 1663 2068 1676 -1 1676 2069 1675 -1 1676 2068 2069 -1 2068 2070 2069 -1 2068 2071 2070 -1 2059 2060 2071 -1 2059 2071 2068 -1 2066 1671 2072 -1 1671 1681 2072 -1 1681 2073 2072 -1 1681 1680 2073 -1 2072 2073 2074 -1 2072 2074 2075 -1 2066 2072 2075 -1 2066 2075 2067 -1 2069 2076 1675 -1 1675 2076 1685 -1 1685 2077 1684 -1 1685 2076 2077 -1 2076 2078 2077 -1 2076 2079 2078 -1 2069 2070 2079 -1 2069 2079 2076 -1 2073 1680 2080 -1 1680 1689 2080 -1 1689 2081 2080 -1 1689 1688 2081 -1 2080 2081 2082 -1 2080 2082 2083 -1 2073 2080 2083 -1 2073 2083 2074 -1 2077 2084 1684 -1 1684 2084 1693 -1 1693 2085 1692 -1 1693 2084 2085 -1 2084 2086 2085 -1 2084 2087 2086 -1 2077 2078 2087 -1 2077 2087 2084 -1 2081 1688 2088 -1 1688 1697 2088 -1 1697 2089 2088 -1 1697 1696 2089 -1 2088 2089 2090 -1 2088 2090 2091 -1 2081 2088 2091 -1 2081 2091 2082 -1 2085 2092 1692 -1 1692 2092 1701 -1 1701 2093 1700 -1 1701 2092 2093 -1 2092 2094 2093 -1 2092 2095 2094 -1 2085 2086 2095 -1 2085 2095 2092 -1 2089 1696 2096 -1 1696 1705 2096 -1 1705 2097 2096 -1 1705 1704 2097 -1 2096 2097 2098 -1 2096 2098 2099 -1 2089 2096 2099 -1 2089 2099 2090 -1 2093 2100 1700 -1 1700 2100 1710 -1 1710 2101 1709 -1 1710 2100 2101 -1 2100 2102 2101 -1 2100 2103 2102 -1 2093 2094 2103 -1 2093 2103 2100 -1 2097 1704 2104 -1 2097 2104 2105 -1 1704 1713 2104 -1 2097 2105 2098 -1 1713 1715 2106 -1 1713 2106 2107 -1 1713 2107 2104 -1 2104 2107 2105 -1 2101 2108 1709 -1 1709 2108 1721 -1 1721 2109 1720 -1 1721 2108 2109 -1 2108 2110 2109 -1 2108 2111 2110 -1 2101 2102 2111 -1 2101 2111 2108 -1 2106 1715 2112 -1 1715 1727 2112 -1 1727 2113 2112 -1 1727 1726 2113 -1 2112 2113 2114 -1 2112 2114 2115 -1 2106 2112 2115 -1 2106 2115 2107 -1 2109 2116 1720 -1 1720 2116 1733 -1 1733 2117 1732 -1 1733 2116 2117 -1 2116 2118 2117 -1 2116 2119 2118 -1 2109 2110 2119 -1 2109 2119 2116 -1 2113 1726 2120 -1 1726 1739 2120 -1 1739 2121 2120 -1 1739 1738 2121 -1 2120 2121 2122 -1 2120 2122 2123 -1 2113 2120 2123 -1 2113 2123 2114 -1 2117 2124 1732 -1 1732 2124 1744 -1 1744 2125 1743 -1 1744 2124 2125 -1 2124 2126 2125 -1 2124 2127 2126 -1 2117 2118 2127 -1 2117 2127 2124 -1 2121 1738 2128 -1 1738 1749 2128 -1 1749 2129 2128 -1 1749 1748 2129 -1 2128 2129 2130 -1 2128 2130 2131 -1 2121 2128 2131 -1 2121 2131 2122 -1 2125 2132 1743 -1 1743 2132 1753 -1 1753 2133 1752 -1 1753 2132 2133 -1 2132 2134 2133 -1 2132 2135 2134 -1 2125 2126 2135 -1 2125 2135 2132 -1 2129 1748 2136 -1 1748 2137 2136 -1 1748 1755 2137 -1 2136 2137 2138 -1 2136 2138 2139 -1 2136 2139 2140 -1 2129 2136 2140 -1 2129 2140 2130 -1 1755 1757 2141 -1 1755 2141 2137 -1 2133 2142 1752 -1 1752 2142 1761 -1 1761 2143 1760 -1 1761 2142 2143 -1 2142 2144 2143 -1 2142 2145 2144 -1 2133 2134 2145 -1 2133 2145 2142 -1 2138 2137 2146 -1 2138 2146 2139 -1 2141 1757 2147 -1 1757 1765 2147 -1 1765 2148 2147 -1 1765 1764 2148 -1 2147 2148 2149 -1 2137 2147 2149 -1 2137 2149 2146 -1 2137 2141 2147 -1 2143 2150 1760 -1 1760 2150 1769 -1 1769 2151 1768 -1 1769 2150 2151 -1 2150 2152 2151 -1 2150 2153 2152 -1 2143 2144 2153 -1 2143 2153 2150 -1 2148 1764 2154 -1 1764 1773 2154 -1 1773 2155 2154 -1 1773 1772 2155 -1 2154 2155 2156 -1 2154 2156 2157 -1 2148 2154 2157 -1 2148 2157 2149 -1 2151 2158 1768 -1 1768 2158 1777 -1 1777 2159 1776 -1 1777 2158 2159 -1 2158 2160 2159 -1 2158 2161 2160 -1 2151 2152 2161 -1 2151 2161 2158 -1 2155 1772 2162 -1 1772 1781 2162 -1 1781 2163 2162 -1 1781 1780 2163 -1 2162 2163 2164 -1 2162 2164 2165 -1 2155 2162 2165 -1 2155 2165 2156 -1 2159 2166 1776 -1 1776 2166 1785 -1 1785 2167 1784 -1 1785 2166 2167 -1 2166 2168 2167 -1 2166 2169 2168 -1 2159 2160 2169 -1 2159 2169 2166 -1 2170 2171 2172 -1 2170 2172 2173 -1 2170 2173 2174 -1 2170 2174 2175 -1 2170 2175 2176 -1 2170 2176 2171 -1 2163 1780 2177 -1 1780 1789 2177 -1 1789 2178 2177 -1 1789 1788 2178 -1 2172 2177 2178 -1 2172 2178 2173 -1 2172 2179 2177 -1 2172 2171 2179 -1 2163 2177 2179 -1 2163 2179 2164 -1 2167 2180 1784 -1 1784 2180 1793 -1 1793 2181 1792 -1 1793 2180 2181 -1 2180 2182 2181 -1 2180 2183 2182 -1 2167 2168 2183 -1 2167 2183 2180 -1 2174 2184 2185 -1 2174 2173 2184 -1 1798 2185 2184 -1 1798 2184 1795 -1 1798 2186 2185 -1 1798 1797 2186 -1 2185 2186 2187 -1 2185 2187 2188 -1 2174 2185 2188 -1 2174 2188 2175 -1 2178 1788 2189 -1 1788 1799 2189 -1 1799 1795 2189 -1 1795 2184 2189 -1 2184 2173 2189 -1 2173 2178 2189 -1 2181 2190 1792 -1 1792 2190 1803 -1 1803 2191 1802 -1 1803 2190 2191 -1 2190 2192 2191 -1 2190 2193 2192 -1 2181 2182 2193 -1 2181 2193 2190 -1 2186 1797 2194 -1 1797 1807 2194 -1 1807 2195 2194 -1 1807 1806 2195 -1 2194 2195 2196 -1 2194 2196 2197 -1 2186 2194 2197 -1 2186 2197 2187 -1 2191 2198 2199 -1 2191 2199 1802 -1 1802 2199 2200 -1 1802 2200 1811 -1 1811 2200 1810 -1 2191 2192 2198 -1 2199 2201 2200 -1 2199 2198 2201 -1 2195 1806 2202 -1 1806 1815 2202 -1 1815 2203 2202 -1 1815 1814 2203 -1 2202 2203 2204 -1 2202 2204 2205 -1 2195 2202 2205 -1 2195 2205 2196 -1 1810 2200 2206 -1 1810 2206 2207 -1 1810 2207 1819 -1 1819 2207 1818 -1 2206 2208 2207 -1 2206 2200 2209 -1 2206 2209 2208 -1 2200 2201 2209 -1 2203 1814 2210 -1 1814 2211 2210 -1 1814 1821 2211 -1 2210 2211 2212 -1 2210 2212 2213 -1 2210 2213 2214 -1 2203 2210 2214 -1 2203 2214 2204 -1 1821 1823 2215 -1 1821 2215 2211 -1 1818 2207 2216 -1 1818 2216 2217 -1 1818 2217 1827 -1 1827 2217 1826 -1 2216 2218 2217 -1 2216 2207 2219 -1 2216 2219 2218 -1 2207 2208 2219 -1 2212 2220 2221 -1 2212 2211 2220 -1 2221 2220 2222 -1 2221 2222 2223 -1 2221 2223 2224 -1 2221 2224 2225 -1 2212 2221 2225 -1 2212 2225 2213 -1 2215 1823 2226 -1 1823 1831 2226 -1 1831 2227 2226 -1 1831 1830 2227 -1 2220 2226 2227 -1 2220 2227 2222 -1 2220 2211 2226 -1 2211 2215 2226 -1 1837 1834 2228 -1 1837 2228 1836 -1 1826 2217 2229 -1 1826 2229 2230 -1 1826 2230 1839 -1 1839 2230 2231 -1 1839 2231 1834 -1 1834 2231 2228 -1 2229 2232 2230 -1 2229 2217 2233 -1 2229 2233 2232 -1 2217 2218 2233 -1 2223 2234 2235 -1 2223 2222 2234 -1 2235 2234 2236 -1 2235 2236 2237 -1 2235 2237 2238 -1 2235 2238 2239 -1 2223 2235 2239 -1 2223 2239 2224 -1 2227 1830 2240 -1 1830 2241 2240 -1 1830 1841 2241 -1 2240 2241 2242 -1 2234 2240 2242 -1 2234 2242 2236 -1 2234 2222 2240 -1 2222 2227 2240 -1 1841 1843 2243 -1 1841 2243 2241 -1 1836 2228 2244 -1 1836 2244 2245 -1 1836 2245 1847 -1 1847 2245 1846 -1 2231 2246 2247 -1 2231 2230 2246 -1 2247 2246 2248 -1 2247 2248 2249 -1 2244 2247 2249 -1 2244 2249 2245 -1 2244 2228 2247 -1 2228 2231 2247 -1 2246 2250 2248 -1 2246 2230 2251 -1 2246 2251 2250 -1 2230 2232 2251 -1 2237 2252 2253 -1 2237 2236 2252 -1 2253 2252 2254 -1 2253 2254 2255 -1 2253 2255 2256 -1 2253 2256 2257 -1 2237 2253 2257 -1 2237 2257 2238 -1 2242 2258 2259 -1 2242 2241 2258 -1 2259 2258 2260 -1 2259 2260 2261 -1 2252 2259 2261 -1 2252 2261 2254 -1 2252 2236 2259 -1 2236 2242 2259 -1 2243 1843 2262 -1 1843 1851 2262 -1 1851 2263 2262 -1 1851 1850 2263 -1 2258 2262 2263 -1 2258 2263 2260 -1 2258 2241 2262 -1 2241 2243 2262 -1 1846 2245 2264 -1 1846 2264 2265 -1 1846 2265 1855 -1 1855 2265 1854 -1 2249 2266 2267 -1 2249 2248 2266 -1 2267 2266 2268 -1 2267 2268 2269 -1 2264 2267 2269 -1 2264 2269 2265 -1 2264 2245 2267 -1 2245 2249 2267 -1 2266 2270 2268 -1 2266 2248 2271 -1 2266 2271 2270 -1 2248 2250 2271 -1 2255 2272 2273 -1 2255 2254 2272 -1 2273 2272 2274 -1 2273 2274 2275 -1 2273 2275 2276 -1 2273 2276 2277 -1 2255 2273 2277 -1 2255 2277 2256 -1 2261 2278 2279 -1 2261 2260 2278 -1 2279 2278 2280 -1 2279 2280 2281 -1 2272 2279 2281 -1 2272 2281 2274 -1 2272 2254 2279 -1 2254 2261 2279 -1 2263 1850 2282 -1 1850 1859 2282 -1 1859 2283 2282 -1 1859 1858 2283 -1 2278 2282 2283 -1 2278 2283 2280 -1 2278 2260 2282 -1 2260 2263 2282 -1 1854 2265 2284 -1 1854 2284 1860 -1 2269 2285 2286 -1 2269 2268 2285 -1 2286 2285 2287 -1 1860 2286 2287 -1 1860 2287 1863 -1 1860 2284 2286 -1 2284 2265 2286 -1 2265 2269 2286 -1 2285 2288 2287 -1 2285 2268 2289 -1 2285 2289 2288 -1 2268 2270 2289 -1 2275 2290 2291 -1 2275 2274 2290 -1 2291 2290 2292 -1 2291 2292 2293 -1 2291 2293 2294 -1 2291 2294 2295 -1 2275 2291 2295 -1 2275 2295 2276 -1 2281 2296 2297 -1 2281 2280 2296 -1 1870 2297 2296 -1 1870 2296 1865 -1 1870 2298 2297 -1 1870 1869 2298 -1 2290 2297 2298 -1 2290 2298 2292 -1 2290 2274 2297 -1 2274 2281 2297 -1 2283 1858 2299 -1 1858 1873 2299 -1 1873 1865 2299 -1 1865 2296 2299 -1 2296 2280 2299 -1 2280 2283 2299 -1 1863 2287 2300 -1 1863 2300 2301 -1 1863 2301 1877 -1 1877 2301 1876 -1 2302 2303 2304 -1 2302 2304 2305 -1 2302 2305 2306 -1 2300 2302 2306 -1 2300 2306 2301 -1 2300 2287 2302 -1 2287 2303 2302 -1 2287 2288 2303 -1 2304 2307 2305 -1 2304 2303 2307 -1 2308 2309 2310 -1 2308 2310 2311 -1 2308 2311 2312 -1 2308 2312 2313 -1 2308 2313 2314 -1 2308 2314 2309 -1 2293 2315 2316 -1 2293 2292 2315 -1 2316 2315 2317 -1 2316 2317 2318 -1 2310 2316 2318 -1 2310 2318 2311 -1 2310 2319 2316 -1 2310 2309 2319 -1 2293 2316 2319 -1 2293 2319 2294 -1 2298 1869 2320 -1 1869 1882 2320 -1 1882 2321 2320 -1 1882 1881 2321 -1 2315 2320 2321 -1 2315 2321 2317 -1 2315 2292 2320 -1 2292 2298 2320 -1 1876 2301 2322 -1 1876 2322 1884 -1 2306 2323 2324 -1 2306 2305 2323 -1 2324 2323 2325 -1 1884 2324 2325 -1 1884 2325 1887 -1 1884 2322 2324 -1 2322 2301 2324 -1 2301 2306 2324 -1 2326 2327 2328 -1 2326 2328 2329 -1 2326 2329 2330 -1 2323 2326 2330 -1 2323 2330 2325 -1 2323 2305 2326 -1 2305 2327 2326 -1 2305 2307 2327 -1 2328 2331 2329 -1 2328 2327 2331 -1 2332 2333 2334 -1 2332 2334 2335 -1 2332 2335 2336 -1 2332 2336 2337 -1 2332 2337 2338 -1 2332 2338 2333 -1 2312 2339 2340 -1 2312 2311 2339 -1 2340 2339 2341 -1 2340 2341 2342 -1 2334 2340 2342 -1 2334 2342 2335 -1 2334 2343 2340 -1 2334 2333 2343 -1 2312 2340 2343 -1 2312 2343 2313 -1 2318 2344 2345 -1 2318 2317 2344 -1 1894 2345 2344 -1 1894 2344 1889 -1 1894 2346 2345 -1 1894 1893 2346 -1 2339 2345 2346 -1 2339 2346 2341 -1 2339 2311 2345 -1 2311 2318 2345 -1 2321 1881 2347 -1 1881 1897 2347 -1 1897 1889 2347 -1 1889 2344 2347 -1 2344 2317 2347 -1 2317 2321 2347 -1 1887 2325 2348 -1 1887 2348 2349 -1 1887 2349 1901 -1 1901 2349 1900 -1 2330 2350 2351 -1 2330 2329 2350 -1 2351 2350 2352 -1 2351 2352 2353 -1 2348 2351 2353 -1 2348 2353 2349 -1 2348 2325 2351 -1 2325 2330 2351 -1 2354 2355 2356 -1 2354 2356 2357 -1 2354 2357 2358 -1 2350 2354 2358 -1 2350 2358 2352 -1 2350 2329 2354 -1 2329 2355 2354 -1 2329 2331 2355 -1 2359 2360 2361 -1 2359 2361 2362 -1 2359 2362 2363 -1 2356 2359 2363 -1 2356 2363 2357 -1 2356 2364 2359 -1 2356 2355 2364 -1 2359 2364 2360 -1 2365 2366 2367 -1 2365 2367 2368 -1 2365 2368 2369 -1 2361 2365 2369 -1 2361 2369 2362 -1 2361 2370 2365 -1 2361 2360 2370 -1 2365 2370 2366 -1 2371 2372 2373 -1 2371 2373 2374 -1 2371 2374 2375 -1 2367 2371 2375 -1 2367 2375 2368 -1 2367 2376 2371 -1 2367 2366 2376 -1 2371 2376 2372 -1 2336 2377 2378 -1 2336 2335 2377 -1 2378 2377 2379 -1 2378 2379 2380 -1 2373 2378 2380 -1 2373 2380 2374 -1 2373 2381 2378 -1 2373 2372 2381 -1 2336 2378 2381 -1 2336 2381 2337 -1 2342 2382 2383 -1 2342 2341 2382 -1 1908 2383 2382 -1 1908 2382 1903 -1 1908 2384 2383 -1 1908 1907 2384 -1 2377 2383 2384 -1 2377 2384 2379 -1 2377 2335 2383 -1 2335 2342 2383 -1 2346 1893 2385 -1 1893 1912 2385 -1 1912 1903 2385 -1 1903 2382 2385 -1 2382 2341 2385 -1 2341 2346 2385 -1 1900 2349 2386 -1 1900 2386 1917 -1 2353 2387 2388 -1 2353 2352 2387 -1 1926 2388 2387 -1 1926 2387 1922 -1 1926 1917 2388 -1 1917 2386 2388 -1 2386 2349 2388 -1 2349 2353 2388 -1 2358 2389 2390 -1 2358 2357 2389 -1 2390 2389 2391 -1 1922 2390 2391 -1 1922 2391 1927 -1 1922 2387 2390 -1 2387 2352 2390 -1 2352 2358 2390 -1 2363 2392 2393 -1 2363 2362 2392 -1 2393 2392 2394 -1 2393 2394 2395 -1 2389 2393 2395 -1 2389 2395 2391 -1 2389 2357 2393 -1 2357 2363 2393 -1 2369 2396 2397 -1 2369 2368 2396 -1 2397 2396 2398 -1 2397 2398 2399 -1 2392 2397 2399 -1 2392 2399 2394 -1 2392 2362 2397 -1 2362 2369 2397 -1 2375 2400 2401 -1 2375 2374 2400 -1 1934 2401 2400 -1 1934 2400 1929 -1 1934 2402 2401 -1 1934 1933 2402 -1 2396 2401 2402 -1 2396 2402 2398 -1 2396 2368 2401 -1 2368 2375 2401 -1 2380 2403 2404 -1 2380 2379 2403 -1 1940 2404 2403 -1 1940 2403 1936 -1 1940 1929 2404 -1 1929 2400 2404 -1 2400 2374 2404 -1 2374 2380 2404 -1 2384 1907 2405 -1 1907 1945 2405 -1 1945 1936 2405 -1 1936 2403 2405 -1 2403 2379 2405 -1 2379 2384 2405 -1 1927 2391 2406 -1 1927 2406 1959 -1 2395 2407 2408 -1 2395 2394 2407 -1 1968 2408 2407 -1 1968 2407 1964 -1 1968 1959 2408 -1 1959 2406 2408 -1 2406 2391 2408 -1 2391 2395 2408 -1 2399 2409 2410 -1 2399 2398 2409 -1 1974 2410 2409 -1 1974 2409 1970 -1 1974 1964 2410 -1 1964 2407 2410 -1 2407 2394 2410 -1 2394 2399 2410 -1 2402 1933 2411 -1 1933 1979 2411 -1 1979 1970 2411 -1 1970 2409 2411 -1 2409 2398 2411 -1 2398 2402 2411 -1 2412 2413 2414 -1 2029 2026 2413 -1 2029 2413 2412 -1 2029 2415 2028 -1 2029 2412 2415 -1 2412 2416 2415 -1 2412 2417 2416 -1 2412 2414 2417 -1 2418 2419 2420 -1 2033 2032 2419 -1 2033 2419 2418 -1 2033 2418 2026 -1 2026 2418 2413 -1 2413 2421 2414 -1 2413 2418 2421 -1 2418 2420 2421 -1 2422 2423 2424 -1 2037 2036 2423 -1 2037 2423 2422 -1 2037 2422 2032 -1 2032 2422 2419 -1 2419 2425 2420 -1 2419 2422 2425 -1 2422 2424 2425 -1 2426 2427 2428 -1 2041 2040 2427 -1 2041 2427 2426 -1 2041 2426 2036 -1 2036 2426 2423 -1 2423 2429 2424 -1 2423 2426 2429 -1 2426 2428 2429 -1 2040 2043 2430 -1 2040 2430 2431 -1 2040 2431 2427 -1 2427 2431 2428 -1 2432 2433 2434 -1 2049 2046 2433 -1 2049 2433 2432 -1 2049 2435 2048 -1 2049 2432 2435 -1 2432 2436 2435 -1 2432 2437 2436 -1 2432 2434 2437 -1 2415 2438 2028 -1 2028 2438 2051 -1 2051 2438 2046 -1 2046 2438 2433 -1 2433 2439 2434 -1 2433 2438 2439 -1 2415 2416 2439 -1 2415 2439 2438 -1 2430 2043 2440 -1 2430 2440 2441 -1 2043 2053 2440 -1 2430 2441 2431 -1 2053 2055 2442 -1 2053 2442 2443 -1 2053 2443 2440 -1 2440 2443 2441 -1 2061 2058 2444 -1 2061 2444 2060 -1 2435 2445 2048 -1 2048 2445 2063 -1 2063 2445 2058 -1 2058 2446 2444 -1 2058 2445 2446 -1 2445 2447 2446 -1 2435 2436 2447 -1 2435 2447 2445 -1 2442 2055 2448 -1 2055 2449 2448 -1 2055 2065 2449 -1 2448 2449 2450 -1 2448 2450 2451 -1 2448 2451 2452 -1 2442 2448 2452 -1 2442 2452 2443 -1 2065 2067 2453 -1 2065 2453 2449 -1 2060 2444 2454 -1 2060 2454 2455 -1 2060 2455 2071 -1 2071 2456 2070 -1 2071 2455 2456 -1 2455 2457 2456 -1 2455 2458 2457 -1 2455 2454 2458 -1 2444 2459 2454 -1 2444 2446 2459 -1 2450 2449 2460 -1 2450 2460 2451 -1 2453 2067 2461 -1 2067 2075 2461 -1 2075 2462 2461 -1 2075 2074 2462 -1 2461 2462 2463 -1 2449 2461 2463 -1 2449 2463 2460 -1 2449 2453 2461 -1 2456 2464 2070 -1 2070 2464 2079 -1 2079 2465 2078 -1 2079 2464 2465 -1 2464 2466 2465 -1 2464 2467 2466 -1 2456 2457 2467 -1 2456 2467 2464 -1 2462 2074 2468 -1 2074 2083 2468 -1 2083 2469 2468 -1 2083 2082 2469 -1 2468 2469 2470 -1 2468 2470 2471 -1 2462 2468 2471 -1 2462 2471 2463 -1 2465 2472 2078 -1 2078 2472 2087 -1 2087 2473 2086 -1 2087 2472 2473 -1 2472 2474 2473 -1 2472 2475 2474 -1 2465 2466 2475 -1 2465 2475 2472 -1 2469 2082 2476 -1 2082 2091 2476 -1 2091 2477 2476 -1 2091 2090 2477 -1 2476 2477 2478 -1 2476 2478 2479 -1 2469 2476 2479 -1 2469 2479 2470 -1 2473 2480 2086 -1 2086 2480 2095 -1 2095 2481 2094 -1 2095 2480 2481 -1 2480 2482 2481 -1 2480 2483 2482 -1 2473 2474 2483 -1 2473 2483 2480 -1 2477 2090 2484 -1 2090 2099 2484 -1 2099 2485 2484 -1 2099 2098 2485 -1 2484 2485 2486 -1 2484 2486 2487 -1 2477 2484 2487 -1 2477 2487 2478 -1 2481 2488 2489 -1 2481 2489 2094 -1 2094 2489 2490 -1 2094 2490 2103 -1 2103 2490 2102 -1 2481 2482 2488 -1 2489 2491 2490 -1 2489 2488 2491 -1 2485 2098 2492 -1 2098 2493 2492 -1 2098 2105 2493 -1 2492 2493 2494 -1 2492 2494 2495 -1 2492 2495 2496 -1 2485 2492 2496 -1 2485 2496 2486 -1 2105 2107 2497 -1 2105 2497 2493 -1 2102 2490 2498 -1 2102 2498 2499 -1 2102 2499 2111 -1 2111 2499 2110 -1 2498 2500 2499 -1 2498 2490 2501 -1 2498 2501 2500 -1 2490 2491 2501 -1 2494 2502 2503 -1 2494 2493 2502 -1 2503 2502 2504 -1 2503 2504 2505 -1 2503 2505 2506 -1 2503 2506 2507 -1 2494 2503 2507 -1 2494 2507 2495 -1 2497 2107 2508 -1 2107 2115 2508 -1 2115 2509 2508 -1 2115 2114 2509 -1 2502 2508 2509 -1 2502 2509 2504 -1 2502 2493 2508 -1 2493 2497 2508 -1 2110 2499 2510 -1 2110 2510 2511 -1 2110 2511 2119 -1 2119 2511 2118 -1 2510 2512 2511 -1 2510 2499 2513 -1 2510 2513 2512 -1 2499 2500 2513 -1 2505 2514 2515 -1 2505 2504 2514 -1 2515 2514 2516 -1 2515 2516 2517 -1 2515 2517 2518 -1 2515 2518 2519 -1 2505 2515 2519 -1 2505 2519 2506 -1 2509 2114 2520 -1 2114 2123 2520 -1 2123 2521 2520 -1 2123 2122 2521 -1 2514 2520 2521 -1 2514 2521 2516 -1 2514 2504 2520 -1 2504 2509 2520 -1 2118 2511 2522 -1 2118 2522 2523 -1 2118 2523 2127 -1 2127 2523 2126 -1 2522 2524 2523 -1 2522 2511 2525 -1 2522 2525 2524 -1 2511 2512 2525 -1 2517 2516 2526 -1 2517 2526 2518 -1 2521 2122 2527 -1 2122 2131 2527 -1 2131 2528 2527 -1 2131 2130 2528 -1 2527 2528 2529 -1 2516 2527 2529 -1 2516 2529 2526 -1 2516 2521 2527 -1 2126 2523 2530 -1 2126 2530 2531 -1 2126 2531 2135 -1 2135 2531 2134 -1 2530 2532 2531 -1 2530 2523 2533 -1 2530 2533 2532 -1 2523 2524 2533 -1 2528 2130 2534 -1 2130 2140 2534 -1 2140 2535 2534 -1 2140 2139 2535 -1 2534 2535 2536 -1 2534 2536 2537 -1 2528 2534 2537 -1 2528 2537 2529 -1 2134 2531 2538 -1 2134 2538 2539 -1 2134 2539 2145 -1 2145 2540 2144 -1 2145 2539 2540 -1 2539 2541 2540 -1 2539 2542 2541 -1 2539 2538 2542 -1 2531 2543 2538 -1 2531 2532 2543 -1 2535 2139 2544 -1 2139 2545 2544 -1 2139 2146 2545 -1 2544 2545 2546 -1 2544 2546 2547 -1 2544 2547 2548 -1 2535 2544 2548 -1 2535 2548 2536 -1 2146 2149 2549 -1 2146 2549 2545 -1 2540 2550 2144 -1 2144 2550 2153 -1 2153 2551 2152 -1 2153 2550 2551 -1 2550 2552 2551 -1 2550 2553 2552 -1 2540 2541 2553 -1 2540 2553 2550 -1 2546 2554 2555 -1 2546 2545 2554 -1 2555 2554 2556 -1 2555 2556 2557 -1 2555 2557 2558 -1 2555 2558 2559 -1 2546 2555 2559 -1 2546 2559 2547 -1 2549 2149 2560 -1 2149 2157 2560 -1 2157 2561 2560 -1 2157 2156 2561 -1 2554 2560 2561 -1 2554 2561 2556 -1 2554 2545 2560 -1 2545 2549 2560 -1 2551 2562 2152 -1 2152 2562 2161 -1 2161 2563 2160 -1 2161 2562 2563 -1 2562 2564 2563 -1 2562 2565 2564 -1 2551 2552 2565 -1 2551 2565 2562 -1 2557 2566 2567 -1 2557 2556 2566 -1 2567 2566 2568 -1 2567 2568 2569 -1 2567 2569 2570 -1 2567 2570 2571 -1 2557 2567 2571 -1 2557 2571 2558 -1 2561 2156 2572 -1 2156 2165 2572 -1 2165 2573 2572 -1 2165 2164 2573 -1 2566 2572 2573 -1 2566 2573 2568 -1 2566 2556 2572 -1 2556 2561 2572 -1 2563 2574 2575 -1 2563 2575 2160 -1 2160 2575 2576 -1 2160 2576 2169 -1 2169 2576 2168 -1 2563 2564 2574 -1 2575 2577 2576 -1 2575 2574 2577 -1 2569 2578 2579 -1 2569 2568 2578 -1 2176 2579 2578 -1 2176 2578 2171 -1 2176 2580 2579 -1 2176 2175 2580 -1 2579 2580 2581 -1 2579 2581 2582 -1 2569 2579 2582 -1 2569 2582 2570 -1 2573 2164 2583 -1 2164 2179 2583 -1 2179 2171 2583 -1 2171 2578 2583 -1 2578 2568 2583 -1 2568 2573 2583 -1 2168 2576 2584 -1 2168 2584 2585 -1 2168 2585 2183 -1 2183 2585 2182 -1 2584 2586 2585 -1 2584 2576 2587 -1 2584 2587 2586 -1 2576 2577 2587 -1 2580 2175 2588 -1 2175 2188 2588 -1 2188 2589 2588 -1 2188 2187 2589 -1 2588 2589 2590 -1 2588 2590 2591 -1 2580 2588 2591 -1 2580 2591 2581 -1 2182 2585 2592 -1 2182 2592 2593 -1 2182 2593 2193 -1 2193 2593 2192 -1 2592 2594 2593 -1 2592 2585 2595 -1 2592 2595 2594 -1 2585 2586 2595 -1 2596 2597 2598 -1 2596 2598 2599 -1 2596 2599 2600 -1 2596 2600 2601 -1 2596 2601 2602 -1 2596 2602 2597 -1 2589 2187 2603 -1 2187 2197 2603 -1 2197 2604 2603 -1 2197 2196 2604 -1 2598 2603 2604 -1 2598 2604 2599 -1 2598 2605 2603 -1 2598 2597 2605 -1 2589 2603 2605 -1 2589 2605 2590 -1 2192 2593 2606 -1 2192 2606 2198 -1 2198 2607 2201 -1 2198 2606 2608 -1 2198 2608 2607 -1 2606 2593 2609 -1 2606 2609 2608 -1 2593 2594 2609 -1 2600 2610 2611 -1 2600 2599 2610 -1 2611 2610 2612 -1 2611 2612 2613 -1 2611 2613 2614 -1 2611 2614 2615 -1 2600 2611 2615 -1 2600 2615 2601 -1 2604 2196 2616 -1 2196 2205 2616 -1 2205 2617 2616 -1 2205 2204 2617 -1 2610 2616 2617 -1 2610 2617 2612 -1 2610 2599 2616 -1 2599 2604 2616 -1 2607 2618 2619 -1 2607 2619 2201 -1 2201 2619 2620 -1 2201 2620 2209 -1 2209 2620 2208 -1 2607 2608 2618 -1 2619 2621 2620 -1 2619 2618 2621 -1 2613 2622 2623 -1 2613 2612 2622 -1 2623 2622 2624 -1 2623 2624 2625 -1 2623 2625 2626 -1 2623 2626 2627 -1 2613 2623 2627 -1 2613 2627 2614 -1 2617 2204 2628 -1 2204 2214 2628 -1 2214 2629 2628 -1 2214 2213 2629 -1 2622 2628 2629 -1 2622 2629 2624 -1 2622 2612 2628 -1 2612 2617 2628 -1 2208 2620 2630 -1 2208 2630 2631 -1 2208 2631 2219 -1 2219 2631 2218 -1 2630 2632 2631 -1 2630 2620 2633 -1 2630 2633 2632 -1 2620 2621 2633 -1 2625 2634 2635 -1 2625 2624 2634 -1 2635 2634 2636 -1 2635 2636 2637 -1 2635 2637 2638 -1 2635 2638 2639 -1 2625 2635 2639 -1 2625 2639 2626 -1 2629 2213 2640 -1 2213 2225 2640 -1 2225 2641 2640 -1 2225 2224 2641 -1 2634 2640 2641 -1 2634 2641 2636 -1 2634 2624 2640 -1 2624 2629 2640 -1 2218 2631 2642 -1 2218 2642 2643 -1 2218 2643 2233 -1 2233 2643 2232 -1 2644 2645 2646 -1 2644 2646 2647 -1 2644 2647 2648 -1 2642 2644 2648 -1 2642 2648 2643 -1 2642 2631 2644 -1 2631 2645 2644 -1 2631 2632 2645 -1 2646 2649 2647 -1 2646 2645 2649 -1 2650 2651 2652 -1 2650 2652 2653 -1 2650 2653 2654 -1 2650 2654 2655 -1 2650 2655 2656 -1 2650 2656 2651 -1 2637 2657 2658 -1 2637 2636 2657 -1 2658 2657 2659 -1 2658 2659 2660 -1 2652 2658 2660 -1 2652 2660 2653 -1 2652 2661 2658 -1 2652 2651 2661 -1 2637 2658 2661 -1 2637 2661 2638 -1 2641 2224 2662 -1 2224 2239 2662 -1 2239 2663 2662 -1 2239 2238 2663 -1 2657 2662 2663 -1 2657 2663 2659 -1 2657 2636 2662 -1 2636 2641 2662 -1 2232 2643 2664 -1 2232 2664 2665 -1 2232 2665 2251 -1 2251 2665 2250 -1 2648 2666 2667 -1 2648 2647 2666 -1 2667 2666 2668 -1 2667 2668 2669 -1 2664 2667 2669 -1 2664 2669 2665 -1 2664 2643 2667 -1 2643 2648 2667 -1 2666 2670 2668 -1 2666 2647 2671 -1 2666 2671 2670 -1 2647 2649 2671 -1 2672 2673 2674 -1 2672 2674 2675 -1 2672 2675 2676 -1 2672 2676 2677 -1 2672 2677 2678 -1 2672 2678 2673 -1 2654 2679 2680 -1 2654 2653 2679 -1 2680 2679 2681 -1 2680 2681 2682 -1 2674 2680 2682 -1 2674 2682 2675 -1 2674 2683 2680 -1 2674 2673 2683 -1 2654 2680 2683 -1 2654 2683 2655 -1 2660 2684 2685 -1 2660 2659 2684 -1 2685 2684 2686 -1 2685 2686 2687 -1 2679 2685 2687 -1 2679 2687 2681 -1 2679 2653 2685 -1 2653 2660 2685 -1 2663 2238 2688 -1 2238 2257 2688 -1 2257 2689 2688 -1 2257 2256 2689 -1 2684 2688 2689 -1 2684 2689 2686 -1 2684 2659 2688 -1 2659 2663 2688 -1 2250 2665 2690 -1 2250 2690 2691 -1 2250 2691 2271 -1 2271 2691 2270 -1 2669 2692 2693 -1 2669 2668 2692 -1 2693 2692 2694 -1 2693 2694 2695 -1 2690 2693 2695 -1 2690 2695 2691 -1 2690 2665 2693 -1 2665 2669 2693 -1 2696 2697 2698 -1 2696 2698 2699 -1 2696 2699 2700 -1 2692 2696 2700 -1 2692 2700 2694 -1 2692 2668 2696 -1 2668 2697 2696 -1 2668 2670 2697 -1 2701 2702 2703 -1 2701 2703 2704 -1 2701 2704 2705 -1 2698 2701 2705 -1 2698 2705 2699 -1 2698 2706 2701 -1 2698 2697 2706 -1 2701 2706 2702 -1 2707 2708 2709 -1 2707 2709 2710 -1 2707 2710 2711 -1 2703 2707 2711 -1 2703 2711 2704 -1 2703 2712 2707 -1 2703 2702 2712 -1 2707 2712 2708 -1 2676 2713 2714 -1 2676 2675 2713 -1 2714 2713 2715 -1 2714 2715 2716 -1 2709 2714 2716 -1 2709 2716 2710 -1 2709 2717 2714 -1 2709 2708 2717 -1 2676 2714 2717 -1 2676 2717 2677 -1 2682 2718 2719 -1 2682 2681 2718 -1 2719 2718 2720 -1 2719 2720 2721 -1 2713 2719 2721 -1 2713 2721 2715 -1 2713 2675 2719 -1 2675 2682 2719 -1 2687 2722 2723 -1 2687 2686 2722 -1 2723 2722 2724 -1 2723 2724 2725 -1 2718 2723 2725 -1 2718 2725 2720 -1 2718 2681 2723 -1 2681 2687 2723 -1 2689 2256 2726 -1 2256 2277 2726 -1 2277 2727 2726 -1 2277 2276 2727 -1 2722 2726 2727 -1 2722 2727 2724 -1 2722 2686 2726 -1 2686 2689 2726 -1 2270 2691 2728 -1 2270 2728 2729 -1 2270 2729 2289 -1 2289 2729 2288 -1 2695 2730 2731 -1 2695 2694 2730 -1 2731 2730 2732 -1 2731 2732 2733 -1 2728 2731 2733 -1 2728 2733 2729 -1 2728 2691 2731 -1 2691 2695 2731 -1 2700 2734 2735 -1 2700 2699 2734 -1 2735 2734 2736 -1 2735 2736 2737 -1 2730 2735 2737 -1 2730 2737 2732 -1 2730 2694 2735 -1 2694 2700 2735 -1 2705 2738 2739 -1 2705 2704 2738 -1 2739 2738 2740 -1 2739 2740 2741 -1 2734 2739 2741 -1 2734 2741 2736 -1 2734 2699 2739 -1 2699 2705 2739 -1 2711 2742 2743 -1 2711 2710 2742 -1 2743 2742 2744 -1 2743 2744 2745 -1 2738 2743 2745 -1 2738 2745 2740 -1 2738 2704 2743 -1 2704 2711 2743 -1 2716 2746 2747 -1 2716 2715 2746 -1 2747 2746 2748 -1 2747 2748 2749 -1 2742 2747 2749 -1 2742 2749 2744 -1 2742 2710 2747 -1 2710 2716 2747 -1 2721 2750 2751 -1 2721 2720 2750 -1 2751 2750 2752 -1 2751 2752 2753 -1 2746 2751 2753 -1 2746 2753 2748 -1 2746 2715 2751 -1 2715 2721 2751 -1 2725 2754 2755 -1 2725 2724 2754 -1 2755 2754 2756 -1 2755 2756 2757 -1 2750 2755 2757 -1 2750 2757 2752 -1 2750 2720 2755 -1 2720 2725 2755 -1 2727 2276 2758 -1 2276 2295 2758 -1 2295 2759 2758 -1 2295 2294 2759 -1 2754 2758 2759 -1 2754 2759 2756 -1 2754 2724 2758 -1 2724 2727 2758 -1 2288 2729 2760 -1 2288 2760 2303 -1 2733 2761 2762 -1 2733 2732 2761 -1 2762 2761 2763 -1 2303 2762 2763 -1 2303 2763 2307 -1 2303 2760 2762 -1 2760 2729 2762 -1 2729 2733 2762 -1 2737 2764 2765 -1 2737 2736 2764 -1 2765 2764 2766 -1 2765 2766 2767 -1 2761 2765 2767 -1 2761 2767 2763 -1 2761 2732 2765 -1 2732 2737 2765 -1 2741 2768 2769 -1 2741 2740 2768 -1 2769 2768 2770 -1 2769 2770 2771 -1 2764 2769 2771 -1 2764 2771 2766 -1 2764 2736 2769 -1 2736 2741 2769 -1 2745 2772 2773 -1 2745 2744 2772 -1 2773 2772 2774 -1 2773 2774 2775 -1 2768 2773 2775 -1 2768 2775 2770 -1 2768 2740 2773 -1 2740 2745 2773 -1 2749 2776 2777 -1 2749 2748 2776 -1 2777 2776 2778 -1 2777 2778 2779 -1 2772 2777 2779 -1 2772 2779 2774 -1 2772 2744 2777 -1 2744 2749 2777 -1 2753 2780 2781 -1 2753 2752 2780 -1 2781 2780 2782 -1 2781 2782 2783 -1 2776 2781 2783 -1 2776 2783 2778 -1 2776 2748 2781 -1 2748 2753 2781 -1 2757 2784 2785 -1 2757 2756 2784 -1 2314 2785 2784 -1 2314 2784 2309 -1 2314 2786 2785 -1 2314 2313 2786 -1 2780 2785 2786 -1 2780 2786 2782 -1 2780 2752 2785 -1 2752 2757 2785 -1 2759 2294 2787 -1 2294 2319 2787 -1 2319 2309 2787 -1 2309 2784 2787 -1 2784 2756 2787 -1 2756 2759 2787 -1 2307 2763 2788 -1 2307 2788 2327 -1 2767 2789 2790 -1 2767 2766 2789 -1 2790 2789 2791 -1 2327 2790 2791 -1 2327 2791 2331 -1 2327 2788 2790 -1 2788 2763 2790 -1 2763 2767 2790 -1 2771 2792 2793 -1 2771 2770 2792 -1 2793 2792 2794 -1 2793 2794 2795 -1 2789 2793 2795 -1 2789 2795 2791 -1 2789 2766 2793 -1 2766 2771 2793 -1 2775 2796 2797 -1 2775 2774 2796 -1 2797 2796 2798 -1 2797 2798 2799 -1 2792 2797 2799 -1 2792 2799 2794 -1 2792 2770 2797 -1 2770 2775 2797 -1 2779 2800 2801 -1 2779 2778 2800 -1 2801 2800 2802 -1 2801 2802 2803 -1 2796 2801 2803 -1 2796 2803 2798 -1 2796 2774 2801 -1 2774 2779 2801 -1 2783 2804 2805 -1 2783 2782 2804 -1 2338 2805 2804 -1 2338 2804 2333 -1 2338 2806 2805 -1 2338 2337 2806 -1 2800 2805 2806 -1 2800 2806 2802 -1 2800 2778 2805 -1 2778 2783 2805 -1 2786 2313 2807 -1 2313 2343 2807 -1 2343 2333 2807 -1 2333 2804 2807 -1 2804 2782 2807 -1 2782 2786 2807 -1 2331 2791 2808 -1 2331 2808 2355 -1 2795 2809 2810 -1 2795 2794 2809 -1 2364 2810 2809 -1 2364 2809 2360 -1 2364 2355 2810 -1 2355 2808 2810 -1 2808 2791 2810 -1 2791 2795 2810 -1 2799 2811 2812 -1 2799 2798 2811 -1 2370 2812 2811 -1 2370 2811 2366 -1 2370 2360 2812 -1 2360 2809 2812 -1 2809 2794 2812 -1 2794 2799 2812 -1 2803 2813 2814 -1 2803 2802 2813 -1 2376 2814 2813 -1 2376 2813 2372 -1 2376 2366 2814 -1 2366 2811 2814 -1 2811 2798 2814 -1 2798 2803 2814 -1 2806 2337 2815 -1 2337 2381 2815 -1 2381 2372 2815 -1 2372 2813 2815 -1 2813 2802 2815 -1 2802 2806 2815 -1 2417 2414 2816 -1 2417 2816 2416 -1 2421 2420 2817 -1 2421 2817 2818 -1 2421 2818 2414 -1 2414 2818 2816 -1 2425 2424 2819 -1 2425 2819 2820 -1 2425 2820 2420 -1 2420 2820 2817 -1 2429 2428 2821 -1 2429 2821 2822 -1 2429 2822 2424 -1 2424 2822 2819 -1 2428 2431 2823 -1 2428 2823 2821 -1 2437 2434 2824 -1 2437 2824 2436 -1 2416 2816 2825 -1 2416 2825 2826 -1 2416 2826 2439 -1 2439 2826 2434 -1 2434 2827 2824 -1 2434 2826 2827 -1 2826 2828 2827 -1 2826 2825 2828 -1 2818 2817 2829 -1 2816 2830 2825 -1 2816 2818 2829 -1 2816 2829 2830 -1 2820 2819 2831 -1 2817 2832 2829 -1 2817 2820 2831 -1 2817 2831 2832 -1 2822 2821 2833 -1 2819 2834 2831 -1 2819 2822 2833 -1 2819 2833 2834 -1 2823 2431 2835 -1 2431 2836 2835 -1 2431 2441 2836 -1 2835 2836 2837 -1 2835 2837 2838 -1 2821 2835 2838 -1 2821 2838 2833 -1 2821 2823 2835 -1 2441 2443 2839 -1 2441 2839 2836 -1 2436 2824 2840 -1 2436 2840 2841 -1 2436 2841 2447 -1 2447 2842 2446 -1 2447 2841 2842 -1 2841 2843 2842 -1 2841 2844 2843 -1 2841 2840 2844 -1 2824 2845 2840 -1 2824 2827 2845 -1 2837 2836 2846 -1 2837 2846 2838 -1 2839 2443 2847 -1 2443 2452 2847 -1 2452 2848 2847 -1 2452 2451 2848 -1 2847 2848 2849 -1 2836 2847 2849 -1 2836 2849 2846 -1 2836 2839 2847 -1 2458 2454 2850 -1 2458 2850 2457 -1 2842 2851 2446 -1 2446 2851 2459 -1 2459 2851 2454 -1 2454 2852 2850 -1 2454 2851 2852 -1 2851 2853 2852 -1 2842 2843 2853 -1 2842 2853 2851 -1 2848 2451 2854 -1 2451 2855 2854 -1 2451 2460 2855 -1 2854 2855 2856 -1 2854 2856 2857 -1 2854 2857 2858 -1 2848 2854 2858 -1 2848 2858 2849 -1 2460 2463 2859 -1 2460 2859 2855 -1 2457 2850 2860 -1 2457 2860 2861 -1 2457 2861 2467 -1 2467 2861 2466 -1 2860 2862 2861 -1 2860 2850 2863 -1 2860 2863 2862 -1 2850 2852 2863 -1 2856 2864 2865 -1 2856 2855 2864 -1 2865 2864 2866 -1 2865 2866 2867 -1 2865 2867 2868 -1 2865 2868 2869 -1 2856 2865 2869 -1 2856 2869 2857 -1 2859 2463 2870 -1 2463 2471 2870 -1 2471 2871 2870 -1 2471 2470 2871 -1 2864 2870 2871 -1 2864 2871 2866 -1 2864 2855 2870 -1 2855 2859 2870 -1 2466 2861 2872 -1 2466 2872 2873 -1 2466 2873 2475 -1 2475 2873 2474 -1 2872 2874 2873 -1 2872 2861 2875 -1 2872 2875 2874 -1 2861 2862 2875 -1 2867 2876 2877 -1 2867 2866 2876 -1 2877 2876 2878 -1 2877 2878 2879 -1 2877 2879 2880 -1 2877 2880 2881 -1 2867 2877 2881 -1 2867 2881 2868 -1 2871 2470 2882 -1 2470 2479 2882 -1 2479 2883 2882 -1 2479 2478 2883 -1 2876 2882 2883 -1 2876 2883 2878 -1 2876 2866 2882 -1 2866 2871 2882 -1 2474 2873 2884 -1 2474 2884 2885 -1 2474 2885 2483 -1 2483 2885 2482 -1 2884 2886 2885 -1 2884 2873 2887 -1 2884 2887 2886 -1 2873 2874 2887 -1 2879 2888 2889 -1 2879 2878 2888 -1 2889 2888 2890 -1 2889 2890 2891 -1 2889 2891 2892 -1 2889 2892 2893 -1 2879 2889 2893 -1 2879 2893 2880 -1 2883 2478 2894 -1 2478 2487 2894 -1 2487 2895 2894 -1 2487 2486 2895 -1 2888 2894 2895 -1 2888 2895 2890 -1 2888 2878 2894 -1 2878 2883 2894 -1 2482 2885 2896 -1 2482 2896 2488 -1 2488 2897 2491 -1 2488 2896 2898 -1 2488 2898 2897 -1 2896 2885 2899 -1 2896 2899 2898 -1 2885 2886 2899 -1 2891 2900 2901 -1 2891 2890 2900 -1 2901 2900 2902 -1 2901 2902 2903 -1 2901 2903 2904 -1 2901 2904 2905 -1 2891 2901 2905 -1 2891 2905 2892 -1 2895 2486 2906 -1 2486 2496 2906 -1 2496 2907 2906 -1 2496 2495 2907 -1 2900 2906 2907 -1 2900 2907 2902 -1 2900 2890 2906 -1 2890 2895 2906 -1 2897 2908 2909 -1 2897 2909 2491 -1 2491 2909 2910 -1 2491 2910 2501 -1 2501 2910 2500 -1 2897 2898 2908 -1 2909 2911 2910 -1 2909 2908 2911 -1 2903 2912 2913 -1 2903 2902 2912 -1 2913 2912 2914 -1 2913 2914 2915 -1 2913 2915 2916 -1 2913 2916 2917 -1 2903 2913 2917 -1 2903 2917 2904 -1 2907 2495 2918 -1 2495 2507 2918 -1 2507 2919 2918 -1 2507 2506 2919 -1 2912 2918 2919 -1 2912 2919 2914 -1 2912 2902 2918 -1 2902 2907 2918 -1 2500 2910 2920 -1 2500 2920 2921 -1 2500 2921 2513 -1 2513 2921 2512 -1 2920 2922 2921 -1 2920 2910 2923 -1 2920 2923 2922 -1 2910 2911 2923 -1 2915 2924 2925 -1 2915 2914 2924 -1 2925 2924 2926 -1 2925 2926 2927 -1 2925 2927 2928 -1 2925 2928 2929 -1 2915 2925 2929 -1 2915 2929 2916 -1 2919 2506 2930 -1 2506 2519 2930 -1 2519 2931 2930 -1 2519 2518 2931 -1 2924 2930 2931 -1 2924 2931 2926 -1 2924 2914 2930 -1 2914 2919 2930 -1 2512 2921 2932 -1 2512 2932 2933 -1 2512 2933 2525 -1 2525 2933 2524 -1 2932 2934 2933 -1 2932 2921 2935 -1 2932 2935 2934 -1 2921 2922 2935 -1 2927 2936 2937 -1 2927 2926 2936 -1 2937 2936 2938 -1 2937 2938 2939 -1 2937 2939 2940 -1 2937 2940 2941 -1 2927 2937 2941 -1 2927 2941 2928 -1 2931 2518 2942 -1 2518 2943 2942 -1 2518 2526 2943 -1 2942 2943 2944 -1 2936 2942 2944 -1 2936 2944 2938 -1 2936 2926 2942 -1 2926 2931 2942 -1 2526 2529 2945 -1 2526 2945 2943 -1 2524 2933 2946 -1 2524 2946 2947 -1 2524 2947 2533 -1 2533 2947 2532 -1 2946 2948 2947 -1 2946 2933 2949 -1 2946 2949 2948 -1 2933 2934 2949 -1 2939 2938 2950 -1 2939 2950 2940 -1 2944 2951 2952 -1 2944 2943 2951 -1 2952 2951 2953 -1 2952 2953 2954 -1 2952 2954 2955 -1 2938 2952 2955 -1 2938 2955 2950 -1 2938 2944 2952 -1 2945 2529 2956 -1 2529 2537 2956 -1 2537 2957 2956 -1 2537 2536 2957 -1 2951 2956 2957 -1 2951 2957 2953 -1 2951 2943 2956 -1 2943 2945 2956 -1 2542 2538 2958 -1 2542 2958 2541 -1 2532 2947 2959 -1 2532 2959 2960 -1 2532 2960 2543 -1 2543 2960 2961 -1 2543 2961 2538 -1 2538 2961 2958 -1 2959 2962 2960 -1 2959 2947 2963 -1 2959 2963 2962 -1 2947 2948 2963 -1 2954 2964 2965 -1 2954 2953 2964 -1 2965 2964 2966 -1 2965 2966 2967 -1 2965 2967 2968 -1 2965 2968 2969 -1 2954 2965 2969 -1 2954 2969 2955 -1 2957 2536 2970 -1 2536 2548 2970 -1 2548 2971 2970 -1 2548 2547 2971 -1 2964 2970 2971 -1 2964 2971 2966 -1 2964 2953 2970 -1 2953 2957 2970 -1 2541 2958 2972 -1 2541 2972 2973 -1 2541 2973 2553 -1 2553 2973 2552 -1 2961 2974 2975 -1 2961 2960 2974 -1 2975 2974 2976 -1 2975 2976 2977 -1 2972 2975 2977 -1 2972 2977 2973 -1 2972 2958 2975 -1 2958 2961 2975 -1 2974 2978 2976 -1 2974 2960 2979 -1 2974 2979 2978 -1 2960 2962 2979 -1 2967 2980 2981 -1 2967 2966 2980 -1 2981 2980 2982 -1 2981 2982 2983 -1 2981 2983 2984 -1 2981 2984 2985 -1 2967 2981 2985 -1 2967 2985 2968 -1 2971 2547 2986 -1 2547 2559 2986 -1 2559 2987 2986 -1 2559 2558 2987 -1 2980 2986 2987 -1 2980 2987 2982 -1 2980 2966 2986 -1 2966 2971 2986 -1 2552 2973 2988 -1 2552 2988 2989 -1 2552 2989 2565 -1 2565 2989 2564 -1 2977 2990 2991 -1 2977 2976 2990 -1 2991 2990 2992 -1 2991 2992 2993 -1 2988 2991 2993 -1 2988 2993 2989 -1 2988 2973 2991 -1 2973 2977 2991 -1 2990 2994 2992 -1 2990 2976 2995 -1 2990 2995 2994 -1 2976 2978 2995 -1 2983 2996 2997 -1 2983 2982 2996 -1 2997 2996 2998 -1 2997 2998 2999 -1 2997 2999 3000 -1 2997 3000 3001 -1 2983 2997 3001 -1 2983 3001 2984 -1 2987 2558 3002 -1 2558 2571 3002 -1 2571 3003 3002 -1 2571 2570 3003 -1 2996 3002 3003 -1 2996 3003 2998 -1 2996 2982 3002 -1 2982 2987 3002 -1 2564 2989 3004 -1 2564 3004 2574 -1 2993 3005 3006 -1 2993 2992 3005 -1 3006 3005 3007 -1 2574 3006 3007 -1 2574 3007 2577 -1 2574 3004 3006 -1 3004 2989 3006 -1 2989 2993 3006 -1 3005 3008 3007 -1 3005 2992 3009 -1 3005 3009 3008 -1 2992 2994 3009 -1 2999 3010 3011 -1 2999 2998 3010 -1 3011 3010 3012 -1 3011 3012 3013 -1 3011 3013 3014 -1 3011 3014 3015 -1 2999 3011 3015 -1 2999 3015 3000 -1 3003 2570 3016 -1 2570 2582 3016 -1 2582 3017 3016 -1 2582 2581 3017 -1 3010 3016 3017 -1 3010 3017 3012 -1 3010 2998 3016 -1 2998 3003 3016 -1 2577 3007 3018 -1 2577 3018 3019 -1 2577 3019 2587 -1 2587 3019 2586 -1 3018 3020 3019 -1 3018 3007 3021 -1 3018 3021 3020 -1 3007 3008 3021 -1 3022 3023 3024 -1 3022 3024 3025 -1 3022 3025 3026 -1 3022 3026 3027 -1 3022 3027 3028 -1 3022 3028 3023 -1 3013 3029 3030 -1 3013 3012 3029 -1 3030 3029 3031 -1 3030 3031 3032 -1 3024 3030 3032 -1 3024 3032 3025 -1 3024 3033 3030 -1 3024 3023 3033 -1 3013 3030 3033 -1 3013 3033 3014 -1 3017 2581 3034 -1 2581 2591 3034 -1 2591 3035 3034 -1 2591 2590 3035 -1 3029 3034 3035 -1 3029 3035 3031 -1 3029 3012 3034 -1 3012 3017 3034 -1 2586 3019 3036 -1 2586 3036 3037 -1 2586 3037 2595 -1 2595 3037 2594 -1 3038 3039 3040 -1 3038 3040 3041 -1 3038 3041 3042 -1 3036 3038 3042 -1 3036 3042 3037 -1 3036 3019 3038 -1 3019 3039 3038 -1 3019 3020 3039 -1 3040 3043 3041 -1 3040 3039 3043 -1 3026 3044 3045 -1 3026 3025 3044 -1 3045 3044 3046 -1 3045 3046 3047 -1 3045 3047 3048 -1 3045 3048 3049 -1 3026 3045 3049 -1 3026 3049 3027 -1 3032 3050 3051 -1 3032 3031 3050 -1 2602 3051 3050 -1 2602 3050 2597 -1 2602 3052 3051 -1 2602 2601 3052 -1 3044 3051 3052 -1 3044 3052 3046 -1 3044 3025 3051 -1 3025 3032 3051 -1 3035 2590 3053 -1 2590 2605 3053 -1 2605 2597 3053 -1 2597 3050 3053 -1 3050 3031 3053 -1 3031 3035 3053 -1 2594 3037 3054 -1 2594 3054 3055 -1 2594 3055 2609 -1 2609 3055 2608 -1 3042 3056 3057 -1 3042 3041 3056 -1 3057 3056 3058 -1 3057 3058 3059 -1 3054 3057 3059 -1 3054 3059 3055 -1 3054 3037 3057 -1 3037 3042 3057 -1 3056 3060 3058 -1 3056 3041 3061 -1 3056 3061 3060 -1 3041 3043 3061 -1 3062 3063 3064 -1 3062 3064 3065 -1 3062 3065 3066 -1 3062 3066 3067 -1 3062 3067 3068 -1 3062 3068 3063 -1 3047 3069 3070 -1 3047 3046 3069 -1 3070 3069 3071 -1 3070 3071 3072 -1 3064 3070 3072 -1 3064 3072 3065 -1 3064 3073 3070 -1 3064 3063 3073 -1 3047 3070 3073 -1 3047 3073 3048 -1 3052 2601 3074 -1 2601 2615 3074 -1 2615 3075 3074 -1 2615 2614 3075 -1 3069 3074 3075 -1 3069 3075 3071 -1 3069 3046 3074 -1 3046 3052 3074 -1 2608 3055 3076 -1 2608 3076 2618 -1 3059 3077 3078 -1 3059 3058 3077 -1 3078 3077 3079 -1 2618 3078 3079 -1 2618 3079 2621 -1 2618 3076 3078 -1 3076 3055 3078 -1 3055 3059 3078 -1 3080 3081 3082 -1 3080 3082 3083 -1 3080 3083 3084 -1 3077 3080 3084 -1 3077 3084 3079 -1 3077 3058 3080 -1 3058 3081 3080 -1 3058 3060 3081 -1 3085 3086 3087 -1 3085 3087 3088 -1 3085 3088 3089 -1 3082 3085 3089 -1 3082 3089 3083 -1 3082 3090 3085 -1 3082 3081 3090 -1 3085 3090 3086 -1 3091 3092 3093 -1 3091 3093 3094 -1 3091 3094 3095 -1 3087 3091 3095 -1 3087 3095 3088 -1 3087 3096 3091 -1 3087 3086 3096 -1 3091 3096 3092 -1 3066 3097 3098 -1 3066 3065 3097 -1 3098 3097 3099 -1 3098 3099 3100 -1 3093 3098 3100 -1 3093 3100 3094 -1 3093 3101 3098 -1 3093 3092 3101 -1 3066 3098 3101 -1 3066 3101 3067 -1 3072 3102 3103 -1 3072 3071 3102 -1 3103 3102 3104 -1 3103 3104 3105 -1 3097 3103 3105 -1 3097 3105 3099 -1 3097 3065 3103 -1 3065 3072 3103 -1 3075 2614 3106 -1 2614 2627 3106 -1 2627 3107 3106 -1 2627 2626 3107 -1 3102 3106 3107 -1 3102 3107 3104 -1 3102 3071 3106 -1 3071 3075 3106 -1 2621 3079 3108 -1 2621 3108 3109 -1 2621 3109 2633 -1 2633 3109 2632 -1 3084 3110 3111 -1 3084 3083 3110 -1 3111 3110 3112 -1 3111 3112 3113 -1 3108 3111 3113 -1 3108 3113 3109 -1 3108 3079 3111 -1 3079 3084 3111 -1 3089 3114 3115 -1 3089 3088 3114 -1 3115 3114 3116 -1 3115 3116 3117 -1 3110 3115 3117 -1 3110 3117 3112 -1 3110 3083 3115 -1 3083 3089 3115 -1 3095 3118 3119 -1 3095 3094 3118 -1 3119 3118 3120 -1 3119 3120 3121 -1 3114 3119 3121 -1 3114 3121 3116 -1 3114 3088 3119 -1 3088 3095 3119 -1 3100 3122 3123 -1 3100 3099 3122 -1 3123 3122 3124 -1 3123 3124 3125 -1 3118 3123 3125 -1 3118 3125 3120 -1 3118 3094 3123 -1 3094 3100 3123 -1 3105 3126 3127 -1 3105 3104 3126 -1 3127 3126 3128 -1 3127 3128 3129 -1 3122 3127 3129 -1 3122 3129 3124 -1 3122 3099 3127 -1 3099 3105 3127 -1 3107 2626 3130 -1 2626 2639 3130 -1 2639 3131 3130 -1 2639 2638 3131 -1 3126 3130 3131 -1 3126 3131 3128 -1 3126 3104 3130 -1 3104 3107 3130 -1 2632 3109 3132 -1 2632 3132 2645 -1 3113 3133 3134 -1 3113 3112 3133 -1 3134 3133 3135 -1 2645 3134 3135 -1 2645 3135 2649 -1 2645 3132 3134 -1 3132 3109 3134 -1 3109 3113 3134 -1 3117 3136 3137 -1 3117 3116 3136 -1 3137 3136 3138 -1 3137 3138 3139 -1 3133 3137 3139 -1 3133 3139 3135 -1 3133 3112 3137 -1 3112 3117 3137 -1 3121 3140 3141 -1 3121 3120 3140 -1 3141 3140 3142 -1 3141 3142 3143 -1 3136 3141 3143 -1 3136 3143 3138 -1 3136 3116 3141 -1 3116 3121 3141 -1 3125 3144 3145 -1 3125 3124 3144 -1 3145 3144 3146 -1 3145 3146 3147 -1 3140 3145 3147 -1 3140 3147 3142 -1 3140 3120 3145 -1 3120 3125 3145 -1 3129 3148 3149 -1 3129 3128 3148 -1 2656 3149 3148 -1 2656 3148 2651 -1 2656 3150 3149 -1 2656 2655 3150 -1 3144 3149 3150 -1 3144 3150 3146 -1 3144 3124 3149 -1 3124 3129 3149 -1 3131 2638 3151 -1 2638 2661 3151 -1 2661 2651 3151 -1 2651 3148 3151 -1 3148 3128 3151 -1 3128 3131 3151 -1 2649 3135 3152 -1 2649 3152 3153 -1 2649 3153 2671 -1 2671 3153 2670 -1 3139 3154 3155 -1 3139 3138 3154 -1 3155 3154 3156 -1 3155 3156 3157 -1 3152 3155 3157 -1 3152 3157 3153 -1 3152 3135 3155 -1 3135 3139 3155 -1 3143 3158 3159 -1 3143 3142 3158 -1 3159 3158 3160 -1 3159 3160 3161 -1 3154 3159 3161 -1 3154 3161 3156 -1 3154 3138 3159 -1 3138 3143 3159 -1 3147 3162 3163 -1 3147 3146 3162 -1 2678 3163 3162 -1 2678 3162 2673 -1 2678 3164 3163 -1 2678 2677 3164 -1 3158 3163 3164 -1 3158 3164 3160 -1 3158 3142 3163 -1 3142 3147 3163 -1 3150 2655 3165 -1 2655 2683 3165 -1 2683 2673 3165 -1 2673 3162 3165 -1 3162 3146 3165 -1 3146 3150 3165 -1 2670 3153 3166 -1 2670 3166 2697 -1 3157 3167 3168 -1 3157 3156 3167 -1 2706 3168 3167 -1 2706 3167 2702 -1 2706 2697 3168 -1 2697 3166 3168 -1 3166 3153 3168 -1 3153 3157 3168 -1 3161 3169 3170 -1 3161 3160 3169 -1 2712 3170 3169 -1 2712 3169 2708 -1 2712 2702 3170 -1 2702 3167 3170 -1 3167 3156 3170 -1 3156 3161 3170 -1 3164 2677 3171 -1 2677 2717 3171 -1 2717 2708 3171 -1 2708 3169 3171 -1 3169 3160 3171 -1 3160 3164 3171 -1 2828 2825 3172 -1 2828 3172 2827 -1 2830 2829 3173 -1 2830 3173 3174 -1 2830 3174 2825 -1 2825 3174 3172 -1 2832 2831 3175 -1 2832 3175 3176 -1 2832 3176 2829 -1 2829 3176 3173 -1 2834 2833 3177 -1 2834 3177 3178 -1 2834 3178 2831 -1 2831 3178 3175 -1 2833 2838 3179 -1 2833 3179 3177 -1 2844 2840 3180 -1 2844 3180 2843 -1 2827 3172 3181 -1 2827 3181 3182 -1 2827 3182 2845 -1 2845 3182 2840 -1 2840 3183 3180 -1 2840 3182 3183 -1 3182 3184 3183 -1 3182 3181 3184 -1 3174 3173 3185 -1 3172 3186 3181 -1 3172 3174 3185 -1 3172 3185 3186 -1 3176 3175 3187 -1 3173 3188 3185 -1 3173 3176 3187 -1 3173 3187 3188 -1 3178 3177 3189 -1 3175 3190 3187 -1 3175 3178 3189 -1 3175 3189 3190 -1 3179 2838 3191 -1 2838 3192 3191 -1 2838 2846 3192 -1 3191 3192 3193 -1 3191 3193 3194 -1 3177 3191 3194 -1 3177 3194 3189 -1 3177 3179 3191 -1 2846 2849 3195 -1 2846 3195 3192 -1 2843 3180 3196 -1 2843 3196 3197 -1 2843 3197 2853 -1 2853 3197 2852 -1 3196 3198 3197 -1 3196 3180 3199 -1 3196 3199 3198 -1 3180 3183 3199 -1 3193 3200 3201 -1 3193 3192 3200 -1 3201 3200 3202 -1 3201 3202 3203 -1 3201 3203 3204 -1 3201 3204 3205 -1 3193 3201 3205 -1 3193 3205 3194 -1 3195 2849 3206 -1 2849 2858 3206 -1 2858 3207 3206 -1 2858 2857 3207 -1 3200 3206 3207 -1 3200 3207 3202 -1 3200 3192 3206 -1 3192 3195 3206 -1 2852 3197 3208 -1 2852 3208 3209 -1 2852 3209 2863 -1 2863 3210 2862 -1 2863 3209 3210 -1 3209 3211 3210 -1 3209 3212 3211 -1 3209 3208 3212 -1 3197 3213 3208 -1 3197 3198 3213 -1 3203 3202 3214 -1 3203 3214 3204 -1 3207 2857 3215 -1 2857 2869 3215 -1 2869 3216 3215 -1 2869 2868 3216 -1 3215 3216 3217 -1 3202 3215 3217 -1 3202 3217 3214 -1 3202 3207 3215 -1 3210 3218 2862 -1 2862 3218 2875 -1 2875 3219 2874 -1 2875 3218 3219 -1 3218 3220 3219 -1 3218 3221 3220 -1 3210 3211 3221 -1 3210 3221 3218 -1 3216 2868 3222 -1 2868 2881 3222 -1 2881 3223 3222 -1 2881 2880 3223 -1 3222 3223 3224 -1 3222 3224 3225 -1 3216 3222 3225 -1 3216 3225 3217 -1 3219 3226 3227 -1 3219 3227 2874 -1 2874 3227 3228 -1 2874 3228 2887 -1 2887 3228 2886 -1 3219 3220 3226 -1 3227 3229 3228 -1 3227 3226 3229 -1 3230 3231 3232 -1 3230 3232 3233 -1 3230 3233 3234 -1 3230 3234 3235 -1 3230 3235 3236 -1 3230 3236 3231 -1 3223 2880 3237 -1 2880 2893 3237 -1 2893 3238 3237 -1 2893 2892 3238 -1 3232 3237 3238 -1 3232 3238 3233 -1 3232 3239 3237 -1 3232 3231 3239 -1 3223 3237 3239 -1 3223 3239 3224 -1 2886 3228 3240 -1 2886 3240 3241 -1 2886 3241 2899 -1 2899 3241 2898 -1 3240 3242 3241 -1 3240 3228 3243 -1 3240 3243 3242 -1 3228 3229 3243 -1 3234 3244 3245 -1 3234 3233 3244 -1 3245 3244 3246 -1 3245 3246 3247 -1 3245 3247 3248 -1 3245 3248 3249 -1 3234 3245 3249 -1 3234 3249 3235 -1 3238 2892 3250 -1 2892 2905 3250 -1 2905 3251 3250 -1 2905 2904 3251 -1 3244 3250 3251 -1 3244 3251 3246 -1 3244 3233 3250 -1 3233 3238 3250 -1 2898 3241 3252 -1 2898 3252 2908 -1 3253 3254 3255 -1 3253 3255 3256 -1 2908 3253 3256 -1 2908 3256 2911 -1 2908 3252 3253 -1 3252 3241 3253 -1 3241 3254 3253 -1 3241 3242 3254 -1 3257 3258 3259 -1 3257 3259 3260 -1 3257 3260 3261 -1 3255 3257 3261 -1 3255 3261 3256 -1 3255 3262 3257 -1 3255 3254 3262 -1 3257 3262 3258 -1 3263 3264 3265 -1 3263 3265 3266 -1 3263 3266 3267 -1 3259 3263 3267 -1 3259 3267 3260 -1 3259 3268 3263 -1 3259 3258 3268 -1 3263 3268 3264 -1 3269 3270 3271 -1 3269 3271 3272 -1 3269 3272 3273 -1 3265 3269 3273 -1 3265 3273 3266 -1 3265 3274 3269 -1 3265 3264 3274 -1 3269 3274 3270 -1 3247 3275 3276 -1 3247 3246 3275 -1 3276 3275 3277 -1 3276 3277 3278 -1 3271 3276 3278 -1 3271 3278 3272 -1 3271 3279 3276 -1 3271 3270 3279 -1 3247 3276 3279 -1 3247 3279 3248 -1 3251 2904 3280 -1 2904 2917 3280 -1 2917 3281 3280 -1 2917 2916 3281 -1 3275 3280 3281 -1 3275 3281 3277 -1 3275 3246 3280 -1 3246 3251 3280 -1 2911 3256 3282 -1 2911 3282 3283 -1 2911 3283 2923 -1 2923 3283 2922 -1 3261 3284 3285 -1 3261 3260 3284 -1 3285 3284 3286 -1 3285 3286 3287 -1 3282 3285 3287 -1 3282 3287 3283 -1 3282 3256 3285 -1 3256 3261 3285 -1 3267 3288 3289 -1 3267 3266 3288 -1 3289 3288 3290 -1 3289 3290 3291 -1 3284 3289 3291 -1 3284 3291 3286 -1 3284 3260 3289 -1 3260 3267 3289 -1 3273 3292 3293 -1 3273 3272 3292 -1 3293 3292 3294 -1 3293 3294 3295 -1 3288 3293 3295 -1 3288 3295 3290 -1 3288 3266 3293 -1 3266 3273 3293 -1 3278 3296 3297 -1 3278 3277 3296 -1 3297 3296 3298 -1 3297 3298 3299 -1 3292 3297 3299 -1 3292 3299 3294 -1 3292 3272 3297 -1 3272 3278 3297 -1 3281 2916 3300 -1 2916 2929 3300 -1 2929 3301 3300 -1 2929 2928 3301 -1 3296 3300 3301 -1 3296 3301 3298 -1 3296 3277 3300 -1 3277 3281 3300 -1 2922 3283 3302 -1 2922 3302 3303 -1 2922 3303 2935 -1 2935 3303 2934 -1 3287 3304 3305 -1 3287 3286 3304 -1 3305 3304 3306 -1 3305 3306 3307 -1 3302 3305 3307 -1 3302 3307 3303 -1 3302 3283 3305 -1 3283 3287 3305 -1 3291 3308 3309 -1 3291 3290 3308 -1 3309 3308 3310 -1 3309 3310 3311 -1 3304 3309 3311 -1 3304 3311 3306 -1 3304 3286 3309 -1 3286 3291 3309 -1 3295 3312 3313 -1 3295 3294 3312 -1 3313 3312 3314 -1 3313 3314 3315 -1 3308 3313 3315 -1 3308 3315 3310 -1 3308 3290 3313 -1 3290 3295 3313 -1 3299 3316 3317 -1 3299 3298 3316 -1 3317 3316 3318 -1 3317 3318 3319 -1 3312 3317 3319 -1 3312 3319 3314 -1 3312 3294 3317 -1 3294 3299 3317 -1 3301 2928 3320 -1 2928 2941 3320 -1 2941 3321 3320 -1 2941 2940 3321 -1 3316 3320 3321 -1 3316 3321 3318 -1 3316 3298 3320 -1 3298 3301 3320 -1 2934 3303 3322 -1 2934 3322 3323 -1 2934 3323 2949 -1 2949 3323 2948 -1 3307 3324 3325 -1 3307 3306 3324 -1 3325 3324 3326 -1 3325 3326 3327 -1 3322 3325 3327 -1 3322 3327 3323 -1 3322 3303 3325 -1 3303 3307 3325 -1 3311 3328 3329 -1 3311 3310 3328 -1 3329 3328 3330 -1 3329 3330 3331 -1 3324 3329 3331 -1 3324 3331 3326 -1 3324 3306 3329 -1 3306 3311 3329 -1 3315 3332 3333 -1 3315 3314 3332 -1 3333 3332 3334 -1 3333 3334 3335 -1 3328 3333 3335 -1 3328 3335 3330 -1 3328 3310 3333 -1 3310 3315 3333 -1 3319 3336 3337 -1 3319 3318 3336 -1 3337 3336 3338 -1 3337 3338 3339 -1 3332 3337 3339 -1 3332 3339 3334 -1 3332 3314 3337 -1 3314 3319 3337 -1 3321 2940 3340 -1 2940 3341 3340 -1 2940 2950 3341 -1 3340 3341 3342 -1 3336 3340 3342 -1 3336 3342 3338 -1 3336 3318 3340 -1 3318 3321 3340 -1 2950 2955 3343 -1 2950 3343 3341 -1 2948 3323 3344 -1 2948 3344 3345 -1 2948 3345 2963 -1 2963 3345 2962 -1 3327 3346 3347 -1 3327 3326 3346 -1 3347 3346 3348 -1 3347 3348 3349 -1 3344 3347 3349 -1 3344 3349 3345 -1 3344 3323 3347 -1 3323 3327 3347 -1 3331 3350 3351 -1 3331 3330 3350 -1 3351 3350 3352 -1 3351 3352 3353 -1 3346 3351 3353 -1 3346 3353 3348 -1 3346 3326 3351 -1 3326 3331 3351 -1 3335 3354 3355 -1 3335 3334 3354 -1 3355 3354 3356 -1 3355 3356 3357 -1 3350 3355 3357 -1 3350 3357 3352 -1 3350 3330 3355 -1 3330 3335 3355 -1 3339 3358 3359 -1 3339 3338 3358 -1 3359 3358 3360 -1 3359 3360 3361 -1 3354 3359 3361 -1 3354 3361 3356 -1 3354 3334 3359 -1 3334 3339 3359 -1 3342 3362 3363 -1 3342 3341 3362 -1 3363 3362 3364 -1 3363 3364 3365 -1 3358 3363 3365 -1 3358 3365 3360 -1 3358 3338 3363 -1 3338 3342 3363 -1 3343 2955 3366 -1 2955 2969 3366 -1 2969 3367 3366 -1 2969 2968 3367 -1 3362 3366 3367 -1 3362 3367 3364 -1 3362 3341 3366 -1 3341 3343 3366 -1 2962 3345 3368 -1 2962 3368 3369 -1 2962 3369 2979 -1 2979 3369 2978 -1 3349 3370 3371 -1 3349 3348 3370 -1 3371 3370 3372 -1 3371 3372 3373 -1 3368 3371 3373 -1 3368 3373 3369 -1 3368 3345 3371 -1 3345 3349 3371 -1 3353 3374 3375 -1 3353 3352 3374 -1 3375 3374 3376 -1 3375 3376 3377 -1 3370 3375 3377 -1 3370 3377 3372 -1 3370 3348 3375 -1 3348 3353 3375 -1 3357 3378 3379 -1 3357 3356 3378 -1 3379 3378 3380 -1 3379 3380 3381 -1 3374 3379 3381 -1 3374 3381 3376 -1 3374 3352 3379 -1 3352 3357 3379 -1 3361 3382 3383 -1 3361 3360 3382 -1 3383 3382 3384 -1 3383 3384 3385 -1 3378 3383 3385 -1 3378 3385 3380 -1 3378 3356 3383 -1 3356 3361 3383 -1 3365 3386 3387 -1 3365 3364 3386 -1 3387 3386 3388 -1 3387 3388 3389 -1 3382 3387 3389 -1 3382 3389 3384 -1 3382 3360 3387 -1 3360 3365 3387 -1 3367 2968 3390 -1 2968 2985 3390 -1 2985 3391 3390 -1 2985 2984 3391 -1 3386 3390 3391 -1 3386 3391 3388 -1 3386 3364 3390 -1 3364 3367 3390 -1 2978 3369 3392 -1 2978 3392 3393 -1 2978 3393 2995 -1 2995 3393 2994 -1 3373 3394 3395 -1 3373 3372 3394 -1 3395 3394 3396 -1 3395 3396 3397 -1 3392 3395 3397 -1 3392 3397 3393 -1 3392 3369 3395 -1 3369 3373 3395 -1 3377 3398 3399 -1 3377 3376 3398 -1 3399 3398 3400 -1 3399 3400 3401 -1 3394 3399 3401 -1 3394 3401 3396 -1 3394 3372 3399 -1 3372 3377 3399 -1 3381 3402 3403 -1 3381 3380 3402 -1 3403 3402 3404 -1 3403 3404 3405 -1 3398 3403 3405 -1 3398 3405 3400 -1 3398 3376 3403 -1 3376 3381 3403 -1 3385 3406 3407 -1 3385 3384 3406 -1 3407 3406 3408 -1 3407 3408 3409 -1 3402 3407 3409 -1 3402 3409 3404 -1 3402 3380 3407 -1 3380 3385 3407 -1 3389 3410 3411 -1 3389 3388 3410 -1 3411 3410 3412 -1 3411 3412 3413 -1 3406 3411 3413 -1 3406 3413 3408 -1 3406 3384 3411 -1 3384 3389 3411 -1 3391 2984 3414 -1 2984 3001 3414 -1 3001 3415 3414 -1 3001 3000 3415 -1 3410 3414 3415 -1 3410 3415 3412 -1 3410 3388 3414 -1 3388 3391 3414 -1 2994 3393 3416 -1 2994 3416 3417 -1 2994 3417 3009 -1 3009 3417 3008 -1 3397 3418 3419 -1 3397 3396 3418 -1 3419 3418 3420 -1 3419 3420 3421 -1 3416 3419 3421 -1 3416 3421 3417 -1 3416 3393 3419 -1 3393 3397 3419 -1 3401 3422 3423 -1 3401 3400 3422 -1 3423 3422 3424 -1 3423 3424 3425 -1 3418 3423 3425 -1 3418 3425 3420 -1 3418 3396 3423 -1 3396 3401 3423 -1 3405 3426 3427 -1 3405 3404 3426 -1 3427 3426 3428 -1 3427 3428 3429 -1 3422 3427 3429 -1 3422 3429 3424 -1 3422 3400 3427 -1 3400 3405 3427 -1 3409 3430 3431 -1 3409 3408 3430 -1 3431 3430 3432 -1 3431 3432 3433 -1 3426 3431 3433 -1 3426 3433 3428 -1 3426 3404 3431 -1 3404 3409 3431 -1 3413 3434 3435 -1 3413 3412 3434 -1 3435 3434 3436 -1 3435 3436 3437 -1 3430 3435 3437 -1 3430 3437 3432 -1 3430 3408 3435 -1 3408 3413 3435 -1 3415 3000 3438 -1 3000 3015 3438 -1 3015 3439 3438 -1 3015 3014 3439 -1 3434 3438 3439 -1 3434 3439 3436 -1 3434 3412 3438 -1 3412 3415 3438 -1 3008 3417 3440 -1 3008 3440 3441 -1 3008 3441 3021 -1 3021 3441 3020 -1 3421 3442 3443 -1 3421 3420 3442 -1 3443 3442 3444 -1 3443 3444 3445 -1 3440 3443 3445 -1 3440 3445 3441 -1 3440 3417 3443 -1 3417 3421 3443 -1 3425 3446 3447 -1 3425 3424 3446 -1 3447 3446 3448 -1 3447 3448 3449 -1 3442 3447 3449 -1 3442 3449 3444 -1 3442 3420 3447 -1 3420 3425 3447 -1 3429 3450 3451 -1 3429 3428 3450 -1 3451 3450 3452 -1 3451 3452 3453 -1 3446 3451 3453 -1 3446 3453 3448 -1 3446 3424 3451 -1 3424 3429 3451 -1 3433 3454 3455 -1 3433 3432 3454 -1 3455 3454 3456 -1 3455 3456 3457 -1 3450 3455 3457 -1 3450 3457 3452 -1 3450 3428 3455 -1 3428 3433 3455 -1 3437 3458 3459 -1 3437 3436 3458 -1 3028 3459 3458 -1 3028 3458 3023 -1 3028 3460 3459 -1 3028 3027 3460 -1 3454 3459 3460 -1 3454 3460 3456 -1 3454 3432 3459 -1 3432 3437 3459 -1 3439 3014 3461 -1 3014 3033 3461 -1 3033 3023 3461 -1 3023 3458 3461 -1 3458 3436 3461 -1 3436 3439 3461 -1 3020 3441 3462 -1 3020 3462 3039 -1 3445 3463 3464 -1 3445 3444 3463 -1 3464 3463 3465 -1 3039 3464 3465 -1 3039 3465 3043 -1 3039 3462 3464 -1 3462 3441 3464 -1 3441 3445 3464 -1 3449 3466 3467 -1 3449 3448 3466 -1 3467 3466 3468 -1 3467 3468 3469 -1 3463 3467 3469 -1 3463 3469 3465 -1 3463 3444 3467 -1 3444 3449 3467 -1 3453 3470 3471 -1 3453 3452 3470 -1 3471 3470 3472 -1 3471 3472 3473 -1 3466 3471 3473 -1 3466 3473 3468 -1 3466 3448 3471 -1 3448 3453 3471 -1 3457 3474 3475 -1 3457 3456 3474 -1 3475 3474 3476 -1 3475 3476 3477 -1 3470 3475 3477 -1 3470 3477 3472 -1 3470 3452 3475 -1 3452 3457 3475 -1 3460 3027 3478 -1 3027 3049 3478 -1 3049 3479 3478 -1 3049 3048 3479 -1 3474 3478 3479 -1 3474 3479 3476 -1 3474 3456 3478 -1 3456 3460 3478 -1 3043 3465 3480 -1 3043 3480 3481 -1 3043 3481 3061 -1 3061 3481 3060 -1 3469 3482 3483 -1 3469 3468 3482 -1 3483 3482 3484 -1 3483 3484 3485 -1 3480 3483 3485 -1 3480 3485 3481 -1 3480 3465 3483 -1 3465 3469 3483 -1 3473 3486 3487 -1 3473 3472 3486 -1 3487 3486 3488 -1 3487 3488 3489 -1 3482 3487 3489 -1 3482 3489 3484 -1 3482 3468 3487 -1 3468 3473 3487 -1 3477 3490 3491 -1 3477 3476 3490 -1 3068 3491 3490 -1 3068 3490 3063 -1 3068 3492 3491 -1 3068 3067 3492 -1 3486 3491 3492 -1 3486 3492 3488 -1 3486 3472 3491 -1 3472 3477 3491 -1 3479 3048 3493 -1 3048 3073 3493 -1 3073 3063 3493 -1 3063 3490 3493 -1 3490 3476 3493 -1 3476 3479 3493 -1 3060 3481 3494 -1 3060 3494 3081 -1 3485 3495 3496 -1 3485 3484 3495 -1 3090 3496 3495 -1 3090 3495 3086 -1 3090 3081 3496 -1 3081 3494 3496 -1 3494 3481 3496 -1 3481 3485 3496 -1 3489 3497 3498 -1 3489 3488 3497 -1 3096 3498 3497 -1 3096 3497 3092 -1 3096 3086 3498 -1 3086 3495 3498 -1 3495 3484 3498 -1 3484 3489 3498 -1 3492 3067 3499 -1 3067 3101 3499 -1 3101 3092 3499 -1 3092 3497 3499 -1 3497 3488 3499 -1 3488 3492 3499 -1 3184 3181 3500 -1 3184 3500 3183 -1 3186 3185 3501 -1 3186 3501 3502 -1 3186 3502 3181 -1 3181 3502 3500 -1 3188 3187 3503 -1 3188 3503 3504 -1 3188 3504 3185 -1 3185 3504 3501 -1 3190 3189 3505 -1 3190 3505 3506 -1 3190 3506 3187 -1 3187 3506 3503 -1 3189 3194 3507 -1 3189 3507 3505 -1 3183 3500 3508 -1 3183 3508 3509 -1 3183 3509 3199 -1 3199 3509 3198 -1 3502 3510 3511 -1 3502 3501 3510 -1 3511 3510 3512 -1 3511 3512 3513 -1 3508 3511 3513 -1 3508 3513 3509 -1 3508 3500 3511 -1 3500 3502 3511 -1 3504 3514 3515 -1 3504 3503 3514 -1 3515 3514 3516 -1 3515 3516 3517 -1 3510 3515 3517 -1 3510 3517 3512 -1 3510 3501 3515 -1 3501 3504 3515 -1 3506 3518 3519 -1 3506 3505 3518 -1 3519 3518 3520 -1 3519 3520 3521 -1 3514 3519 3521 -1 3514 3521 3516 -1 3514 3503 3519 -1 3503 3506 3519 -1 3507 3194 3522 -1 3194 3205 3522 -1 3205 3523 3522 -1 3205 3204 3523 -1 3518 3522 3523 -1 3518 3523 3520 -1 3518 3505 3522 -1 3505 3507 3522 -1 3212 3208 3524 -1 3212 3524 3211 -1 3198 3509 3525 -1 3198 3525 3526 -1 3198 3526 3213 -1 3213 3526 3527 -1 3213 3527 3208 -1 3208 3527 3524 -1 3513 3528 3529 -1 3513 3512 3528 -1 3529 3528 3530 -1 3529 3530 3531 -1 3525 3529 3531 -1 3525 3531 3526 -1 3525 3509 3529 -1 3509 3513 3529 -1 3517 3532 3533 -1 3517 3516 3532 -1 3533 3532 3534 -1 3533 3534 3535 -1 3528 3533 3535 -1 3528 3535 3530 -1 3528 3512 3533 -1 3512 3517 3533 -1 3521 3536 3537 -1 3521 3520 3536 -1 3537 3536 3538 -1 3537 3538 3539 -1 3532 3537 3539 -1 3532 3539 3534 -1 3532 3516 3537 -1 3516 3521 3537 -1 3523 3204 3540 -1 3204 3541 3540 -1 3204 3214 3541 -1 3540 3541 3542 -1 3536 3540 3542 -1 3536 3542 3538 -1 3536 3520 3540 -1 3520 3523 3540 -1 3214 3217 3543 -1 3214 3543 3541 -1 3211 3524 3544 -1 3211 3544 3545 -1 3211 3545 3221 -1 3221 3545 3220 -1 3527 3546 3547 -1 3527 3526 3546 -1 3547 3546 3548 -1 3547 3548 3549 -1 3544 3547 3549 -1 3544 3549 3545 -1 3544 3524 3547 -1 3524 3527 3547 -1 3531 3550 3551 -1 3531 3530 3550 -1 3551 3550 3552 -1 3551 3552 3553 -1 3546 3551 3553 -1 3546 3553 3548 -1 3546 3526 3551 -1 3526 3531 3551 -1 3535 3554 3555 -1 3535 3534 3554 -1 3555 3554 3556 -1 3555 3556 3557 -1 3550 3555 3557 -1 3550 3557 3552 -1 3550 3530 3555 -1 3530 3535 3555 -1 3539 3558 3559 -1 3539 3538 3558 -1 3559 3558 3560 -1 3559 3560 3561 -1 3554 3559 3561 -1 3554 3561 3556 -1 3554 3534 3559 -1 3534 3539 3559 -1 3542 3562 3563 -1 3542 3541 3562 -1 3563 3562 3564 -1 3563 3564 3565 -1 3558 3563 3565 -1 3558 3565 3560 -1 3558 3538 3563 -1 3538 3542 3563 -1 3543 3217 3566 -1 3217 3225 3566 -1 3225 3567 3566 -1 3225 3224 3567 -1 3562 3566 3567 -1 3562 3567 3564 -1 3562 3541 3566 -1 3541 3543 3566 -1 3220 3545 3568 -1 3220 3568 3226 -1 3549 3569 3570 -1 3549 3548 3569 -1 3570 3569 3571 -1 3226 3570 3571 -1 3226 3571 3229 -1 3226 3568 3570 -1 3568 3545 3570 -1 3545 3549 3570 -1 3553 3572 3573 -1 3553 3552 3572 -1 3573 3572 3574 -1 3573 3574 3575 -1 3569 3573 3575 -1 3569 3575 3571 -1 3569 3548 3573 -1 3548 3553 3573 -1 3557 3576 3577 -1 3557 3556 3576 -1 3577 3576 3578 -1 3577 3578 3579 -1 3572 3577 3579 -1 3572 3579 3574 -1 3572 3552 3577 -1 3552 3557 3577 -1 3561 3580 3581 -1 3561 3560 3580 -1 3581 3580 3582 -1 3581 3582 3583 -1 3576 3581 3583 -1 3576 3583 3578 -1 3576 3556 3581 -1 3556 3561 3581 -1 3565 3584 3585 -1 3565 3564 3584 -1 3236 3585 3584 -1 3236 3584 3231 -1 3236 3586 3585 -1 3236 3235 3586 -1 3580 3585 3586 -1 3580 3586 3582 -1 3580 3560 3585 -1 3560 3565 3585 -1 3567 3224 3587 -1 3224 3239 3587 -1 3239 3231 3587 -1 3231 3584 3587 -1 3584 3564 3587 -1 3564 3567 3587 -1 3229 3571 3588 -1 3229 3588 3589 -1 3229 3589 3243 -1 3243 3589 3242 -1 3575 3590 3591 -1 3575 3574 3590 -1 3591 3590 3592 -1 3591 3592 3593 -1 3588 3591 3593 -1 3588 3593 3589 -1 3588 3571 3591 -1 3571 3575 3591 -1 3579 3594 3595 -1 3579 3578 3594 -1 3595 3594 3596 -1 3595 3596 3597 -1 3590 3595 3597 -1 3590 3597 3592 -1 3590 3574 3595 -1 3574 3579 3595 -1 3583 3598 3599 -1 3583 3582 3598 -1 3599 3598 3600 -1 3599 3600 3601 -1 3594 3599 3601 -1 3594 3601 3596 -1 3594 3578 3599 -1 3578 3583 3599 -1 3586 3235 3602 -1 3235 3249 3602 -1 3249 3603 3602 -1 3249 3248 3603 -1 3598 3602 3603 -1 3598 3603 3600 -1 3598 3582 3602 -1 3582 3586 3602 -1 3242 3589 3604 -1 3242 3604 3254 -1 3593 3605 3606 -1 3593 3592 3605 -1 3262 3606 3605 -1 3262 3605 3258 -1 3262 3254 3606 -1 3254 3604 3606 -1 3604 3589 3606 -1 3589 3593 3606 -1 3597 3607 3608 -1 3597 3596 3607 -1 3268 3608 3607 -1 3268 3607 3264 -1 3268 3258 3608 -1 3258 3605 3608 -1 3605 3592 3608 -1 3592 3597 3608 -1 3601 3609 3610 -1 3601 3600 3609 -1 3274 3610 3609 -1 3274 3609 3270 -1 3274 3264 3610 -1 3264 3607 3610 -1 3607 3596 3610 -1 3596 3601 3610 -1 3603 3248 3611 -1 3248 3279 3611 -1 3279 3270 3611 -1 3270 3609 3611 -1 3609 3600 3611 -1 3600 3603 3611 -1 ] } }
